,artist_name,album_name
0,The Mowgli's,Waiting For The Dawn
1,Calvin Harris,18 Months
2,Lana Del Rey,Born To Die - The Paradise Edition
4,Empire Of The Sun,Walking On A Dream
5,James Arthur,Impossible
6,M83,Saturdays = Youth
7,Red Hot Chili Peppers,Mother's Milk
8,Röyksopp,Happy Up Here
9,Justice,Phantom
10,Two Door Cinema Club,The Kitsuné Special Edition #3 (Kitsuné Maison 14: The Absinthe Edition + Gildas Kitsuné Club Night Mix #3)
11,M83,"Hurry Up, We're Dreaming"
12,Emeli Sandé,Our Version Of Events
13,Arctic Monkeys,Do I Wanna Know?
14,MGMT,Oracular Spectacular
19,Passion Pit,Gossamer
20,Frank Ocean,channel ORANGE
22,John Mayer,Paper Doll
23,John Mayer,7th Street
25,John Mayer,Gravity
26,John Mayer,Say
27,John Mayer,Waiting On The World To Change
29,John Mayer,Daughters
31,John Mayer,Where the Light Is: John Mayer Live In Los Angeles
33,John Mayer,Battle Studies
35,John Mayer,Born and Raised
37,John Mayer,Room For Squares
42,Tracy Chapman,"Fast Folk Musical Magazine (Vol. 3, No. 4) Boston One"
43,Lana Del Rey,Young And Beautiful
46,Coldplay,Mylo Xyloto
48,Coldplay,X&Y
49,Coldplay,Parachutes
50,Coldplay,A Rush of Blood to the Head
53,The Kooks,Inside In / Inside Out
66,Imagine Dragons,Night Visions
67,Neon Trees,Habits
69,The Script,#3 Deluxe Version
72,U2,U218 Singles
73,U2,How To Dismantle An Atomic Bomb
76,U2,The Best Of 1990-2000
77,The Killers,Hot Fuss
79,Radiohead,The Best Of
80,Radiohead,OK Computer
81,Florence + The Machine,Breath Of Life
82,The xx,xx
83,The xx,Coexist
86,Justin Timberlake,The 20/20 Experience (Deluxe Version)
97,Passion Pit,Manners
98,Josh Krajcik,Josh Krajcik - EP
100,Lifehouse,Almeria
105,John Mayer,No Such Thing
108,John Mayer,Any Given Thursday
109,John Mayer,"As/Is: Live In Cleveland/Cincinnati, OH - 8/03-8/04/04"
110,John Mayer,As/Is - Live
120,The Killers,Battle Born
121,The Coral,Cheap Date
123,Gotye,Making Mirrors
124,The Lumineers,The Lumineers
126,The Temper Trap,The Temper Trap
127,The Head And The Heart,The Head and the Heart
129,AWOLNATION,Megalithic Symphony
130,Florence + The Machine,MTV Presents Unplugged: Florence + The Machine
131,Of Monsters and Men,My Head Is An Animal
133,Edward Sharpe & The Magnetic Zeros,Here
138,Ben Howard,Every Kingdom
139,The Civil Wars,Barton Hollow
141,Florence + The Machine,Ceremonials
146,King Charles,LoveBlood
148,Alex Clare,The Lateness Of the Hour
149,WALK THE MOON,Walk The Moon
152,James Morrison,Undiscovered
153,Maroon 5,Songs About Jane
154,Lana Del Rey,Paradise
156,Gary Allan,Every Storm (Runs Out Of Rain)
157,Foo Fighters,Wheels
158,Kings of Leon,Only By The Night
160,No Doubt,The Singles Collection
161,The Kooks,Konk
162,OK Go,Here It Goes Again
163,Gorillaz,Demon Days
164,The Killers,Sawdust
165,The Strokes,Is This It
166,The Fratellis,Costello Music
167,Snow Patrol,Eyes Open
168,Thirty Seconds To Mars,This Is War
169,Coldplay,Violet Hill
171,Phantom Planet,Tormentoni TV
172,The Postal Service,Give Up
175,Keane,Pure Rock Ballads
176,Kings of Leon,Because Of The Times
177,Vampire Weekend,Vampire Weekend
179,The Verve,This Is Music: The Singles 92-98
180,New Radicals,Maybe You've Been Brainwashed Too
181,Foo Fighters,Greatest Hits
182,The Smashing Pumpkins,Aeroplane Flies High
183,Lily Allen,"Alright, Still"
185,Parachute Youth,Can’t Get Better Than This
186,Karmon,Feel It EP
187,Stevie Ray Vaughan,The Best Of
188,Freddie King,The Best Of Freddie King: The Shelter Years
189,Ted Nugent,The Essential Ted Nugent
190,James Gang,20th Century Masters: The Millennium Collection: Best Of Joe Walsh
191,Arctic Monkeys,When The Sun Goes Down
192,Blur,Blur: The Best Of
193,The Shins,Wincing The Night Away
194,The Strokes,Room On Fire
195,Mystery Jets,Twenty One
197,Bloc Party,Bloc Party EP
198,The Neighbourhood,I Love You.
199,The Neighbourhood,I'm Sorry...
200,Funeral Suits,Lily of the Valley
201,Blondfire,My Someday
202,JR JR,It's a Corporate World
203,Ra Ra Riot,Ra Ra Riot
204,Discovery,LP
205,Atlas Genius,Through the Glass EP
206,Young Wonder,Young Wonder
207,The Beatles Recovered Band,30 Beatles Top Hits
209,John Mayer,Continuum
210,James Blunt,Moon Landing
211,John Mayer,XO
212,Counting Crows,August And Everything After
213,Maroon 5,Overexposed
216,Bon Jovi,Slippery When Wet
217,Tom Petty,Full Moon Fever
218,Queen,A Night At The Opera
219,Linkin Park,Meteora
220,Nirvana,In Utero
221,The Rolling Stones,Tattoo You
222,Aerosmith,The Essential Aerosmith
223,Germán Montero,La Historia De Los Éxitos
224,Gerardo Ortiz,Archivos de Mi Vida
225,TV On The Radio,Nine Types of Light
226,Free,Gods Of Guitar
227,The Who,Tommy
228,Iggy Pop,A Million In Prizes: Iggy Pop Anthology
229,The Black Crowes,Shake Your Money Maker
230,Bachman-Turner Overdrive,Gold
231,The Who,Who's Next
232,Black Sabbath,Reunion
233,Pink Floyd,The Dark Side Of The Moon
234,Cream,Disraeli Gears
237,Boston,Boston
238,The Rolling Stones,Sticky Fingers
239,Jimi Hendrix,Electric Ladyland
242,Jimi Hendrix,Are You Experienced
243,Jimi Hendrix,Valleys Of Neptune
244,Jimi Hendrix,Winterland
245,Jimi Hendrix,Live At Monterey
247,Jimi Hendrix,"People, Hell & Angels"
249,Jimi Hendrix,Miami Pop Festival
259,Bob Dylan,Bringing It All Back Home
265,The Rolling Stones,Can't You Hear Me Knocking
269,The Rolling Stones,Exile On Main St
272,The Rolling Stones,England's Newest Hit Makers
278,The Rolling Stones,Some Girls
280,The Rolling Stones,Get Yer Ya-Ya's Out! The Rolling Stones In Concert
281,The Rolling Stones,Exile On Main Street
282,The Rolling Stones,The Rolling Stones
292,Nine Inch Nails,Ghosts I-IV
293,Sun Kil Moon,On Tour: A Documentary - The Soundtrack
294,Survivor,Rocky IV
295,Radiohead,The Bends
296,The Beach Boys,Smiley Smile
297,Nicholas Payton,Payton's Place
298,Eric Dolphy,Out To Lunch
299,Luther Allison,Songs From The Road
300,Frank Sinatra,Nothing But The Best
301,Jacky Terrasson,Smile
302,Johnny Hodges & His Orchestra,Not So Dukish
303,Brad Mehldau,Introducing Brad Mehldau
304,Stan Getz,Recorded Fall '61
305,Joe Lovano,Landmarks
308,John Lennon,Imagine
309,George Harrison,Carl Perkins & Friends
310,Ringo Starr,Live On Tour
311,Cannonball Adderley,Somethin' Else
312,Charlie Parker,Charlie Parker With Strings: Complete Master Takes
313,Duke Ellington,Duke Ellington & John Coltrane
316,Charlie Parker,Bird of Paradise
317,Sonny Rollins,The Essential Sonny Rollins: The RCA Years
318,Miles Davis,Kind Of Blue (Legacy Edition)
319,B.B. King,Ladies And Gentlemen… Mr. B.B. King
320,B.B. King,Anthology
323,B.B. King,Blues History
324,Eric Clapton,Riding with the King
325,B.B. King,Deuces Wild
328,B.B. King,In London
329,Hozier,Hozier
331,Tiny Little Houses,Easy
332,Mumford & Sons,Wilder Mind
333,Bob Dylan,The Essential Johnny Cash
334,Johnny Cash,The Essential Johnny Cash
336,The Yardbirds,Yardbirds Reunion Jam
339,Tommy James & The Shondells,Tommy James and The Shondells: Anthology
340,The Band,Music From Big Pink
341,Otis Redding,"Atlantic 60th: Soul, Sweat And Strut"
342,The Beach Boys,The Beach Boys Love Songs
343,The Temptations,Gettin' Ready
344,Champion Jack Dupree,50 Electric Blues Classics
345,Stevie Ray Vaughan,Couldn't Stand The Weather (Legacy Edition)
348,Ben Webster & Oscar Peterson,The Legendary Sessions
349,Thelonious Monk,Thelonious Monk with John Coltrane
350,Esbjörn Svensson Trio,From Gagarin's Point of View
351,Stan Getz,Getz Plays Jobim: The Girl From Ipanema
352,Miles Davis,'Round About Midnight
354,Guns N' Roses,Appetite For Destruction
355,W.A.S.P.,W.A.S.P.
356,Hanoi Rocks,Two Steps From The Move
358,Tesla,The Great Radio Controversy
359,Hanoi Rocks,Up Around the Bend - The Definitive Collection
360,Of Monsters and Men,Beneath The Skin
369,Keb' Mo',Keb' Mo'
370,Seasick Steve,I Started Out With Nothin And I Still Got Most Of It Left
371,Rev. Gary Davis,Prestige Profiles: Lightnin' Hopkins
372,Florence + The Machine,Lungs
373,AC/DC,Who Made Who
375,The Mamas & The Papas,If You Can Believe Your Eyes & Ears
376,Santana,Ultimate Santana
377,Leif Shires,Jazz And The Movies
378,Bobby Durham,Latin Lounge Café
379,Beegie Adair,An Affair To Remember: Romantic Movie Songs Of The 1950's
380,The Gene Harris Quartet,Funky Gene's
381,Beegie Adair,The Way You Look Tonight
383,Frank Sinatra,"Sinatra, With Love"
386,One Direction,Drag Me Down
387,Dan Auerbach,Keep It Hid
388,Buddy Holly,Greatest Hits
389,Brad Paisley,Play
390,The Rolling Stones,Let It Bleed
391,Keith Richards,Beggars Banquet
392,The Crystals,Brady Days - Music Inspired By The Brady Bunch
393,Yuri,Canciones De Amor De Yuri
394,Julión Álvarez y su Norteño Banda,Soy Lo Que Quiero... Indispensable
395,Julión Álvarez y su Norteño Banda,45 Éxitos
396,Banda MS de Sergio Lizárraga,No Me Pidas Perdón
397,Reik,Peligro
399,Elvis Presley,Elvis 30 #1 Hits
400,Elvis Presley,The Complete '68 Comeback Special- The 40th Anniversary Edition
401,Elvis Presley,Viva Elvis
402,Elvis Presley,Elvis Sings
403,Frank Sinatra,Ultimate Sinatra
408,Louis Armstrong,All Time Greatest Hits
410,Louis Armstrong,The Complete Louis Armstrong - Duke Ellington Sessions
411,Joe Bonamassa,Different Shades of Blue
414,Muddy Waters,Anthology
415,Deep Purple,Deepest Purple: The Very Best of Deep Purple
416,Rush,Rush
417,Jimi Hendrix,Experience Hendrix: The Best Of Jimi Hendrix
418,The Band,The Band
419,Lynyrd Skynyrd,Gimme Back My Bullets
420,Stevie Ray Vaughan,The Essential Stevie Ray Vaughan And Double Trouble
421,The Rolling Stones,Their Satanic Majesties Request
422,The Yardbirds,The Yardbirds Story - Pt. 3 - 1965/66 - Big Hits & America Calling
423,The Moody Blues,Gold
425,Big Brother & The Holding Company,Cheap Thrills
426,Jefferson Airplane,Best Of
427,Kim Simmonds,Hellbound Train
428,The Animals,On Their Own - [The Dave Cash Collection]
430,Iron Butterfly,Light and Heavy/The Best of...
432,Frank Sinatra,The Essential Frank Sinatra
446,Frank Sinatra,The Song Is You
454,Led Zeppelin,Led Zeppelin
460,Elvis Presley,That's The Way It Is
462,Elvis Presley,Platinum - A Life In Music
468,Michael Bublé,To Be Loved
469,Michael Bublé,Michael Bublé
472,Queen,The Game
473,Queen,The Works
474,Queen,Sheer Heart Attack
475,David Bowie,Let's Dance
476,David Bowie,The Next Day Extra
478,John Lennon,Rock 'N' Roll
481,B.B. King,B.B. King & Friends - 80
513,Tame Impala,Currents
514,Chet Faker,1998 (feat. Banks)
515,AWOLNATION,Hollow Moon (Bad Wolf)
516,Etta James,Love Songs
518,Wynton Marsalis,Standard Time Vol. 2: Intimacy Calling
519,In The Valley Below,The Belt
520,X Ambassadors,VHS
521,Circa Waves,T-Shirt Weather
522,Florence + The Machine,"How Big, How Blue, How Beautiful"
523,Muse,Drones
524,My Goodness,Shiver + Shake
525,Ash,Kablammo!
526,Kopecky,Quarterback
527,WALK THE MOON,TALKING IS HARD
528,Alabama Shakes,Sound & Color
529,Disclosure,Omen
530,5 Seconds of Summer,She's Kinda Hot
531,R. City,Locked Away (feat. Adam Levine)
532,Alesso,Forever
533,Labrinth,Jealous
534,Romanthony,Trust 2014
535,Dickey Betts,Big Fish (Music from the Motion Picture)
536,The Cars,The Cars
537,Phil Collins,"Hello, I Must Be Going"
538,The Doors,Light My Fire / Crystal Ship
539,Redfoo,New Thang
540,Silentó,Watch Me (Whip / Nae Nae)
542,Jessie Andrews,You Won't Forget Tonight (feat. Comets We Fall)
543,Sabb,Illusiones
544,The Avener,Fade Out Lines
545,Pharrell Williams,Freedom
546,Kygo,Stole the Show
547,Diddy,Finna Get Loose (feat. Pharrell Williams)
548,Maroon 5,Sugar
549,Fetty Wap,Trap Queen
550,AFROJACK,SummerThing!
551,DJ Snake,You Know You Like It
552,Jason Derulo,Everything Is 4
553,OMI,Cheerleader
554,Flo Rida,"I Don't Like It, I Love It (feat. Robin Thicke & Verdine White)"
555,Austin Mahone,Dirty Work
557,Rihanna,Bitch Better Have My Money
558,Martin Garrix,Break Through The Silence EP
559,Jungle,Jungle
560,BØRNS,Candy
561,Cayucas,Moony Eyed Walrus
568,Imagine Dragons,Smoke + Mirrors
569,GROUPLOVE,Never Trust a Happy Song
570,Youngblood Hawke,Wake Up
571,OneRepublic,Native
573,MARINA,Electra Heart
575,GROUPLOVE,Spreading Rumours
579,"Passenger feat. Josh Pyke, Lior, Katie Noonan, Boy & Bear and Jess Chalker",Flight Of The Crow
582,Bastille,Bad Blood
585,Tom Odell,Long Way Down (Deluxe)
587,Lana Del Rey,Ultraviolence
592,Passenger,Whispers II
594,Gabrielle Aplin,English Rain
600,El Komander,Belico
601,El Komander,Soy De Rancho
603,Conjunto Rio Grande,Nada Es Igual
604,Ariel Camacho y Los Plebes Del Rancho,El Karma
605,Noel Torres,La Balanza
606,Juan Magán,The King Is Back
607,Reykon,Imaginándote (feat. Daddy Yankee)
608,Robin Schulz,Sugar (feat. Francesco Yates)
609,The Weeknd,Can’t Feel My Face
611,The Weeknd,Trilogy
612,Drake,Back To Back
615,Bon Iver,"For Emma, Forever Ago"
616,AWOLNATION,Megalithic Symphony Deluxe
619,AWOLNATION,Fifty Shades Of Grey - Original Motion Picture Soundtrack
620,AWOLNATION,Run
621,Atlas Genius,When It Was Now
623,Digitalism,Wolves
624,Youngblood Hawke,Pressure
625,OneRepublic,Ordinary Human
626,OneRepublic,Waking Up
627,Coldplay,Ghost Stories
629,Katy Perry,Teenage Dream: The Complete Confection
630,Ed Sheeran,x
632,fun.,Some Nights
633,Maroon 5,Hands All Over
634,Bruno Mars,Unorthodox Jukebox
636,Katy Perry,PRISM
639,OneRepublic,Dreaming Out Loud
641,Neon Trees,Pop Psychology
642,fun.,Sight of the Sun
643,Franz Ferdinand,Franz Ferdinand
646,GROUPLOVE,Let Me In
650,GROUPLOVE,No Drama Queen
654,Nancy Wilson,Nancy Wilson/Cannonball Adderley
656,Sonny Rollins,History
664,Dexter Gordon,Go!
704,Norah Jones,Come Away With Me
705,Brandi Carlile,The Eye
706,Colin Hay,Next Year People
707,Joe Purdy,You Can Tell Georgia
708,Gavin DeGraw,Chariot
710,Brandi Carlile,The Story
711,Norah Jones,Feels Like Home
712,Amos Lee,Amos Lee
713,Colin Hay,Going Somewhere
714,Mat Kearney,Nothing Left To Lose
715,El Bebeto,En Tu Mirada
717,El Bebeto,No Fue Necesario
721,El Bebeto,Besos Nuevos
724,Big Gigantic,Good Times Roll
725,Shaggy,Only Love (feat. Pitbull & Gene Noble)
726,Avicii,Waiting For Love
727,Maroon 5,V
728,Olly Alexander (Years & Years),Communion
729,Lost Frequencies,"Armada Sunset, Vol. 2"
731,Marvin Gaye,Sexual Healing - Kygo Remix
732,Mark Ronson,Uptown Special
733,Meghan Trainor,Title
737,Explosions In The Sky,Thank You (Anniversary Compilation)
738,J Balvin,Tranquila
739,Gusttavo Lima,My World 2 (Bonus Tracks Version)
740,Alex Gaudino,Destination Calabria (Radio Edit) [feat. Crystal Waters]
741,Andy Rivera,Mejor Que Él
742,Adriana,Aventura
743,Shaggy,"I Need Your Love (feat. Mohombi, Faydee & Costi)"
744,Tough Love,So Freakin’ Tight
746,Ricky Martin,Mr. Put It Down (feat. Pitbull)
747,Nicky Jam,El Perdón (with Enrique Iglesias)
748,Alexandra Stan,We Wanna
751,Axwell /\ Ingrosso,Something New
752,Pitbull,Fireball (feat. John Ryan)
753,DJane HouseKat,Girls in Luv
754,The Chainsmokers,#SELFIE
755,LuuX,Bubble It (feat. Mr Shammi)
756,Iggy Azalea,The New Classic
758,Major Lazer,Apocalypse Soon
759,Pedro Infante,Pedro Infante - Favoritos
760,C-Kan,Clasificacion C Vol. 2
763,Kevin Ortiz,La Indicada - Single
764,Gerardo Ortiz,Eres una Niña
765,J Balvin,Ginza
770,Felix Jaehn,Ain't Nobody (Loves Me Better)
771,Drake,Hotline Bling
772,Jack Ü,Skrillex and Diplo present Jack Ü
773,Charlie Puth,Some Type of Love
774,The Weeknd,"Earned It (Fifty Shades Of Grey) - From The ""Fifty Shades Of Grey"" Soundtrack"
777,Selena Gomez,Good For You
779,Fifth Harmony,Reflection
782,Galantis,Pharmacy
783,Kygo,Firestone
784,Lost Frequencies,Are You With Me
785,Meek Mill,Dreams Worth More Than Money
786,Ellie Goulding,Fifty Shades Of Grey - Original Motion Picture Soundtrack
789,Fetty Wap,679 (feat. Remy Boyz)
790,Wiz Khalifa,Furious 7: Original Motion Picture Soundtrack
791,Rachel Platten,Fight Song - EP
792,The Weeknd,The Hills
793,Calvin Harris,How Deep Is Your Love
796,Flo Rida,My House
797,Lost Frequencies,Reality (feat. Janieck Devy)
800,Jessie J,Flashlight
801,Newton Faulkner,Hand Built By Robots
805,Little Mix,Black Magic
807,Major Lazer,Peace Is The Mission
814,David Guetta,Listen
818,Shawn Mendes,Handwritten
824,Axwell /\ Ingrosso,Sun Is Shining
844,Deorro,Five More Hours
845,Robin Schulz,Headlights (feat. Ilsey)
847,Carly Rae Jepsen,I Really Like You
853,Demi Lovato,Cool for the Summer
872,DJ Antoine,Woke up Like This
873,DJ Antoine,Bella Vita
874,Zedd,True Colors
875,David Bisbal,Tú Y Yo
879,Fetty Wap,My Way (feat. Monty)
910,Florence + The Machine,St Jude
911,Halsey,Room 93
912,Depedro,La increíble historia de un hombre bueno
913,Son Lux,Lanterns
914,George Ezra,Wanted on Voyage
915,Lights & Motion,Chronicle
918,J. Cole,2014 Forest Hills Drive
919,B.o.B,Psycadelik Thoughtz
920,Keyshia Cole,The Way It Is
921,Rihanna,FourFiveSeconds
922,Kanye West,The College Dropout
925,JAY-Z,The Blueprint
926,JAY-Z,Watch The Throne
927,JAY-Z,Greatest Hits
928,2Pac,All Eyez On Me
929,Matoma,Old Thing Back (feat. Ja Rule and Ralph Tresvant)
930,The Notorious B.I.G.,Greatest Hits
931,K-OS,Joyful Rebellion
932,Frank Ocean,Swim Good
934,SNBRN,California
935,Imagine Dragons,Radioactive
936,Snoop Dogg,Doggystyle
937,Migos,Pipe It Up
940,Kanye West,Yeezus
941,Kanye West,All Day
944,Eminem,The Eminem Show
945,Eminem,The Marshall Mathers LP2
956,Deep Divers,Big Blue Chill
976,Fifth Harmony,Better Together
978,iLoveMemphis,"""Hit the Quan"" #HTQ"
979,Deorro,Boombox
982,Ty Dolla $ign,"Or Nah (feat. The Weeknd, Wiz Khalifa & DJ Mustard) [Remix]"
985,The Notorious B.I.G.,Life After Death
988,Death Team,Dolphin Style
989,Alex Divello,Carnaval
990,Vigiland,Drop It Again
991,LunchMoney Lewis,Bills - EP
992,Goh,LaBoracay 2015
993,Coucheron,Deep End (feat. Eastside and Mayer Hawthorne)
996,Salma,Mentirás
998,Death Team,Fucking Bitches In The Hood
999,Blue Scholars,Cinemetropolis
1001,Common Market,Tobacco Road
1002,The Chicharones,When Pigs Fly
1003,Brother Ali,Us
1004,Macklemore & Ryan Lewis,"Downtown (feat. Melle Mel, Grandmaster Caz, Kool Moe Dee & Eric Nally)"
1005,Macklemore,The Unplanned Mixtape
1009,Blue Scholars,Blue Scholars
1011,The Weeknd,Often
1021,Banda MS de Sergio Lizárraga,Piénsalo
1025,Jesse & Joy,Ecos De Amor
1028,Justin Bieber,What Do You Mean?
1029,Nate Bargatze,Full Time Magic
1031,Patrick Topping,Walk On
1050,The White Stripes,Elephant
1051,Sam & Dave,Definitive Soul: Sam & Dave
1052,Van Morrison,Astral Weeks
1053,Elvis Presley,Ocean's Eleven (Music from the Motion Picture)
1054,The Doors,The Future Starts Here: The Essential Doors Hits
1055,The Velvet Underground,Loaded: The Fully Loaded Edition
1056,The Flaming Lips,With a Little Help from My Fwends
1062,Electric Wurms,With a Little Help from My Fwends
1068,Hard-Fi,Stars Of CCTV
1069,White Lies,Ritual
1070,Two Door Cinema Club,Beacon
1071,Portugal. The Man,Evil Friends
1074,Flap Jack,Jazzin
1075,Spoon,Music From The O.C. Mix 1
1076,Spoon,They Want My Soul
1077,Zoot Money,This Is The Blues Volume 2
1078,Portugal. The Man,In the Mountain in the Cloud
1079,The Script,Superheroes
1080,We The Kings,We the Kings
1082,Ladies of Soul,Live At The Ziggodome 2015
1083,Passenger,All the Little Lights
1085,The Script,No Sound Without Silence
1088,The Script,Science & Faith
1098,John Legend,Love In The Future (Expanded Edition)
1106,Silent Waves,Sky Full Of Stars
1107,Ayurveda Massage Music Specialists,Ayurvedic Massage Music
1108,Musica Relajante,Musica Relajante
1109,Spa Music Collective,"Mediterranea Spa Music - Mediterranean Spa Music. Relaxation Meditation Healing Music for Deep Meditation, Reiki, Massage, Chakra, Yoga and Tai Chi. Relaxing Sounds from the Islands in the Sun"
1110,Meditation Music Masters,"Vipassana Meditation - Music for Insight Meditation, Yoga, Relaxation Meditation, Massage, Sound Therapy, Restful Sleep and Spa Relaxation"
1111,Spa,Spa
1112,Enzo,Silver Sky
1115,Luc Serra,Ballade Pour Adeline
1116,Spa Music Collective,Riviera Maya - Spa Music
1136,Bastille,All This Bad Blood
1161,Macklemore,The Language of My World
1227,Vigiland,UFO
1228,AronChupa,I'm an Albatraoz
1231,Robin Schulz,Feeling
1235,The Weeknd,Beauty Behind The Madness
1275,The Notorious B.I.G.,"Spit Your Game (Remix) [feat. Twista, Bone Thugs-n-Harmony, 8Ball & MJG]"
1277,The Commission,Duets: The Final Chapter
1278,The Notorious B.I.G.,Born Again
1288,Twista,The College Dropout
1289,Kid Cudi,Pursuit Of Happiness
1291,Sam Smith,Nirvana
1292,Gardiner Sisters,Where Are Ü Now
1293,Yeah Yeah Yeahs,It's Blitz!
1294,Lucius,Wildewoman
1297,The Radio Dept.,Pet Grief
1298,Tame Impala,Divergent: Original Motion Picture Soundtrack
1300,Black Lips,200 Million Thousand
1303,Lawrence Arabia,Chant Darling
1304,Opossom,Electric Hawaii
1305,Jenny Lewis,The Voyager
1309,Brandon Flowers,The Desired Effect
1316,Alex Winston,Alex Winston
1317,Dvicio,Paraíso
1319,Leon Bridges,Coming Home
1320,Dylan Gardner,Adventures In Real Time
1323,The Decemberists,The King Is Dead
1324,Lily Allen,Somewhere Only We Know
1325,Rayland Baxter,Yellow Eyes
1326,Corinne Bailey Rae,Corinne Bailey Rae
1328,Phillip Phillips,Home
1329,Angus & Julia Stone,Les Emotifs Anonymes (Original Motion Picture Soundtrack)
1330,Adele,Pay Close Attention : XL Recordings
1331,Jon Foreman,The Wonderlands: Sunlight
1332,Foster The People,Torches
1334,Dvicio,Nada (feat. Leslie Grace)
1335,Dvicio,Justo Ahora
1338,Kwabs,Walk (feat. Fetty Wap)
1339,Joan Sebastian,Maracas Vol. 1
1340,Par de Ases,Mi Tonta Oficial
1341,Alessia Cara,Four Pink Walls
1343,Kat Dahlia,Crazy
1344,He Is We,Skip To The Good Part
1345,Cher Lloyd,Sorry I'm Late
1346,One Direction,FOUR
1347,HAIM,Days Are Gone
1350,Becky G,Shower
1352,James Arthur,James Arthur (Deluxe)
1353,Hilary Duff,Breathe In. Breathe Out.
1355,MKTO,Classic
1356,Avicii,You Make Me
1357,Rihanna,Unapologetic - Deluxe
1358,Breathe Carolina,Savages
1359,New Politics,A Bad Girl In Harlem
1360,The Vamps,Somebody To You
1361,5 Seconds of Summer,5 Seconds Of Summer
1362,Tiffany Alvord,Legacy
1365,Matt and Kim,Lightning
1371,Sheppard,Bombs Away
1372,Jason Derulo,Tattoos EP
1373,P!nk,The Truth About Love
1375,Julie Bergan,Younger
1376,Carly Rae Jepsen,Emotion
1377,Rixton,Let The Road
1379,Jayme Dee,Tip Toes
1380,Pitbull,Timber
1381,Selena Gomez & The Scene,For You
1383,Icona Pop,THIS IS... ICONA POP
1384,The Wanted,The Wanted
1385,BOYS LIKE GIRLS,Love Drunk
1386,Jack & Jack,Wild Life
1388,Allday,Loners Are Cool
1389,Jason Mraz,We Sing. We Dance. We Steal Things.
1390,Ariana Grande,My Everything
1391,Rizzle Kicks,Roaring 20s
1392,Natalie La Rose,Somebody
1393,fun.,We Are Young (feat. Janelle Monáe)
1395,Jordan Bratton,YOUTH
1396,Cody Simpson,No Ceiling
1397,Timeflies,Monsters
1398,Dylan Reynolds,Young & Set
1401,Austin Mahone,Till I Find You
1402,Sandra Lyng,Don`t care
1404,R5,Louder
1405,Charli xcx,SUCKER
1406,American Authors,"Oh, What A Life"
1407,G.R.L.,G.R.L.
1408,Sam Smith,In The Lonely Hour
1409,Jennifer Lopez,First Love
1410,Justin Bieber,Home To Mama
1411,Demi Lovato,Demi
1414,Anton Ewald,Natural
1415,The Vamps,Meet The Vamps
1416,Selena Gomez,The Heart Wants What It Wants
1417,Asher Monroe,Memory
1418,Betty Who,Heartbreak Dream
1419,The Ready Set,The Bad & The Better
1420,John Newman,Tribute
1422,New Politics,Girl Crush
1423,Howie Day,Stop All the World Now (Special Edition)
1424,5 Seconds of Summer,Amnesia
1425,Kalin and Myles,Love Robbery
1426,Lorde,Pure Heroine
1427,Little Mix,Salute (The Deluxe Edition)
1431,One Direction,Steal My Girl
1432,Teddy Geiger,Underage Thinking
1433,Timeflies,All The Way
1434,BOY,Mutual Friends (Bonus Version)
1435,AJR,I'm Ready - EP
1436,Alicia Keys,As I Am
1437,Taylor Henderson,Burnt Letters
1438,Hailee Steinfeld,Love Myself
1440,Lucy Hale,Road Between
1441,MAGIC!,Rude
1442,Ingrid Michaelson,Girls Chase Boys
1443,Nick Jonas,Jealous
1444,Calvin Harris,Motion
1446,The Wanted,We Own The Night
1447,Hot Chelle Rae,Don't Say Goodnight
1449,Rihanna,Loud
1452,Rizzle Kicks,Tell Her
1453,Tori Kelly,Unbreakable Smile
1454,Alex Aiono,Young & Foolish
1455,Dan + Shay,19 You + Me
1456,Miley Cyrus,Bangerz (Deluxe Version)
1457,Melissa Steel,Kisses For Breakfast (feat. Popcaan)
1459,Justin Bieber,Believe
1460,Ed Sheeran,The Fault In Our Stars: Music From The Motion Picture
1461,A Great Big World,Is There Anybody Out There?
1462,5 Seconds of Summer,What I Like About You
1463,Ariana Grande,Yours Truly
1464,Austin Mahone,What About Love
1465,Ellie Goulding,Halcyon Days
1466,James Blunt,Back to Bedlam
1468,Prince Royce,Handcuffs
1469,Nico & Vinz,Black Star Elephant
1479,Incubus,Make Yourself - Tour Edition
1481,Luniz,Yukmouth Presents: 420
1482,Kid Cudi,Just What I Am
1483,Collie Buddz,Collie Buddz
1484,Snoop Dogg,More Malice
1485,Jim Morrison,An American Prayer
1486,Tom Petty and the Heartbreakers,Anthology: Through The Years
1487,Afroman,The Good Times
1488,JAY-Z,The Hits Collection Volume One
1489,The Game,The Documentary
1490,Cypress Hill,Cypress Hill
1491,Kid Cudi,Man On The Moon: The End Of Day
1492,The Rolling Stones,Aftermath (UK Version)
1493,Method Man,Blackout!
1494,Pink Floyd,Wish You Were Here [2011 - Remaster]
1495,Bob Marley & The Wailers,Gold
1497,Sublime,Gold
1498,Oasis,Stop The Clocks
1499,Musical Youth,Dancehall 101 - Vol. 3
1500,Wu-Tang Clan,Enter The Wu-Tang (36 Chambers) [Expanded Edition]
1502,Little Green Cars,The John Wayne
1503,Dark Waves,Diamonds in the Dark
1504,Silences,The Sea
1505,alt-J,An Awesome Wave
1506,Of Monsters and Men,Crystals
1507,TORRES,Sprinter
1510,Dawes,All Your Favorite Bands
1513,ABBY,Time Is Golden
1514,Of Monsters and Men,Empire
1515,Kopecky,Talk To Me
1517,Incubus,Morning View
1518,Surfer Blood,1000 Palms
1519,Incubus,Trust Fall (Side A)
1520,Wolf Alice,My Love Is Cool
1521,Mumford & Sons,The Wolf
1522,Kodaline,Coming Up for Air
1524,Arcade Fire,Funeral
1525,Blur,The Magic Whip
1527,U2,Mandela – Long Walk To Freedom (Original Motion Picture Soundtrack)
1528,Kodaline,Honest
1531,Jason Mraz,Love Someone
1540,Major Lazer,Mixmash Takeover (Mixed by Laidback Luke & Blasterjaxx)
1546,Cody Simpson,Free
1551,Stornoway,Beachcomber's Windowsill
1552,Fruit Bats,Tripper
1554,Friska Viljor,Remember Our Name
1555,Smith Westerns,Dye It Blonde
1556,San Cisco,Awkward
1557,Good Shoes,Think Before You Speak
1558,Dresses,Lonely One EP
1559,Mac DeMarco,Salad Days
1560,Crystal Fighters,Cave Rave
1563,Youngblood Hawke,Spotify Sessions
1565,Young the Giant,Mind Over Matter
1568,Radiohead,Pablo Honey
1606,Cody Simpson,Surfers Paradise
1607,MARINA,Froot
1620,Human Oxygen,Sunbed Chill Out Vol. 1
1621,Santana,Supernatural
1622,Santana,Corazón (Deluxe Version)
1629,Elton John,A Musical Affair
1638,Fetty Wap,Again
1642,Julión Álvarez y su Norteño Banda,El Aferrado
1644,Juanes,Mi Sangre
1646,OV7,Lo Mejor De OV7
1648,Pentatonix,Can't Sleep Love
1649,Kygo,Here for You (feat. Ella Henderson)
1650,Kygo,Nothing Left (feat. Will Heard)
1651,Avicii,Pure Grinding For A Better Day
1655,Avicii,True
1659,Par de Ases,Te Quiero a Morir
1665,Calibre 50,Contigo
1668,Gerardo Ortiz,Sold Out - En Vivo Desde El NOKIA Theatre LA Live
1670,Gerardo Ortiz,Hoy Más Fuerte
1671,Gerardo Ortiz,En Vivo Las Tundras
1672,Gerardo Ortiz,El Primer Ministro (Deluxe Edition)
1678,Mireille Mathieu,Chante Piaf
1679,Hitthequan,Hit the Quan
1680,Il Volo,Sanremo grande amore
1681,Il Volo,El Amor Verdadero
1682,Céline Dion,On ne change pas
1686,Foreigner,Agent Provocateur
1691,Outkast,Stankonia
1701,Alfredo Olivas,Asi Es Esto
1702,Banda El Recodo,La Mejor De Todas
1722,Selena Gomez,Same Old Love
1723,RITUAL,Instinct
1724,Wiz Khalifa,Stayin Out All Night
1725,Fall Out Boy,Save Rock And Roll
1731,The Barden Bellas,Pitch Perfect Soundtrack
1732,The Treblemakers,Pitch Perfect Soundtrack
1737,Anna Kendrick,Pitch Perfect Soundtrack
1740,Christian McBride Trio,Out Here
1741,Bessie Smith,The Essential Bessie Smith
1742,Samantha Fish,Wild Heart
1743,Junior Wells,Hoodoo Man Blues
1747,Banda Tierra Sagrada,"De Lo Bueno, Lo Mejor"
1748,We The Kings,Somewhere Somehow
1753,Daughtry,Baptized (Deluxe Version)
1755,Daughtry,Waiting for Superman
1855,The Killers,Day & Age
1860,Cali Y El Dandee,Yo Te Esperaré
1885,Andrew Lloyd Webber,The Phantom of the Opera (Original Motion Picture Soundtrack)
1886,Collabro,Act Two
1887,Andrew Lloyd Webber,The Phantom Of The Opera
1888,One Direction,Infinity
1897,OMI,Hula Hoop
1901,Girls In Hawaii,Everest
1904,The Last Bison,Inheritance
1906,A Day To Remember,Homesick (Special Edition)
1916,Andrew Lloyd Webber,The Phantom of the Opera (Original Motion Picture Soundtrack) [Expanded Edition]
1938,Of Monsters and Men,I Of The Storm
1942,Disclosure,Magnets
1954,Adam Levine,Lost Stars
1961,The Hollywood Soundtrack Band,Bubble Gum Pop from TV & the Movies
1962,Backstreet Boys,The Hits--Chapter One
1963,Sharpay Evans,High School Musical 2
1964,Troy,High School Musical 2
1965,The Fray,How To Save A Life
1970,AC/DC,Back In Black
1973,Matisse,Sube
1974,Kalimba,Negroklaro
1976,Kalimba,Aerosoul
1977,Fuego,Prendelo
1979,Aleks Syntek,Romántico Desliz
1983,Aleks Syntek,1989-2009
1988,Vanessa Hudgens,Start Of Something New
1991,Aleks Syntek,Mundo Lite
2009,David Bisbal,Sin Mirar Atrás
2013,David Bisbal,Romances
2018,David Bisbal,David Bisbal
2022,Marco Antonio Solís,Tú Y Yo
2041,J. Withrow,Never Done This Before
2042,Frank Sinatra,Ultimate Sinatra: The Centennial Collection
2043,Ricardo Arjona,Adentro
2044,Ricardo Arjona,Solo
2045,Ricardo Arjona,Canciones De Amor
2046,Río Roma,Al Fin Te Encontré
2051,David Bisbal,Corazón Latino
2079,James Bay,Chaos And The Calm
2157,Jesse & Joy,¿Con Quién Se Queda El Perro?
2159,Romeo Santos,"Fórmula, Vol. 2 (Deluxe Edition)"
2188,Nene Malo,Bailen Rochas y Chetas
2189,Tu Papa,Tirar la Casa por la Ventana
2191,Pink Floyd,The Division Bell
2194,India Martinez,Dual
2195,Alejandro Sanz,A Que No Me Dejas
2196,Alejandro Sanz,Coleccion definitiva
2197,Alejandro Sanz,El tren de los momentos - En vivo desde Buenos Aires
2229,Wisin & Yandel,Pa'l Mundo
2237,Das Sound Machine,Pitch Perfect 2 - Original Motion Picture Soundtrack
2238,The Barden Bellas,Pitch Perfect 2 - Original Motion Picture Soundtrack
2247,DNCE,Cake By The Ocean
2248,gnash,I Hate U I Love U (feat. Olivia O'Brien)
2249,Louis The Child,It's Strange (feat. K.Flay)
2250,Panic! At The Disco,Victorious
2251,Chisu,Polaris
2252,Sam Smith,Writing's On The Wall
2253,One Direction,Midnight Memories (Deluxe)
2261,The Kinks,The Ultimate Collection
2265,Van Morrison,Moondance
2266,Death Cab for Cutie,Transatlanticism
2267,Bob Dylan,The Times They Are A-Changin'
2268,Freelance Whales,Weathervanes
2269,The Kinks,Lola Versus Powerman and the Moneygoround / Percy
2271,Lou Reed,Transformer
2273,Jack White,Lazaretto
2275,Bruce Springsteen,Dream Baby Dream
2276,The Velvet Underground,The Velvet Underground & Nico 45th Anniversary
2277,Bob Dylan,Pat Garrett & Billy The Kid
2278,The Clash,London Calling (Remastered)
2279,ZZ Top,Oh What A Night - 70's Classics
2280,Fleetwood Mac,Rumours
2281,The Who,Who Are You
2282,The Clash,Sound System
2283,The Clash,Hits Back
2284,Aerosmith,Aerosmith's Greatest Hits
2286,Bruce Springsteen,Darkness On the Edge of Town
2287,Foo Fighters,In Your Honor
2288,Jet,Get Born
2289,Nirvana,Nevermind
2290,Metallica,Metallica
2291,Rage Against The Machine,Rage Against The Machine - XX (20th Anniversary Special Edition)
2292,Ozzy Osbourne,The Ozzman Cometh
2295,Red Hot Chili Peppers,Blood Sugar Sex Magik
2296,Jimi Hendrix,Blues
2299,Red Hot Chili Peppers,Californication
2300,The Flaming Lips,At War With the Mystics
2301,Jack White,Blunderbuss
2302,Rage Against The Machine,Evil Empire
2303,Pearl Jam,Ten
2304,Soulive,Rubber Soulive
2305,Van Halen,The Very Best of Van Halen (UK Release)
2306,The Kinks,Pirate Radio
2307,Blondie,Best Of Blondie
2308,The Who,The Who Sell Out
2312,The Rolling Stones,Between The Buttons
2314,The Doors,Strange Days
2315,The Doors,The Doors
2317,The Beach Boys,Pet Sounds
2318,Bob Dylan,Blonde On Blonde
2319,Manic Street Preachers,National Treasures - The Complete Singles
2320,Keane,Hopes and Fears
2321,Isaiah Rashad,Cilvia Demo
2322,Jimi Charles Moody,Blue Honey
2323,Beach House,Depression Cherry
2324,Alex Bleeker & The Freaks,Sealong Hair - Single
2325,The Neighbourhood,The Beach
2326,Låpsley,Hurt Me
2327,Escondido,Heart Is Black
2329,Zac Brown Band,Greatest Hits So Far...
2330,Zac Brown Band,The Foundation
2335,Cody Simpson,4 U EP
2338,Califone,Stitches
2339,Guster,Parachute
2340,Nothing More To Eat,Love Stories
2341,Travis Atreo,Stitches
2342,Red Hot Chili Peppers,Snow (Hey Oh)
2343,Big Grams,Lights On
2364,Neon Trees,Songs I Can't Listen To
2366,Kings of Leon,Mechanical Bull (Expanded Edition)
2369,The Raconteurs,Broken Boy Soldiers
2370,Arctic Monkeys,Who The F*** Are Arctic Monkeys?
2371,Jet,Shaka Rock
2372,Babyshambles,Shotter's Nation
2375,Jet,Shine On
2376,Phantom Planet,Phantom Planet
2377,Babyshambles,Sequel To The Prequel
2378,The Pigeon Detectives,Emergency
2385,The Subways,Good Times
2386,Arctic Monkeys,AM
2387,Bombay Bicycle Club,"So Long, See You Tomorrow"
2388,The Vines,Wicked Nature
2389,The Rifles,None the Wiser
2390,Stereophonics,Pull The Pin
2393,The Vines,Highly Evolved
2435,Will Champlin,Tiny Dancer
2447,Janis Joplin,Janis Joplin: The Woodstock Experience
2453,The Rolling Stones,Aftermath
2461,The Rolling Stones,Out Of Our Heads
2462,The Rolling Stones,Singles 1968-1971
2470,The Rolling Stones,Live 1965: Music From Charlie Is My Darling
2489,Régulo Caro,Especialista
2500,John Mayer,Paradise Valley
2502,One Direction,Perfect
2509,Sean Kingston,Sean Kingston
2510,The Fray,Over My Head (Cable Car)
2522,The Rolling Stones,It's Only Rock 'N' Roll
2523,The Rolling Stones,12 X 5
2524,The Rolling Stones,The Rolling Stones No. 2
2527,The Rolling Stones,Now!
2529,Angelo,Winter Parade Hit 2012
2530,DJ Antoine,Welcome To DJ Antoine
2532,Hardwell,Young Again
2534,Wilkins,Beggars Banquet
2541,Justin Bieber,Sorry
2542,Adele,Hello
2543,Selena Gomez,Revival
2548,R. City,What Dreams Are Made Of
2549,Anna Kendrick,Cups (Pitch Perfect’s “When I’m Gone”)
2551,Il Volo,Grande amore
2554,Mulgrew Miller,The Sequel
2556,Bill Charlap,Stardust: The Music Of Hoagy Carmichael
2558,Lee Morgan,The Best Of Lee Morgan
2559,Charles Mingus,Mingus Ah Um
2561,Led Zeppelin,In Through the out Door
2585,Bob Dylan,Highway 61 Revisited
2586,Bob Dylan,Together Through Life
2587,Bob Dylan,Tell Tale Signs: The Bootleg Series Vol. 8
2588,Bob Dylan,Modern Times
2637,Foo Fighters,Foo Fighters
2640,The Rolling Stones,Forty Licks
2642,Aerosmith,The Very Best of Aerosmith: Devil's Got a New Disguise
2645,The Doors,The Very Best of the Doors
2649,Steppenwolf,20th Century Masters : The Millennium Collection: Best of Steppenwolf
2650,Ram Jam,The Very Best Of Ram Jam
2651,Led Zeppelin,Physical Graffiti
2652,Yes,90125
2654,The Kinks,The Village Green Preservation Society
2655,Led Zeppelin,Led Zeppelin II
2656,Blue Öyster Cult,Agents of Fortune
2657,Bad Company,10 from 6
2658,Lez Zeppelin,Lez Zeppelin
2660,Blue Öyster Cult,Blue Öyster Cult
2663,Bob Seger & The Last Heard,Cameo Parkway 1957-1967
2664,Mott The Hoople,The Best Of
2667,Ram Jam,Ram Jam
2668,Foghat,Stone Blue
2669,Yes,In the Present – Live From Lyon
2670,The White Stripes,Icky Thump
2671,The Hives,Boyhood: Music from the Motion Picture
2672,Janis Joplin,Pearl (Legacy Edition)
2677,Bruce Springsteen,Born In The U.S.A.
2682,Aerosmith,Get A Grip
2693,Avicii,Stories
2694,Lukas Graham,7 Years
2698,Justin Bieber,Journals
2712,Romeo Santos,Fórmula Vol. 1 (Deluxe Edition)
2713,MC Davo,Psicosis 2
2714,Avril Lavigne,Fly
2715,Elias,Altitude (feat. Briana Tyson)
2717,Tungevaag,Vidorra
2732,Mötley Crüe,Shout At The Devil
2733,Van Halen,Best of Volume 1
2734,Dio,Diamonds - The Best Of Dio
2735,Quiet Riot,Metal Health
2736,AC/DC,Highway to Hell
2739,AC/DC,Black Ice
2740,Quiet Riot,Quiet Riot - Greatest Hits
2741,Ozzy Osbourne,Bark At The Moon (Expanded Edition)
2742,Mötley Crüe,Theatre of Pain
2743,AC/DC,High Voltage
2744,Cinderella,"Authorized Bootleg - Live/Tokyo Dome - Tokyo, Japan Dec 31, 1990"
2745,Ozzy Osbourne,No Rest for the Wicked (Expanded Edition)
2756,AC/DC,Iron Man 2
2757,Ram Jam,The Dukes Of Hazzard (Music From The Motion Picture)
2758,Bad Company,Run With The Pack
2761,Ted Nugent,Free-For-All
2766,John Fogerty,The Long Road Home - The Ultimate John Fogerty - Creedence Collection
2768,Bad Company,Straight Shooter
2806,Ozzy Osbourne,The Essential Ozzy Osbourne
2807,Ozzy Osbourne,No More Tears (Expanded Edition)
2808,Black Sabbath,Paranoid
2813,Whitesnake,1987
2814,Iron Maiden,Ed Hunter
2815,Ozzy Osbourne,Down To Earth
2825,AC/DC,Dirty Deeds Done Dirt Cheap
2828,AC/DC,Stiff Upper Lip
2857,Justin Bieber,I'll Show You
2859,Justin Bieber,Believe Acoustic
2860,One Direction,Perfect - EP
2897,Rudimental,We the Generation
2906,Justin Bieber,Purpose
2910,Justin Bieber,Under The Mistletoe
2924,Erik Truffaz,In Between
2925,Tony Bennett,The Beat Of My Heart
2926,Mel Tormé,An Education OST
2927,Hidden Orchestra,Archipelago Remixes Part 2
2928,Skalpel,Simple EP
2929,Frank Sinatra,Songs For Swingin' Lovers!
2932,Harry James,The Complete Harry James And His Orchestra featuring Frank Sinatra (feat. Frank Sinatra)
2958,Lucah,A Escondidas
2963,Lucah,Me Gustas Tú
2969,Baptiste Trotignon,Suite...
2970,Abdullah Ibrahim,Re:Brahim
2971,Bing Crosby,Bing Sings Whilst Bregman Swings / Fancy Meeting You Here
2972,John Coltrane,A John Coltrane Retrospective: The Impulse Years
2973,Elisa Rodrigues,Heart Mouth Dialogues
2974,Lou Rawls,The Very Best Of Lou Rawls
2976,Mose Allison,The Collection
2977,Emmy Rossum,Sentimental Journey
2978,Diana Krall,Top Jazz Singers
2979,Jeff Zavac,Miami Lighthouse for the Blind Presents: Instrumental Magic
2980,Nat King Cole,The Nat King Cole Story
2981,Carmen McRae,100 ans de jazz
2982,The Mud Howlers,Doritos Presenta: Music For The Bold Compilado 4
2983,La Banda Baston,Doritos Presenta: Music For The Bold Compilado 4
2984,Frikstailers,Doritos Presenta: Music For The Bold Compilado 4
2992,Alejandro Sanz,Sirope
2993,Alejandro Sanz,Más
2995,Frank Sinatra,Christmas Songs By Sinatra
2996,Frank Sinatra,A Jolly Christmas From Frank Sinatra
3002,Alejandro Sanz,Un Zombie A La Intemperie
3022,The National,Day of the Dead
3023,Mumford & Sons,Day of the Dead
3024,Parra for Cuva,Darwis
3027,Calvin Harris,This Is What You Came For
3033,Vampire Weekend,Modern Vampires of the City
3036,Young the Giant,Something to Believe In
3054,ELEW,"ELEW Rockjazz, Vol. 1"
3055,2CELLOS,Celloverse
3056,Michael Jackson,"HIStory - PAST, PRESENT AND FUTURE - BOOK I"
3057,Michael Jackson,Dangerous
3058,Wongo,Periodicals
3059,Bob Dylan,Blood On The Tracks
3060,John Lennon,Plastic Ono Band
3065,Klingande,Losing U (feat. Daylight)
3066,Jamie xx,In Colour
3067,The Knocks,55
3068,Hailey Knox,Geeks
3069,Nicky Jam,Hasta el Amanecer
3070,J Balvin,Bobo
3071,Matt Costa,Unfamiliar Faces
3072,Enrique Iglesias,DUELE EL CORAZON (feat. Wisin)
3073,Yandel,Encantadora (feat. Farruko & Zion & Lennox)
3074,Daddy Yankee,Shaky Shaky
3075,Jacob Forever,Hasta Que Se Seque el Malecón
3076,Maluma,"Pretty Boy, Dirty Boy"
3077,Cosculluela,A Donde Voy (feat. Daddy Yankee)
3078,Ken-Y,Como Lo Hacia Yo (Official Remix)
3079,Farruko,Visionary
3080,Gente De Zona,Visualízate
3081,IAmChino,"Ay MI Dios (feat. Pitbull, Yandel & Chacal)"
3082,Zion & Lennox,Embriágame
3083,Xriz,Mi corazón (feat. Buxxi)
3085,Jhoni The Voice,Raices
3086,J Alvarez,Desde Puerto Rico Live
3087,CNCO,Tan Fácil (Remixes)
3088,Alexis y Fido,Una en un Millón
3089,Jhoni The Voice,Bonita (Down 4 Me Remix) [feat. Kevin Roldan]
3090,Zion & Lennox,Ganas de Ti
3091,Luny Tunes,Mayor Que Yo 3
3092,Chino & Nacho,Andas En Mi Cabeza
3094,Fuego,Mambo Para Bailar (feat. Arcangel)
3095,Angel Y Khriz,Tu Tan Lejos
3096,Daddy Yankee,Vaivén
3097,Bombay Bicycle Club,I Had The Blues But I Shook Them Loose
3121,Vampire Weekend,Contra
3148,Two Door Cinema Club,Tourist History
3174,The Temper Trap,Conditions
3309,AC/DC,The Razors Edge
3310,Aerosmith,Aerosmith
3311,Ramones,Ramones
3312,Led Zeppelin,Led Zeppelin IV
3313,Queen,News Of The World
3316,Whitesnake,Whitesnake's Greatest Hits
3317,Creedence Clearwater Revival,Cosmo's Factory
3331,Reik,Reik
3333,Ricardo Arjona,5to Piso
3335,Ricardo Arjona,Independiente + Demos
3336,Sin Bandera,Hasta Ahora
3337,Elvis Presley,Elvis At Sun
3346,The Strokes,Future Present Past
3370,Bacilos,Caraluna
3372,Ha*Ash,Primera Fila - Hecho Realidad (Track by Track Commentary)
3381,Joey Montana,Picky
3386,Baby Rasta & Gringo,Qué Será de Mi
3400,Aerosmith,Toys In The Attic
3401,Creedence Clearwater Revival,Green River
3402,Creedence Clearwater Revival,Chronicle: 20 Greatest Hits
3404,AC/DC,Let There Be Rock
3406,The Mud Howlers,R.R.R
3407,The Monkees,Good Times!
3409,David Bowie,The Rise and Fall of Ziggy Stardust and the Spiders from Mars
3421,Simon & Garfunkel,Bridge Over Troubled Water
3470,Green Day,Dookie
3471,Elton John,Goodbye Yellow Brick Road - Remastered
3499,Creedence Clearwater Revival,Willy And The Poor Boys
3511,ZZ Top,Tres Hombres
3514,Alice Cooper,The Best Of Alice Cooper
3515,Ozzy Osbourne,Blizzard of Ozz (Expanded Edition)
3526,ZZ Top,Fandango!
3611,Timbiriche,Timbiriche 7
3615,Reik,De Amor y Desamor
3620,Xantos,Revolucionario
3621,Reik,Ya Me Enteré
3623,Arcángel,Los Favoritos
3625,Egwa,"Ya Me Enteré (feat. Ozuna & Tito ""El Bambino"")"
3627,Reykon,El Error (feat. Zion & Lennox)
3629,Wisin,Corazón Acelerao
3631,Plan B,Love & Sex
3632,Alexis y Fido,La Esencia
3633,Don Omar,The Last Don II
3634,Alexandra Stan,We wanna (feat. Daddy Yankee)
3635,Daddy Yankee,Reggaeton!
3636,Don Omar,"Mi Historia: Fade ""El Que Pone la Presion"""
3637,KEVIN ROLDAN,Kevin Roldan (Special Edition)
3638,Cosculluela,The Ultimate Collection
3639,KEVIN ROLDAN,Hay Mujeres
3640,Charlie Cruz,Sigo Aqui
3641,J Alvarez,La Pregunta Remix (feat. Tito El Bambino & Daddy Yankee)
3642,Don Omar,Don Omar Presents MTO2: New Generation
3643,De La Ghetto,Geezy Boyz The Album
3645,Maluma,PB.DB. The Mixtape
3647,Wisin,El Regreso del Sobreviviente (Deluxe Edition)
3648,Nicky Jam,Nicky Jam Hits
3649,Daddy Yankee,Prestige
3650,Piso 21,Suele Suceder
3651,Yandel,Plakito (feat. El General Gadiel & Farruko)
3652,Alkilados,Monalisa
3654,Arcángel,El Fenomeno
3656,Danny Romero,Bandida (feat. Maluma)
3658,Freddo Lucky Bossi,El Mas Completo De Todos
3659,KEVIN ROLDAN,Tu No Sabes - Single
3660,J Balvin,El Negocio
3661,Don Omar,Guaya Guaya
3662,J Balvin,La Familia B Sides
3663,Alexis y Fido,The Pitbulls
3665,Tony Dize,Latin Party
3666,Jowell & Randy,Vamo a Busal - Single
3667,Daddy Yankee,Daddy Yankee Mundial
3668,Farruko,The Ones
3671,Justin Quiles,Nunca Imagine (Remix) [feat. Kevin Roldan]
3672,Prince Royce,Back It Up (feat. Pitbull)
3675,Calle 13,Calle 13 (Explicit Version)
3676,Baby Rasta & Gringo,Amor Prohibido
3677,Wisin & Yandel,Líderes
3679,J Alvarez,El Movimiento: The Mixtape
3680,Plan B,Pina Records Present: # 1 Xclusive Urban Remixex
3681,Deorro,Perdoname (feat. DyCy & Adrian Delgado)
3682,Yandel,De Líder a Leyenda
3685,Wisin & Yandel,El Documental II
3686,Zion,Solo Tu (Remix) [feat. Nicky Jam & J Balvin]
3689,DCS,Angelito Sin Alas (feat. Juan Magán)
3691,Juan Magán,He Llorado (Como Un Niño)
3693,Yandel,Legacy - De Líder a Leyenda Tour
3695,Daddy Yankee,Sígueme Y Te Sigo
3696,"Tito ""El Bambino""",It's My Time
3697,Pitbull,Dale
3700,J Alvarez,Megahitz Volumen Uno
3702,Cosculluela,El Principe
3704,Farruko,Farruko Presents Los Menores
3707,Daddy Yankee,Pasarela
3709,Angel Y Khriz,Reggaeton!
3710,Nicky Jam,Travesuras (Remix)
3712,Yandel,Calentura
3713,Enrique Iglesias,SEX AND LOVE
3715,Danny Romero,Agachate
3717,Zion,La Fórmula
3721,Farruko,Cositas Que Haciamos
3722,Baby Rasta & Gringo,Me Niegas
3723,Chino & Nacho,Me Voy Enamorando
3724,Alexis y Fido,Perreología
3725,Latin Fresh,Zoom - Single
3726,Plan B,Candy
3727,Alexis y Fido,Down To Earth
3728,Juan Magán,The King Of Dance
3729,Joey Montana,Flow Con Clase
3731,"Tito ""El Bambino""",El Documental II
3732,Angel Y Khriz,Showtime
3734,Farruko,Hoy
3735,Daddy Yankee,Barrio Fino En Directo
3739,KEVIN ROLDAN,Contigo
3741,Arcángel,"Sentimiento, Elegancia y Maldad"
3742,JENCARLOS,Bajito
3743,Alexis y Fido,La Esencia World Edition
3745,Wisin & Yandel,"Los Vaqueros, El Regreso"
3747,Daddy Yankee,King Daddy
3749,Big Yamo,Solo Exitos
3751,Yandar,Exitos
3759,Lucah,Pasaporte
3824,Adele,When We Were Young
3837,One Direction,Up All Night
3838,Roxy Music,Avalon
3841,The Temper Trap,Thick As Thieves
3902,Ha*Ash,A Tiempo
3906,Reik,Sólo Pop
3907,Diego Torres,Mis Favoritas
3917,Hozier,Better Love
3918,Bastille,Good Grief
3920,Ricardo Arjona,Si El Norte Fuera El Sur
3927,Timbiriche,Imprescindibles
3930,Ricardo Arjona,Sin Daños A Terceros
3961,Imagine Dragons,Me Before You
3962,The 1975,"I like it when you sleep, for you are so beautiful yet so unaware of it"
3964,X Ambassadors,Me Before You
3970,Ruth B.,Lost Boy
3971,Franco De Vita,Venezuela Best Hit
3972,Justo y los pecadores,"Vasos, Besos y Versos"
3973,Mijares,Celebridades- Mijares
3974,Tiziano Ferro,TZN -The Best Of Tiziano Ferro
3975,Cristian Castro,"El Romántico, El Príncipe"
3976,Alex Ubago,Las Mejores Baladas del Pop
3978,Tommy Torres,12 Historias
3979,Chayanne,Mi Tiempo
3981,Cristian Castro,Canciones De Amor
3982,Maná,Sueños Líquidos
3983,Axel,Grandes Éxitos 2005/2011
3986,La Quinta Estacion,Personalidad
3987,Jumbo,Alto al Fuego
3990,Axel Muñiz,Si Te Enamoras
3991,Zac Brown Band,JEKYLL + HYDE
3992,Sam Hunt,Montevallo
3997,CLOVES,Me Before You
3998,Jeff Buckley,Grace (Legacy Edition)
3999,Ani DiFranco,Ani DiFranco
4000,The Civil Wars,Live At Eddie's Attic
4001,Marika Hackman,That Iron Taste
4002,Nikolaj Grandjean,Carrying Stars (Bonus Version)
4005,OMFG,Hello
4022,Jeff Buckley,Sketches for My Sweetheart The Drunk
4027,Adele,25
4030,American Authors,What We Live For
4044,blink-182,California
4046,Radiohead,A Moon Shaped Pool
4056,John Mayer,The Village Sessions
4062,James Bay,Craving
4066,Tom Odell,Wrong Crowd - Expanded Edition
4067,Tom Odell,Magnetised
4068,Nate Ruess,Grand Romantic
4069,Gavin DeGraw,Chariot - Stripped
4070,Mumford & Sons,Babel
4071,Vance Joy,Dream Your Life Away
4152,Alex Ubago,Mentiras sinceras
4153,John Lennon,Double Fantasy
4157,The Beatles,Magical Mystery Tour
4158,AWOLNATION,Run (Beautiful Things)
4161,The Beatles,Help!
4163,The Beatles,1
4166,The Beatles,Abbey Road
4170,The Beatles,Rubber Soul
4180,The Beatles,Please Please Me
4184,The Beatles,The Beatles
4186,The Beatles,Revolver
4196,The Beatles,A Hard Day's Night
4400,The Mud Howlers,Timeliness
4421,Ben E. King,Don't Play That Song
4433,St. Lucia,Spotify Sessions
4434,& Friends,Driving
4478,Santana,Abraxas
4482,Santana,Santana (Legacy Edition)
4483,Santana,Festival
4485,Santana,Marathon
4486,Santana,Sacred Fire: Santana Live In South America
4487,Carlos Santana,Santana Brothers
4490,Eric Clapton,Complete Clapton
4492,Stevie Ray Vaughan,Archives
4494,B.B. King,Lucille
4495,Jeff Beck,performing this week...live at Ronnie Scott's
4497,Allman Brothers Band,Brothers And Sisters
4499,Stevie Ray Vaughan,Live at Carnegie Hall
4502,Santana,Dance Of The Rainbow Serpent
4504,Jeff Beck,Blow By Blow
4505,Pink Floyd,Relics
4510,Derek & The Dominos,Complete Clapton
4511,Funkadelic,Maggot Brain
4512,Jeff Beck,Live and Exclusive from The Grammy Museum
4513,Jeff Beck,Emotion & Commotion
4515,Jimi Hendrix,South Saturn Delta
4517,Stevie Ray Vaughan,Texas Flood (Legacy Edition)
4527,Oasis,Be Here Now
4632,Eagles,Hotel California
4652,Elmore James,Dust My Broom
4653,Van Halen,Van Halen
4655,Fleetwood Mac,Antes del Fin del Mundo - 60's
4656,Fleetwood Mac,Fleetwood Mac
4726,The Yardbirds,Live At BB King Blues Club
4727,The Yardbirds,Little Games
4730,The Yardbirds,Roger The Engineer / Over Under Sideways Down
4738,Fetty Wap,Fetty Wap
4740,Louis Armstrong,By Popular Demand
4757,Led Zeppelin,Led Zeppelin III
4799,Young the Giant,Home of the Strange
4812,The Lumineers,Cleopatra
4854,Sonny Rollins Quartet,Tenor Madness - Saxophone Colossus
4856,Johnny Cash,At Folsom Prison
4892,Johnny Cash,American Recordings
4893,Johnny Cash,America: A 200-Year Salute In Story & Song
4896,Bob Marley & The Wailers,Exodus
5018,The Rolling Stones,12 x 5
5023,The Rolling Stones,Flowers
5026,B.B. King,Get Yer Ya-Ya's Out! The Rolling Stones In Concert
5027,Mick Jagger,Rock 'n' Roll Circus
5028,Yoko Ono,Rock 'n' Roll Circus
5029,Unknown,Rock 'n' Roll Circus
5030,The Dirty Mac,Rock 'n' Roll Circus
5036,The Wailers,Legend
5037,Bob Marley & The Wailers,Legend
5038,"Parker, Gillespie, Powell, Roach, Mingus",The Quintet: Jazz At Massey Hall 1953
5040,B.B. King,Live At The Regal
5071,Johnny Cash,At San Quentin
5103,Lukas Graham,Lukas Graham
5107,B.B. King,Live In Cook County Jail
5134,BANKS,Mind Games
5140,Michael Jackson,The Essential Michael Jackson
5142,BANKS,Fuck With Myself
5143,BANKS,Gemini Feed
5145,Miles Davis,Bitches Brew
5146,Frank Sinatra,My Way
5147,Johnny Cash,American IV: The Man Comes Around
5148,Frank Sinatra,"Trilogy: Past, Present & Future"
5149,Little Richard,King Of Rock And Roll
5152,Little Richard,The Rill Thing
5153,Little Richard,The Essential Little Richard
5156,Little Richard,"The Very Best Of ""Little Richard"""
5158,Buddy Holly,The Definitive Collection
5162,The Velvet Underground,Loaded
5193,Stevie Wonder,Songs In The Key Of Life
5194,Eric Clapton,John Mayall & The Bluesbreakers - Anthology
5195,Cream,Wheels Of Fire
5196,Robert Johnson,The Complete Recordings
5197,Robert Johnson,King Of The Delta Blues
5253,Chet Baker,Chet For Lovers
5262,Charlie Parker,"Savoy's Charlie, Vol. 1"
5264,Charlie Parker,Keep Be-Bop Alive - Years Between 1940 - 1950
5265,Keith Jarrett Trio,Les Incontournables du Jazz
5266,Chet Baker,My Funny Valentine: The Best Of Chet Baker
5268,John Coltrane,The Very Best of John Coltrane
5270,Gerry Mulligan,Gerry Mulligan Meets Ben Webster
5271,Coleman Hawkins,Saga Jazz: European Delights 1933-1939
5272,Miles Davis,Footprints: The Life And Music Of Wayne Shorter
5274,Sonny Boy Williamson II,His Best
5275,Muddy Waters,King Of The Electric Blues
5276,Otis Spann,Someday
5277,Albert King,King Of The Blues Guitar
5278,Otis Rush,Mourning In The Morning
5279,B.B. King,Classic Masters
5280,Howlin' Wolf,20th Century Masters: The Millennium Collection: The Best Of Howlin' Wolf
5281,Freddie King,My Feeling For the Blues
5282,Lightnin' Hopkins,The Roots of Led Zeppelin
5283,T-Bone Walker,T-Bone Blues
5284,Little Walter,His Best
5286,Bo Diddley,The Chess Box
5287,John Lee Hooker,Boom Boom
5288,Ray Charles,"Ray Charles (aka: Hallelujah, I Love Her So)"
5289,Elmore James,Shake Your Money Maker: The Best Of The Fire Sessions
5290,Sonny Boy Williamson II,Sonny Boy Williamson & The Yardbirds
5295,John Mayall & The Bluesbreakers,Bluesbreakers
5308,Cream,Fresh Cream
5332,John Mayall & The Bluesbreakers,A Hard Road
5344,Peter Green,Crusade
5369,The Paul Butterfield Blues Band,The Paul Butterfield Blues Band
5383,Imagine Dragons,Imagine Dragons
5384,Aquilo,Midnight
5385,Amy Winehouse,Back To Black: B-Sides
5386,Sufjan Stevens,Carrie & Lowell
5387,John Mayall,Crusade
5389,Sonny Thompson,Crusade
5390,Mick Taylor,Crusade
5391,Willie Dixon,Crusade
5392,Sonny Boy Williamson II,Crusade
5395,Muddy Waters,Father Of Chicago Blues
5396,Eddie Vedder and Natalie Maines,Golden State (Live)
5398,Jimmy Page,Outrider
5400,Duke Ellington,Jazz Profiles
5401,Woody Shaw,Rosewood
5402,Art Tatum,Blue Berlin
5403,Jelly Roll Morton,Jazz King Of New Orleans
5404,Bill Evans,Portrait In Jazz [Keepnews Collection]
5405,Art Blakey & The Jazz Messengers,Moanin'
5407,The Dave Brubeck Quartet,Time Out
5408,Wynton Kelly,"Complete Vee Jay Studio Recordings (1959-1961, Wynton Kelly Trio)"
5409,Charlie Parker,Jazz Masters
5443,The Velvet Underground,The Velvet Underground
5449,The Velvet Underground,White Light / White Heat
5455,Joy Division,Unknown Pleasures
5458,Rush,Moving Pictures
5476,Allman Brothers Band,At Fillmore East
5478,Pink Floyd,The Piper at the Gates of Dawn
5480,Pink Floyd,Meddle
5481,Pink Floyd,Wish You Were Here
5525,Bob Dylan,John Wesley Harding
5561,Red Hot Chili Peppers,The Getaway
5598,Lou Reed,New York
5686,Bob Dylan,Bob Dylan
5687,The Animals,Most of the Animals
5697,OneRepublic,Future Looks Good
5699,The Moody Blues,Live At The Isle Of Wight
5700,The Doors,Waiting for the Sun
5703,Lou Reed,American Poet
5705,Lou Reed,Berlin
5786,The Weeknd,Starboy
5787,Twenty One Pilots,Cancer
5788,Kings of Leon,WALLS
5789,Twenty One Pilots,Twenty One Pilots
5802,Wes Walker,Jordan Belfort
5814,Bastille,Wild World - Complete Edition
5826,J Balvin,Energía
5829,J Balvin,La Familia
5909,The Killers,Peace Of Mind
5910,The Rolling Stones,Just Your Fool
5912,OneRepublic,Oh My My
5914,Green Day,Revolution Radio
5934,Kaiser Chiefs,Stay Together
5935,The Chainsmokers,All We Know
5936,The Chainsmokers,Closer
5953,Vicente Fernández,Vicente Fernández Y Sus Corridos Consentidos
5954,Julio Iglesias,México
5955,Vicente Fernández,Que De Raro Tiene
5956,Vicente Fernández,Mano a Mano - Tangos a la Manera de Vicente Fernández
5958,Vicente Fernández,"35 Anniversary Re-mastered Series, Vol. 21"
5959,Vicente Fernández,Historia De Un Idolo Vol.II
5960,Vicente Fernández,"35 Anniversary Re-mastered Series, Vol. 7"
5961,Pedro Infante,100 Mejores Exitos De La Musica - Rancheras Y Corridos Mexicanos
5962,Pedro Infante,Colección de Lujo
5963,Pedro Infante,Colección Mitos Pedro Infante
5964,José Alfredo Jimenez,Sigo Siendo El Rey
5965,José Alfredo Jimenez,Brillantes - Jose Alfredo Jimenez
5967,Jorge Negrete,"50 Aniversario Luctuoso - Jorge Negrete ""El Charro Cantor"" Vol. 2"
5971,Antonio Aguilar,Corridos Antonio Aguilar
5972,Antonio Aguilar,Mi Historia - Antonio Aguilar
5973,Antonio Aguilar,Animas Que Amanezca
5974,Antonio Aguilar,"Rancheras, Corridos y Huapangos"
5978,Pedro Infante,60 Grandes Rancheras Mexicanas
5984,José Alfredo Jimenez,Sus Grandes Corridos y Rancheras
5997,Jorge Negrete,Tesoros De Coleccion - Jorge Negrete
5998,Vicente Fernández,"35 Anniversary Re-mastered Series, Vol. 20"
5999,Valentín Elizalde,Lo Mejor De Homenaje A Una Vida
6000,Banda El Recodo,Te Presumo
6001,Pablo Montero,La Más Completa Colección
6002,Juan Gabriel,Mi Historia Musical - Juan Gabriel
6003,Javier Solís,Mis Favoritas
6004,Pepe Aguilar,Mi Historia - Pepe Aguilar
6005,Pedro Fernández,La Más Completa Colección
6006,Pedro Fernández,Acaríciame El Corazón
6007,José Alfredo Jimenez,"Sus mejores corridos, rancheras, huapangos…"
6015,Luis Miguel,Grandes Éxitos
6058,Victor Cordero,Le canta a México
6059,Traditional,Le canta a México
6060,María Grever,Le canta a México
6061,José Alfredo Jimenez,Le canta a México
6062,Giuseppe Verdi,50 Greatest Tracks
6063,Georges Bizet,50 Greatest Tracks
6064,Giacomo Puccini,50 Greatest Tracks
6066,María Grever,50 Greatest Tracks
6067,Gioachino Rossini,50 Greatest Tracks
6069,Ernesto Lecuona,50 Greatest Tracks
6073,Jacques Offenbach,50 Greatest Tracks
6079,Armando Manzanero,Le canta a México
6080,Agustín Lara,Le canta a México
6082,Consuelo Velasquez,Le canta a México
6083,Renato Leduc,Le canta a México
6084,Juan Gabriel,Le canta a México
6102,Eliseo Robles,Corridos Famosos
6119,Craig Alston,Take a Walk (Soul Step Remix)
6120,Audio Bug,Take a Walk
6121,Bolz Bolz,The Collection Vol. 3
6122,Passion Pit,Kindred
6123,Maroon 5,Don't Wanna Know
6135,Two Door Cinema Club,Gameshow
6151,The Naked And Famous,Simple Forms
6173,Keith Richards,Main Offender
6204,Bruno Mars,24K Magic
6209,Muddy Waters,I'm Ready
6211,Domenico Modugno,The 50 Greatest Vocal Hits
6224,Gene Barge,Crusade
6294,My Chemical Romance,The Black Parade
6311,My Chemical Romance,Three Cheers for Sweet Revenge
6468,Chance the Rapper,Coloring Book
6483,KYLE,Smyle
6488,Alex Wiley,Navigator Truck (feat. Calez & Chance The Rapper) - Single
6490,Alex & Sierra,As Seen On TV
6493,John Mayer,Love on the Weekend
6494,Red Hot Chili Peppers,By the Way
6497,Black Sabbath,The Ultimate Collection
6498,Def Leppard,Pour Some Sugar On Me (2012)
6499,Iron Maiden,Somewhere Back in Time (The Best of 1980 - 1989)
6501,ZZ Top,Eliminator
6503,Guns N' Roses,Use Your Illusion II
6505,Howlin' Wolf,The Chess Box
6509,Muddy Waters,"Muddy ""Mississippi"" Waters Live (Legacy Edition)"
6513,John Lee Hooker,His Best Chess Sides
6514,The Black Keys,Brothers
6528,Kings of Leon,Youth And Young Manhood
6529,Yusuf / Cat Stevens,The Very Best Of Cat Stevens
6530,The Beatles,Past Masters
6531,Zac Brown Band,You Get What You Give
6533,Daughtry,Leave This Town
6536,The Beatles,Sgt. Pepper's Lonely Hearts Club Band
6538,Led Zeppelin,Houses of the Holy
6545,The Beatles,Let It Be
6548,Pink Floyd,Animals
6549,The Black Keys,The Big Come Up
6551,The Strokes,Comedown Machine
6552,The Strokes,First Impressions Of Earth
6553,Train,Does Led Zeppelin II
6555,U2,The Joshua Tree
6556,U2,Achtung Baby
6557,Michael Martin Murphey,Country X-Mas
6558,Dirty Mac,The Rolling Stones Rock and Roll Circus
6563,Green Day,¡TRÉ!
6564,Green Day,American Idiot
6579,Radiohead,In Rainbows
6590,Linkin Park,Minutes to Midnight
6591,All Time Low,"So Wrong, It's Right (Deluxe Version)"
6600,Green Day,21st Century Breakdown
6601,Fall Out Boy,From Under The Cork Tree
6603,Simple Plan,Still Not Getting Any
6606,Thirty Seconds To Mars,A Beautiful Lie
6607,blink-182,Enema Of The State
6610,Arctic Monkeys,"Whatever People Say I Am, That's What I'm Not"
6613,The Killers,Sam's Town
6621,Arctic Monkeys,Favourite Worst Nightmare
6622,Kings of Leon,Aha Shake Heartbreak
6645,The Strokes,Angles
6652,Fall Out Boy,Infinity On High
6675,Kanye West,My Beautiful Dark Twisted Fantasy
6677,Simple Plan,Get Your Heart On!
6680,Hugo,Old Tyme Religion
6688,Juanes,Un Día Normal
6692,Bob Dylan,The Freewheelin' Bob Dylan
6702,Arctic Monkeys,Suck It And See
6710,The Script,The Script
6715,The Fray,The Fray
6721,The Beatles,With The Beatles
6726,The Beatles,Beatles For Sale
6776,Linkin Park,A Thousand Suns
6795,Linkin Park,Hybrid Theory
6799,Linkin Park,New Divide
6805,The White Stripes,White Blood Cells
6807,The White Stripes,Get Behind Me Satan
6823,The White Stripes,Under Great White Northern Lights
6856,Fall Out Boy,American Beauty/American Psycho
6857,Pearl Jam,Vs.
6873,Train,Bulletproof Picasso
6875,Adele,21
6877,Pink Floyd,The Wall
6878,Radiohead,Kid A
7125,Ed Sheeran,+
7138,Tame Impala,Lonerism
7146,Coldplay,A Head Full of Dreams
7148,Reik,Des/Amor
7154,Queen,Jazz
7155,The Rolling Stones,Goats Head Soup
7178,The White Stripes,The White Stripes
7182,My Chemical Romance,Welcome to the Black Parade (Steve Aoki 10th Anniversary Remix)
7211,Brandon Flowers,Flamingo
7233,Elton John,Elton John
7239,Billy Joel,Storm Front
7248,Maroon 5,It Won't Be Soon Before Long
7251,Elton John,Goodbye Yellow Brick Road
7259,The Fray,Helios
7261,Arcade Fire,The Suburbs
7280,Stevie Ray Vaughan,The Real Deal: Greatest Hits Volume 1
7284,Zac Brown Band,"The Grohl Sessions, Vol. 1"
7298,Mumford & Sons,Sigh No More
7299,BØRNS,Dopamine
7302,Daughtry,Daughtry
7303,The Black Keys,Chulahoma
7319,Phillip Phillips,The World From The Side Of The Moon
7340,Train,"Save Me, San Francisco (Golden Gate Edition)"
7341,Pink Floyd,The Dark Side of the Moon
7344,The Maine,Black & White
7351,Ricardo Arjona,Sólo Para Mujeres
7358,Kings of Leon,Come Around Sundown
7362,Billy Joel,Piano Man (Legacy Edition)
7379,Coldplay,Viva La Vida or Death and All His Friends
7389,The Rolling Stones,Blue & Lonesome
7390,The Rolling Stones,The Rolling Stones In Mono
7395,Portugal. The Man,Noise Pollution (feat. Mary Elizabeth Winstead & Zoe Manville)
7396,Train,Working Girl
7397,The Last Shadow Puppets,Everything You've Come To Expect
7398,The Last Shadow Puppets,Les Cactus
7400,The Last Shadow Puppets,The Age Of The Understatement
7402,The Libertines,The Libertines
7403,Kaiser Chiefs,"Yours Truly, Angry Mob"
7404,Kaiser Chiefs,Employment
7405,Kasabian,48:13 (Deluxe)
7407,MGMT,Congratulations
7419,Elton John,Rocket Man
7423,David Bowie,Five Years (1969 - 1973)
7427,Billy Joel,Piano Man: The Very Best of Billy Joel
7428,Billy Joel,Greatest Hits Volume I & Volume II
7450,Alejandro Fernández,Alejandro Fernandez 15 Años De Exitos
7493,Red Hot Chili Peppers,Stadium Arcadium
7495,Bruno Mars,Doo-Wops & Hooligans
7501,Black Joe Lewis,Electric Slave
7553,Matchbox Twenty,North
7555,The Maine,Pioneer
7570,Queen,Hot Space
7586,Elvis Presley,If I Can Dream: Elvis Presley with the Royal Philharmonic Orchestra
7590,Whitesnake,Slide It In
7621,Young the Giant,Young The Giant
7634,The Maine,Can't Stop Won't Stop (Holiday Deluxe Edition)
7645,Lifehouse,No Name Face
7656,Michael Jackson,Thriller 25 Super Deluxe Edition
7658,Muse,The Resistance
7670,U2,All That You Can't Leave Behind
7676,3 Doors Down,Away From The Sun
7705,Reik,Un Dia Mas (Edicion Especial)
7707,Train,Drops Of Jupiter
7737,Phillip Phillips,Behind The Light
7761,Michael Jackson,XSCAPE
7779,Eminem,Recovery
7796,Bad Meets Evil,Hell: The Sequel
7798,The Temper Trap,Fall Together
7800,Twenty One Pilots,Heathens
7804,Twenty One Pilots,Blurryface
7805,Panic! At The Disco,Death of a Bachelor
7807,Cage The Elephant,Tell Me I'm Pretty
7808,Band of Horses,Why Are You OK
7810,David Bowie,Diamond Dogs
7812,Stealers Wheel,Reservoir Dogs
7813,Little Richard,The Georgia Peach
7814,Elvis Presley,Elvis
7815,Elvis Presley,Elvis 75 - Good Rockin' Tonight
7817,Stray Cats,Rock This Town - The Collection
7818,Stray Cats,Stray Cats
7819,Chuck Berry,You Never Can Tell: His Complete Chess Recordings 1960 -1966
7820,Chuck Berry,One Dozen Berry's
7821,Chuck Berry,Berry Is On Top
7823,Chuck Berry,Rockin' At The Hops
7824,Chuck Berry,New Juke Box Hits
7825,Chuck Berry,St. Louis to Liverpool
7826,Chuck Berry,Rock 'N' Roll Rarities
7827,Chuck Berry,Gold
7828,The Everly Brothers,The Very Best of The Everly Brothers
7829,The Baseballs,Strike!
7830,Lee Rocker,Night Train to Memphis
7834,Bryan Adams,Get Up
7835,Mr. Breathless,Bluelight Rockabillies Vol. 3
7836,Johnny Burnette & The Rock 'N' Roll Trio,Tear It Up: The Complete Legedary Coral Recordings
7837,Carl Perkins,The Best Of Carl Perkins
7838,Carl Perkins,The Dance Album
7845,Elvis Presley,Elvis' Golden Records
7850,The Black Keys,Lonely Boy
7856,Alex & Sierra,It's About Us
7892,Train,California 37
7893,Lifehouse,Who We Are
7902,Simple Plan,"No Pads, No Helmets...Just Balls"
7904,Buddy Holly,The Great Buddy Holly
7920,David Bowie,Heroes
7927,Lifehouse,Lifehouse / No Name Face / Stanley Climbfall
7985,Lifehouse,Smoke & Mirrors
7993,Buddy Holly & The Crickets,Down The Line Rarities
7994,Buddy Holly,Down The Line Rarities
7995,Les Misérables-Original London Cast,Les Misérables (Original 1985 London Cast Recording)
7996,Les Misérables - 10th Anniversary Concert Cast,Les Misérables (In Concert at the Royal Albert Hall)
7997,Les Misérables - International Cast,Les Misérables: The Complete Symphonic Recording
8004,The Clash,Combat Rock (Remastered)
8010,The Doors,L.A. Woman
8011,Steppenwolf,Born To Be Wild: A Retrospective
8014,David Bowie,Aladdin Sane
8020,Soda Stereo,Me Verás Volver (Hits & Más)
8065,Caesars,39 Minutes of Bliss (In An Otherwise Meaningless World)
8111,Jerry Lee Lewis,Jerry Lee Lewis
8114,Fats Domino,The Fats Domino Jukebox: 20 Greatest Hits The Way You Originally Heard Them
8115,Jerry Lee Lewis,The Hits
8118,Jerry Lee Lewis,Jerry Lee's Greatest
8120,Jerry Lee Lewis,Original Golden Hits - Volume 1
8121,Jerry Lee Lewis,Rockabilly Classics
8122,Roy Orbison,The Essential Roy Orbison
8123,Roy Orbison,Mystery Girl
8124,Roy Orbison,Crying
8157,Ricardo Arjona,Santo Pecado
8170,The Avett Brothers,I And Love And You
8178,My Chemical Romance,May Death Never Stop You
8196,The Naked And Famous,"Passive Me, Aggressive You"
8197,Cold War Kids,Hold My Home
8199,Peter Bjorn and John,Electracoustic (Electronic Acoustic)
8202,Empire Of The Sun,Ice On The Dune
8203,MisterWives,Our Own House
8204,The Wombats,Glitterbug
8205,The Griswolds,Be Impressive
8206,Bad Suns,Language & Perspective
8207,The Colourist,The Colourist
8209,BØRNS,Seeing Stars
8211,Saint Motel,My Type EP
8234,Hugo,Deep In The Long Grass
8244,Coldplay,Talk
8257,M83,"Hurry up, We're Dreaming"
8274,Bowling For Soup,I've Never Done Anything Like This
8275,Good Charlotte,Good Morning Revival
8276,Good Charlotte,The Young and The Hopeless
8278,Jimmy Eat World,Bleed American
8279,New Found Glory,From The Screen To Your Stereo Part II
8280,Bowling For Soup,A Hangover You Don't Deserve
8281,Bowling For Soup,The Great Burrito Extortion Case
8282,BOYS LIKE GIRLS,Boys Like Girls
8317,The Maine,The Way We Talk
8355,Coldplay,Life in Technicolor ii
8358,Hailee Steinfeld,HAIZ
8359,FRENSHIP,Truce - EP
8360,Sia,This Is Acting
8362,Martin Solveig,Do It Right
8363,Galantis,Love on Me
8364,Charlie Puth,Nine Track Mind
8365,The Chainsmokers,Don't Let Me Down
8366,Sia,This Is Acting (Deluxe Version)
8367,Kygo,Cloud Nine
8368,The Chainsmokers,Setting Fires
8369,Zara Larsson,Ain't My Fault
8371,Shawn Mendes,Illuminate
8372,Jonas Blue,Perfect Strangers
8384,John Oszajca,From There To Here
8398,Bacilos,Grandes Exitos
8475,Miossec,1964
8476,Keren Ann,La Biographie De Luka Philipse
8478,Bobby Hutcherson,Components
8479,Bill Evans,Everybody Digs Bill Evans
8480,Charlie Parker,All the Things You Are
8481,Humphrey Lyttelton,The Best Of Humphrey Lyttelton
8482,Ken McIntyre,Looking Ahead
8484,Booker Ervin,That's It
8485,Joséphine Baker,La Conga Blicoti
8486,Sidney Bechet,Les Années Bechet
8487,Swing 41,Midnight in Paris (Music from the Motion Picture)
8488,Original Paris Swing,Midnight in Paris (Music from the Motion Picture)
8489,Stephane Wrembel,Midnight in Paris (Music from the Motion Picture)
8490,Conal Fowkes,Midnight in Paris (Music from the Motion Picture)
8494,Daniel May,Midnight in Paris (Music from the Motion Picture)
8495,Dana Boulé,Midnight in Paris (Music from the Motion Picture)
8496,Yrving & Lisa Yeras,Midnight in Paris (Music from the Motion Picture)
8497,Czech National Symphony Orchestra,Midnight in Paris (Music from the Motion Picture)
8498,Francois Parisi,Midnight in Paris (Music from the Motion Picture)
8499,Roy Orbison,Roy Orbison: The MGM Years 1965 - 1973
8500,Elvis Presley,Elvis Presley
8504,Elvis Presley,Loving You
8505,Elvis Presley,Elvis' Christmas Album
8508,Elvis Presley,The 50 Greatest Love Songs
8510,Elvis Presley,Blue Hawaii
8512,Elvis Presley,Burning Love
8513,Empire Of The Sun,Two Vines
8522,Etta James,At Last!
8523,Tony Bennett,Jazz
8524,Tony Bennett,The Classics
8526,Tony Bennett,60 Years: The Artistry of Tony Bennett
8529,Tony Bennett,When Lights Are Low
8538,Michael Bolton,"Time, Love & Tenderness"
8539,Dean Martin,The Capitol Years
8540,Dean Martin,Dino: The Essential Dean Martin
8541,Dean Martin,The Essential Dean Martin
8543,Dean Martin,This Is Dean Martin
8545,Sammy Davis Jr.,I've Gotta Be Me: The Best Of Sammy Davis Jr.
8549,Ella Fitzgerald,Ella & Friends
8551,Bobby Darin,Sing & Swing with Bobby Darin
8552,Frank Sinatra,L.A. Is My Lady
8553,Nina Simone,I Put A Spell On You
8554,Sam Cooke,The Man Who Invented Soul
8555,Nat King Cole,L-O-V-E
8557,Frank Sinatra,Sinatra And Swingin' Brass
8561,Frank Sinatra,Kiss Me - Love Songs for Lovers
8562,Bobby Darin,The Ultimate Bobby Darin
8564,Frank Sinatra,Come Fly With Me
8566,Dean Martin,"Hey, Brother Pour The Wine"
8567,Dean Martin,Italian Love Songs
8568,Dean Martin,At The Movies
8569,Dean Martin,A Winter Romance
8570,Dean Martin,Amore
8572,Dean Martin,Swingin' Down Yonder
8573,Dean Martin,French Style
8580,Tony Bennett,Cheek To Cheek
8582,Bobby Darin,Bobby Darin
8603,Jack Jones,Greatest Hits: Jack Jones
8606,The Moonglows,GoodFellas - Music From The Motion Picture
8607,Muddy Waters,GoodFellas - Music From The Motion Picture
8608,Tony Bennett,GoodFellas - Music From The Motion Picture
8609,Tony Bennett,Viva Duets
8610,Marc Anthony,3.0
8611,Jennifer Lopez,Olvídame y Pega la Vuelta
8613,Marc Anthony,Sigo Siendo Yo
8614,Marc Anthony,Iconos
8616,Carlos Baute,De mi puño y letra - Edicion Coleccionista
8621,Lynyrd Skynyrd,The Essential Lynyrd Skynyrd
8627,Joan Sebastian,Colecciàn De Oro Vol.5 - Joan Sebastian
8725,Tony Bennett,Strike Up The Band (Digitally Remastered)
8726,Vic Damone,That Towering Feeling
8728,Sammy Davis Jr.,The Sammy Davis Jr. Show with Special Guests Stars Frank Sinatra and Dean Martin
8732,Nat King Cole,The Extraordinary
8735,Nat King Cole,Holidays & Hits
8742,Buddy Rich Big Band,Big Swing Face
8743,Joe Jackson,Jumpin' Jive
8752,Thalia,Habítame Siempre Edición Especial
8788,Tony Bennett,Snowfall - The Tony Bennett Christmas Album
8790,Perry Como,Greatest Christmas Songs
8791,Michael Bublé,Christmas
8796,José Feliciano,Feliz Navidad
8797,Nat King Cole,The Christmas Song
8798,Bing Crosby,The Merry Christmas Collection
8799,Johnny Mathis,The Christmas Music Of Johnny Mathis: A Personal Collection
8800,Bing Crosby,Christmas
8801,"Harry Connick, Jr.",What A Night! A Christmas Album
8814,Bobby Darin & The Rinky-Dinks,The Ultimate Bobby Darin
8841,Luis Fonsi,Lo Mejor De...
8859,Bobby Darin,Beyond the Sea
8866,Bobby Darin,That's All
8873,Bobby Darin,The Swinging Side Of Bobby Darin
8877,Bobby Darin,You're The Reason I'm Living
8878,Bobby Darin,Capitol Collectors Series
8879,Bobby Darin,I Got Rhythm
8882,Bobby Darin,The Legendary Bobby Darin
8884,Bobby Darin,Golden Folk Hits
8885,Bobby Darin,Mack The Knife
8887,Sammy Davis Jr.,Capitol Collector's Series
8888,Sammy Davis Jr.,20th Century Masters: The Millennium Collection: Best Of Sammy Davis Jr.
8901,Dean Martin,Christmas Music 100 Hits
8908,Dean Martin,"Dean Martin: The Capitol Recordings, Vol. 4 (1952-1954)"
8909,Dean Martin,The Singles
8911,Dean Martin,Cha Cha De Amor
8994,Nicky Jam,El Perdón (w/ Enrique Iglesias)
9038,The Black Keys,Turn Blue
9052,Twenty One Pilots,TOPxMM
9152,Muse,Black Holes and Revelations
9153,Adam Levine,V
9159,4 Non Blondes,"Bigger, Better, Faster, More !"
9224,The Fray,Scars & Stories
9237,B.B. King,Blues Kingpins
9476,Michael Jackson,Bad 25th Anniversary
9480,The Black Keys,El Camino
9491,Lady A,Need You Now
9508,Michael Jackson,Bad
9513,We The Kings,Smile Kid
9604,Tony Bennett,Duets II
9606,Tony Bennett,Duets An American Classic
9608,Tony Bennett,A Swingin' Christmas (feat. Count Basie Big Band)
9617,Tony Bennett,The Silver Lining - The Songs of Jerome Kern
9625,Tony Bennett,Winter Wonderland
9793,Matthew And The Atlas,To the North
9814,3 Doors Down,The Better Life
9878,Lady A,Own The Night
9939,Ed Sheeran,Castle on the Hill
9940,Ed Sheeran,Shape of You
9942,Stevie Ray Vaughan,Couldn't Stand The Weather
9948,Carlos Vives,La Bicicleta
9963,Aerosmith,I Don't Want To Miss A Thing
9998,John Mayer,Heavier Things
10092,Jimi Hendrix,Axis: Bold As Love
10126,Stevie Ray Vaughan,The Sky Is Crying
10132,Andy Grammer,Andy Grammer
10168,Paul McCartney,Wings Over America
10222,Reik,Secuencia
10242,Eminem,Curtain Call: The Hits
10327,Labrinth,Electronic Earth
10378,Muse,The 2nd Law
10389,The Proclaimers,Finest
10720,Creedence Clearwater Revival,Mardi Gras
10731,Bruno Mars,It Will Rain
10742,Norman Greenbaum,The Original Hit Recording - Spirit in the Sky
10754,Oasis,(What's The Story) Morning Glory?
10794,Arctic Monkeys,Humbug
10866,The Killers,Direct Hits
10898,Ricardo Arjona,Independiente
10923,JAY-Z,Magna Carta... Holy Grail
10925,Klingande,Jubel
10930,Andy Grammer,Magazines or Novels
11038,Secondhand Serenade,A Naked Twist in My Story
11159,Rhythms Del Mundo,Classics
11161,Lynyrd Skynyrd,Second Helping
11162,Lynyrd Skynyrd,Pronounced' Leh-'Nerd 'Skin-'Nerd
11166,Eagles,Eagles
11167,Eagles,Desperado
11169,Eagles,The Long Run
11170,Simon & Garfunkel,The Graduate
11385,Camila,Dejarte De Amar
11386,Wisin,Vacaciones
11389,Maluma,La Temperatura (feat. Eli Palacios)
11390,Matt Simons,When The Lights Go Down
11562,Angel Y Khriz,Latin Fitness Dance 2012
11563,J Balvin,J Balvin Mix Tape
11565,Zion & Lennox,Pierdo la Cabeza (Remix) [feat. Farruko & Yandel]
11574,Juan Magán,Bailando por Ahi
11575,Zion & Lennox,Otra Vez (feat. J Balvin)
11584,Chino & Nacho,Radio Universo
11591,Drake,Views
11598,DJ Kelvin El Sacamostro,Greatest Hits
11603,Rihanna,ANTI
11604,Ginuwine,R&B: From Doo-Wop To Hip-Hop
11606,T-Pain,Booty Wurk (One Cheek At a Time) (feat. Joey Galaxy)
11607,Diddy,R&B Hits
11609,Sisqo,Unleash The Dragon
11610,T-Wayne,Nasty Freestyle
11611,Next,R&B Party
11612,R. Kelly,The Essential R. Kelly
11613,Trey Songz,Trigga Reloaded
11614,Jonn Hart,Who Booty (Remix) (feat. French Montana)
11615,R. Kelly,R&B Party
11616,DJ Khaled,Victory
11617,50 Cent,The Massacre
11618,Cassidy,R&B Party
11619,Miguel,Kaleidoscope Dream (Deluxe Version)
11620,Chris Brown,Fan of A Fan The Album (Expanded Edition)
11621,50 Cent,Get Low
11622,Sam Feldt,Show Me Love
11623,Petey Pablo,R&B Party
11624,Tyga,Fuk Wat They Talkin Bout
11625,Miguel,All I Want Is You
11627,112,R&B Hits
11628,J-Kwon,R&B Party
11762,Arcade Fire,Reflektor
11877,The Kinks,The Anthology 1964 - 1971
11906,One Direction,Take Me Home: Yearbook Edition
11913,Van Morrison,Blowin' Your Mind!
11935,Men At Work,The Best Of Men At Work: Contraband
11936,TOTO,Toto
11937,Walk off the Earth,Closer
11938,Blue Swede,Hooked On A Feeling
11939,Counting Crows,Films About Ghosts: The Best Of...
11941,NEIKED,Sexual
11942,Outasight,Nights Like These
11943,Gnarls Barkley,St. Elsewhere
11944,"Earth, Wind & Fire",Raise!
11945,Lit,A Place In The Sun
11946,"Earth, Wind & Fire",The Eternal Dance
11947,Ferras,Closer
11949,Jason Mraz,Live Is a Four Letter Word
11950,Nathaniel Rateliff & The Night Sweats,Nathaniel Rateliff & The Night Sweats
11952,Dave Matthews Band,Crash
11982,John Mayer,The Search for Everything - Wave One
11986,Imagine Dragons,Believer
11987,Imagine Dragons,Levitate
12042,Phoenix,Wolfgang Amadeus Phoenix
12225,Lucah,Mi Vida Eres Tú
12226,Lucah,Domingo en la Mañana
12309,Flogging Molly,Drunken Lullabies
12339,Lucio Dalla,Dolce Vita
12367,Ed Sheeran,How Would You Feel (Paean)
12405,Maroon 5,Cold
12432,John Mayer,The Search for Everything - Wave Two
12438,Train,Play That Song
12497,Bob Dylan,New Morning
12499,Lorde,Green Light
12500,Coldplay,Hypnotised
12501,Ed Sheeran,÷
12506,Ricky Martin,Vente Pa' Ca (feat. Maluma)
12507,Lil Wayne,Tha Carter III
12592,Jonas Blue,By Your Side
12598,The Vamps,All Night
12748,Lorde,Liability
12749,Lorde,Yellow Flicker Beat
12883,Passenger,Whispers (Deluxe)
13096,Oasis,Heathen Chemistry
13177,Ed Sheeran,Shape of You (feat. Zion & Lennox)
13251,Kansas,Point Of Know Return
13566,Ben Howard,I Forget Where We Were
13567,Birdy,Let It All Go
13573,Birdy,Fire Within
13576,Megan Davies,"Chains, Drag Me Down"
13578,Birdy,Birdy
13581,James Blunt,Make Me Better
13582,Passenger feat. Josh Pyke,Flight Of The Crow
13584,Birdy,Beautiful Lies
13587,Passenger,Young as the Morning Old as the Sea
13589,Amos Lee,Spirit
13597,Megan Davies,"See You Again, Love Me Like You Do, Sugar"
13598,Townes Van Zandt,Townes Van Zandt
13601,Vance Joy,God Loves You When You're Dancing
13603,James Morrison,Higher Than Here
13604,Passenger,A Kindly Reminder
13606,Megan Davies,"The Monster, Wake Me Up (Acoustic Mashup)"
13611,Megan Davies,All I Ever Want Is You
13612,Townes Van Zandt,The Late Great Townes Van Zandt
13613,Benjamin Francis Leftwich,Super 8 Eyes
13620,Passenger,Wide Eyes Blind Love
13622,Benjamin Francis Leftwich,Last Smoke Before the Snowstorm
13623,Foy Vance,Live At Bangor Abbey
13629,James Bay,Running
13635,Megan Davies,I Wanna Dance with Somebody
13645,Megan Davies,Heroes (We Could Be) [feat. Landon Austin]
13650,Yusuf / Cat Stevens,Teaser And The Firecat
13658,Gavin James,Bitter Pill
13667,Townes Van Zandt,"Live at the Old Quarter, Houston, Texas"
13669,Megan Davies,The Fight / Where Is the Love (feat. Jaclyn Davies)
13678,Megan Davies,Infinite (Something Loud)
13681,James Blunt,All the Lost Souls
13732,Gorillaz,Andromeda (feat. D.R.A.M.)
13735,Franz Ferdinand,Tonight: Franz Ferdinand
13736,Franz Ferdinand,You Could Have It So Much Better
13737,Franz Ferdinand,"Right Thoughts, Right Words, Right Action"
13742,Drake,More Life
13745,Klingande,Jubel (Remixes)
13746,Klingande,RIVA (Restart The Game)
13748,Klingande,Somewhere New (feat. M-22)
13749,Bakermat,Uitzicht - EP
13750,Bakermat,Zomer
13751,Bakermat,One Day (Vandaag)
13752,Bakermat,Teach Me
13753,Bakermat,Games (feat. Marie Plassard)
13754,Bakermat,Ballade
13756,Bakermat,Living (feat. Alex Clare)
13757,Bakermat,Dreamreacher (feat. Dumang)
13758,Bakermat,Living (Remixes) (feat. Alex Clare)
13760,Bakermat,Games Continued (feat. Marie Plassard)
13761,Bakermat,Baby
13763,Disclosure,Settle
13764,Chet Faker,Digging the Blogosphere
13765,Jabberwocky,Lunar Lane
13766,Max Manie,Sunday EP
13767,Robin Schulz,Same EP
13768,Faul,Happy Endings
13769,Faul & Wad,Changes
13770,Vance Joy,Riptide
13771,Marvin Gaye,Sexual Healing
13772,Ruby Empress,Escapism Deluxe
13773,Dopla,Lights
13774,Wallace,Vinyl Skip
13775,Star Slinger,We Could Be More EP
13776,De Hofnar,Zonnestraal
13777,GAMPER & DADONI,Oxas
13779,De Hofnar,Back In The Day
13781,The Avener,The Wanderings Of The Avener
13782,P.E.O,Insane About It EP
13783,Lilly Wood and The Prick,Prayer
13784,filous,Dawn EP
13785,Claptone,No Eyes (Remixes) [feat. Jaw]
13786,Bakermat,"Kittball Konspiracy, Vol. 6"
13787,Nora En Pure,Come With Me
13788,Gostan,Klanga
13789,Syn Cole,Miami 82
13790,Watermät,Bullit
13791,Michael Calfan,Treasured Soul
13792,Romeofoxtrott,Memories Remixes
13793,Parra for Cuva,Fading Nights
13794,Akshin Alizadeh,Street Bangerz Volume 8
13795,Josh Wave,Ballroom
13796,Parov Stelar,"Coco, Pt. 1"
13797,Stavroz,The Ginning
13798,MÖWE,The Sun
13817,Stevie Ray Vaughan,In Step
13856,Joan Baez,Joan Baez
13872,Lyle Lovett,Pontiac
14176,Green Day,Nimrod
14357,Kings of Leon,Come Around Sundown (Expanded Edition)
14359,Colbie Caillat,Christmas In The Sand
14395,Ramones,It's Alive
14453,Shakira,Me Enamoré
14526,Arctic Monkeys,Suck It and See
14606,J. Cole,Cole World: The Sideline Story
14607,Kendrick Lamar,Section.80
14613,Macklemore & Ryan Lewis,The Heist
14614,Macklemore & Ryan Lewis,VS. Redux
14935,J. Cole,Born Sinner
14998,John Mayer,The Search for Everything
15045,Andy Grammer,Fresh Eyes
15162,Howard Shore,The Lord of the Rings: The Fellowship of the Ring (Original Motion Picture Soundtrack)
15163,Howard Shore,The Lord of the Rings: The Two Towers (Original Motion Picture Soundtrack)
15164,Howard Shore,The Lord of the Rings - The Return of the King - The Complete Recordings
15170,John Williams,Harry Potter and The Sorcerer's Stone Original Motion Picture Soundtrack
15172,Ennio Morricone,Cinema Paradiso
15174,Aaron Copland,"Copland: Appalachian Spring, Rodeo, Billy the Kid & Fanfare for the Common Man"
15175,Igor Stravinsky,Stravinsky: Symphonies
15176,Antonio Vivaldi,Vivaldi: The Four Seasons
15177,Johann Sebastian Bach,Bach: Violin Concertos
15178,Frédéric Chopin,Chopin: The Complete Études
15179,Johann Sebastian Bach,J.S. Bach: Violin Concertos
15180,Pietro Mascagni,Revive
15181,Jules Barbier,Offenbach : Les Contes d'Hoffmann
15182,Giuseppe Verdi,Verdi: Il trovatore
15183,Igor Stravinsky,Stravinsky: The Rake's Progress
15184,Giuseppe Verdi,Verdi: Rigoletto
15186,Gioachino Rossini,"Mattei, Peter: Great Baritone Arias"
15188,Wolfgang Amadeus Mozart,Mozart: Don Giovanni
15189,Giuseppe Verdi,Verdi
15214,Kendrick Lamar,HUMBLE.
15346,Luis Fonsi,Despacito Feat. Justin Bieber
15405,The Head And The Heart,The Head And The Heart
15409,The Head And The Heart,Signs of Light
15410,The Dubliners,20 Original Greatest Hits
15411,Tracy Chapman,Tracy Chapman
15412,Bob Dylan,Oh Mercy
15453,Dean Martin,"Dean Martin: The Capitol Recordings, Vol. 11 (1960-1961)"
15476,Ramin Djawadi,Game Of Thrones
15477,Michael Giacchino,Ratatouille
15478,Hans Zimmer,Pirates of the Caribbean: At World's End
15479,The Outatime Orchestra,Back To The Future
15481,Hans Zimmer,The Lion King
15482,Alexandre Desplat,"Harry Potter and the Deathly Hallows, Pt. 2 (Original Motion Picture Soundtrack)"
15483,John Williams,Jurassic Park
15484,Ramin Djawadi,Game of Thrones (Music from the HBO® Series - Season 6)
15486,Alexandre Desplat,"Harry Potter and the Deathly Hallows, Pt. 1 (Original Motion Picture Soundtrack)"
15487,James Newton Howard,The Hunger Games: Mockingjay Pt. 1
15488,Nicholas Hooper,Harry Potter And The Half-Blood Prince - Original Soundtrack
15490,Harry Gregson-Williams,"The Chronicles of Narnia: The Lion, The Witch and The Wardrobe"
15498,John Williams,Star Wars: Revenge of the Sith
15499,James Horner,Braveheart
15500,Thomas Newman,Disney/Pixar Greatest
15501,Ryuichi Sakamoto,The Revenant (Original Motion Picture Soundtrack)
15503,Hans Zimmer,Gladiator - Music From The Motion Picture
15504,Henning Kraggerud,Grieg: 3 Concerti for Violin & Chamber Orchestra based on the Sonatas for Violin and Piano
15505,Daniel Jang,"Beauty and the Beast (From ""Beauty and the Beast"") [Violin Version]"
15506,John Williams,Violin Classics
15507,Johann Sebastian Bach,Violin Classics
15523,Enya,The Lord of the Rings: The Fellowship of the Ring (Original Motion Picture Soundtrack)
15544,Emilíana Torrini,The Lord of the Rings: The Two Towers (Original Motion Picture Soundtrack)
15546,Howard Shore,The Lord of the Rings: The Return of the King
15563,Annie Lennox,The Lord of the Rings: The Return of the King
15718,Lana Del Rey,Lust for Life (with The Weeknd)
15719,Skegss,L.S.D
15720,Skegss,Everyone Is Good at Something
15744,Skegss,Holiday Food
15745,The Pinheads,I Wanna Be A Girl
15746,Twerps,Range Anxiety
15747,Chuck Berry,After School Session
15748,Charles Bradley,No Time For Dreaming
15749,The Animals,Animalisms
15750,Dick Diver,"Melbourne, Florida"
15751,Dumb Punts,Coupla Couplas
15752,Melvins,Houdini
15753,Pond,Man It Feels Like Space Again
15755,White Reaper,White Reaper Does It Again
15756,The Almighty Defenders,The Almighty Defenders
15757,Eddy Current Suppression Ring,Wet Cement
15759,The Gooch Palms,Novo's
15760,The Hard Aches,Pheromones
15761,The Lulu Raes,The Way Life Runs
15762,Lyall Moloney,The Architect
15763,The Murlocs,Loopholes
15764,Big Scary,Animal
15766,Sonic Youth,Daydream Nation (Deluxe Edition)
15767,Bloc Party,Silent Alarm
15791,We The Kings,We The Kings
15810,Kenny Rogers,The Gambler
15811,Imagine Dragons,Thunder
15815,Lucah,Voy a Ti
15846,Foster The People,III
15849,X Ambassadors,Torches
15850,OneRepublic,No Vacancy
15945,David Bowie,Hunky Dory
15946,John Cale,Paris 1919
15952,Lou Reed,Lou Reed
15965,Yusuf / Cat Stevens,Tea For The Tillerman
16084,Kygo,First Time
16085,Portugal. The Man,Number One (feat. Richie Havens & Son Little)
16089,Andreas Moe,Ocean
16122,Elvis Presley,"Elvis' Golden Records, Vol. 3"
16176,Black Sabbath,We Sold Our Soul for Rock 'N' Roll
16177,Ramones,Leave Home: Expanded And Remastered
16190,Eric Johnson,Ah Via Musicom
16253,Joey Bada$$,ALL-AMERIKKKAN BADA$$
16254,Mac Miller,The Divine Feminine
16270,Harry Styles,Sign of the Times
16271,John Mayer,Inside Wants Out
16273,Dean Martin,"Dean Martin: The Capitol Recordings, Vol. 9 (1958-1959)"
16278,Dean Martin,"Dean Martin: The Capitol Recordings, Vol. 5 (1954)"
16296,Oasis,Definitely Maybe
16336,Ray LaMontagne,Trouble
16447,Maroon 5,Hands All Over - International Deluxe
16616,Rocío Dúrcal,Amor Eterno
16617,Alejandro Fernández,Piel De Niña
16618,Federico Villa,15 Exitos De Federico Villa - Versiones Originales
16619,José Alfredo Jimenez,Serie 12 Exitos Rancheros
16620,Vicente Fernández,Entre El Amor Y Yo
16621,Los Tigres Del Norte,Jefe De Jefes
16622,Valentín Elizalde,Mi Satisfacción
16624,José Alfredo Jimenez,Serie Platino
16625,Juan Gabriel,Pensamientos
16626,K-Paz De La Sierra,Más Capaces Que Nunca
16627,Vicente Fernández,El Hombre que mas Te Amo
16628,Vicente Fernández,"35 Anniversary Re-mastered Series, Vol. 16"
16629,Christian Nodal,Adiós Amor
16630,Gerardo Ortiz,Ni Hoy Ni Manana
16636,Gerardo Ortiz,La Pasadita
16637,Gerardo Ortiz,Entre Dios y El Diablo (Deluxe Version)
16638,Gerardo Ortiz,El Primer Ministro
16641,Gerardo Ortiz,Para Qué Lastimarme
16642,Gerardo Ortiz,Regresa Hermosa
16645,Banda MS de Sergio Lizárraga,Que Bendición
16646,El Bebeto,Ese Soy Yo
16647,Bronco,Rompiendo Barreras
16649,Julión Álvarez y su Norteño Banda,Con Banda
16650,Julión Álvarez y su Norteño Banda,Ni Lo Intentes
16654,Julión Álvarez y su Norteño Banda,Márchate Y Olvídame
16666,Harry Styles,Harry Styles
16834,The Beatles,Beatles For Sale - Remastered
16948,Muse,Dig Down
16966,Foo Fighters,The Colour And The Shape
16972,Muse,Absolution
16973,Audioslave,Audioslave
16980,Nothing But Thieves,Nothing But Thieves
17053,Lifehouse,Flight
17091,Lou Reed,Sally Can't Dance
17096,Lou Reed,Rock 'n' Roll Animal (Live)
17097,Lou Reed,Coney Island Baby
17100,Lou Reed,The Blue Mask
17104,Sonic Youth,Rather Ripped
17106,Television,Marquee Moon
17108,The Stooges,The Stooges
17109,Iggy Pop,Lust For Life
17113,Iggy Pop,Brick By Brick
17114,Iggy Pop,The Idiot
17117,Sex Pistols,Rockline - Best of 70's
17118,The Undertones,The Anthology
17119,The Cure,"Kiss Me, Kiss Me, Kiss Me"
17121,Joy Division,Substance
17158,Skegss,Fun
17159,Skegss,50 Push Ups for a Dollar
17164,Skegss,My Face
17181,King Gizzard & The Lizard Wizard,Nonagon Infinity
17182,Twin Peaks,Down in Heaven
17184,The Murlocs,Young Blindness
17185,Drunk Mums,Eventual Ghost
17186,King Tuff,Was Dead
17189,San Cisco,San Cisco
17191,Harlem,Casual Victim Pile: Austin 2009
17192,King Tuff,Black Moon Spell
17193,Skegss,Got On My Skateboard
17197,Harlem,Hippies
17198,The Vanns,EP 2.0
17200,San Cisco,SloMo
17201,The Lulu Raes,Swing Me On a Vine of Sunshine
17202,Good Boy,Plum
17204,King Gizzard & The Lizard Wizard,Oddments
17207,The Ruminaters,Mr Bubbles
17208,Chuck Berry,Lady B. Goode
17209,Imagine Dragons,Whatever It Takes
17210,Linkin Park,One More Light
17211,Josh Krajcik,Oblivion
17212,The Stooges,Raw Power
17214,Jerry Lee Lewis,The Essential Jerry Lee Lewis [The Sun Sessions]
17215,The Kinks,Kinks
17218,Ramones,Road to Ruin - Expanded 2005 Remaster
17219,Ramones,End of the Century - Expanded 2005 Remaster
17220,The Replacements,Tim
17222,Dead Kennedys,Fresh Fruit for Rotting Vegetables
17223,Minutemen,Double Nickels on the Dime
17224,Blondie,Atomic/Atomix
17225,Ramones,Crazed San Francisco
17228,The Smiths,The World Won't Listen
17229,The Verve,Urban Hymns
17231,Los Enanitos Verdes,Originales - 20 Exitos
17234,José Maria Napoleón,José María Napoleón
17235,Lola Beltrán,Serie Diamante
17239,Sonic Youth,Goo
17295,Mungo Jerry,In the Summertime
17304,Hands Like Houses,"Punk Goes 90's, Vol. 2"
17305,The Cult,Pure Cult
17306,Bag Raiders,"Bang Gang 12s Compilation, Pt. 1: A Selection"
17307,Jason Mraz,YES!
17308,The Band CAMINO,My Thoughts on You
17309,Mumford & Sons,There Will Be Time
17310,NEEDTOBREATHE,Rivers in the Wasteland
17311,MAGIC!,Don't Kill the Magic
17312,SafetySuit,Life Left To Go
17313,Matoma,Girl At Coachella (with Matoma & MAGIC! feat. DRAM)
17317,BANNERS,BANNERS
17319,Olly Murs,Wrapped Up (feat. Travie McCoy)
17321,Love and Theft,Love and Theft
17322,Remy Zero,The Golden Hum
17324,Bob Dylan,Side Tracks
17325,Third Eye Blind,Third Eye Blind
17328,Morgan Page,Ibiza After Dark
17329,The xx,I See You
17330,Oh Wonder,Oh Wonder
17331,Greg Laswell,Three Flights From Alto Nido
17332,Oscar Isaac,Inside Llewyn Davis: Original Soundtrack Recording
17334,Sublime,Sublime
17335,NEEDTOBREATHE,HAPPINESS
17336,Lord Huron,Strange Trails
17337,Bleachers,Don't Take The Money
17338,The Chainsmokers,Something Just Like This
17339,Bruno Martini,Living On The Outside
17340,David Bowie,'Heroes' / 'Helden' / 'Héros'
17343,Outasight,The Wild Life
17344,The Goo Goo Dolls,Greatest Hits Volume One - The Singles
17345,Rob Thomas,The Great Unknown
17346,The Goo Goo Dolls,Magnetic
17347,Tom Walker,Just You and I (Acoustic)
17349,Lee Brice,I Don't Dance
17350,Red Hot Chili Peppers,I'm with You
17352,Switchfoot,Fading West
17353,Parachute,Overnight
17355,Marianas Trench,Ever After
17356,Third Eye Blind,We Are Drugs
17357,Jome,Snow
17360,Phoenix,Ti Amo
17361,Houndmouth,From the Hills Below the City
17362,Johnny Cash,Out Among The Stars
17364,Chris Stapleton,Traveller
17365,Seafret,Oceans - EP
17366,The Revivalists,Men Amongst Mountains
17368,A R I Z O N A,Oceans Away
17369,Bob Dylan,Planet Waves
17372,Houndmouth,Little Neon Limelight
17411,Santana,Santana
17478,Santana,Caravanserai
17577,Nickelback,Dark Horse
17578,Nickelback,All the Right Reasons
17654,Wiz Khalifa,Nine Track Mind
17655,Young Thug,"Gang Up (with Young Thug, 2 Chainz, Wiz Khalifa feat. PnB Rock)"
17659,daigoro789,Studio Ghibli Classics for Piano: played by daigoro789
17660,Arcade Fire,Everything Now
17798,Johnny Cash,With His Hot and Blue Guitar
17799,Johnny Cash,I Walk the Line (Original Soundtrack Recording)
17801,Johnny Cash,All Aboard the Blue Train
17802,Johnny Cash,Sings the Songs that Made Him Famous
17803,Johnny Cash,Greatest
17804,Johnny Cash,Sings Hank Williams
17809,Johnny Cash,I Walk the Line
17810,Johnny Cash,Orange Blossom Special
17812,Johnny Cash,The Legend
17814,Johnny Cash,Unearthed
17817,Johnny Cash,The Fabulous Johnny Cash
17820,Johnny Cash,Ring Of Fire: The Best Of Johnny Cash
17824,Johnny Cash,Johnny Cash Sings The Ballads Of The True West
17825,Johnny Cash,Everybody Loves A Nut
17827,Johnny Cash,Man In Black
17828,Johnny Cash,Little Fauss and Big Halsy (Original Soundtrack Recording)
17832,Johnny Cash,The Johnny Cash Show
17838,Johnny Cash,American III: Solitary Man
17840,Johnny Cash,American V: A Hundred Highways
17841,Johnny Cash,Get Rhythm
17842,Johnny Cash,Silver
17844,Johnny Cash,American II: Unchained
17850,Willie Nelson,Nashville Rebel
17851,Johnny Cash,One Piece At A Time
17877,Willie Nelson,Willie Nelson The Collection
17878,Hank Williams,The Original Singles Collection . . . Plus
17879,Roy Orbison,"Oh, Pretty Woman"
17929,The Killers,The Man
17949,Imagine Dragons,Walking The Wire
17966,Vive la Palabra,Vive la Palabra
17970,Nat King Cole,The Unforgettable Nat King Cole
18072,Antonio Aguilar,Personalidad
18078,Antonio Aguilar,Bala Perdida
18080,José Alfredo Jimenez,Tesoros De Coleccion
18084,Antonio Aguilar,Sus 25 Canciones Imprescindibles
18102,Alejandro Fernández,Lo Esencial De Alejandro Fernández
18106,Alejandro Fernández,A Corazón Abierto
18204,Imagine Dragons,Evolve
18360,Arcade Fire,Creature Comfort
18581,Eric Clapton,Slowhand 35th Anniversary
18582,George Harrison,All Things Must Pass
18583,Bee Gees,Timeless - The All-Time Greatest Hits
18584,Tony Bennett,"Rarities, Outtakes & Other Delights, Vol. 2"
18586,Louis Armstrong,The Best Of The Decca Years Volume One: The Singer
18587,Andrea Bocelli,Pasión
18589,Cristin Milioti,How I Met Your Music: Deluxe (Original Television Soundtrack)
18655,The Temptations,The Temptations Sing Smokey
18656,Al Green,Let's Stay Together
18659,Stevie Wonder,For Once In My Life
18897,Billy Joel,Streetlife Serenade
19073,Billy Joel,The Stranger
19100,Maroon 5,Overexposed - Deluxe
19159,The Rolling Stones,The Rolling Stones In Mono - Remastered 2016
19214,Guns N' Roses,Use Your Illusion I
19506,Elton John,Honky Chateau
20087,Matchbox Twenty,More Than You Think You Are
20278,Zac Brown Band,Uncaged
20496,Matt and Kim,Grand
20551,Reik,Ciego
20758,Lorde,Melodrama
20993,The Script,Rain
20994,OneRepublic,Rich Love
20995,Coldplay,Kaleidoscope EP
21524,French Montana,Jungle Rules
21525,DJ Khaled,Grateful
21527,J Balvin,Mi Gente
21528,Enrique Iglesias,SUBEME LA RADIO (feat. Descemer Bueno & Zion & Lennox)
21529,Wisin,Escápate Conmigo (feat. Ozuna)
21530,Chris Jedi,Ahora Dice
21531,Anuel AA,Sola (Remix)
21786,Ricardo Arjona,Circo Soledad
21801,Ricardo Arjona,Animal Nocturno
21807,Sin Bandera,Sin Bandera
21808,Luis Fonsi,Palabras Del Silencio
21809,Alejandro Fernández,Dos Mundos - Evolución
21810,Alejandro Fernández,Rompiendo Fronteras
21811,Maná,Amar es Combatir
21812,Morat,Sobre El Amor Y Sus Efectos Secundarios
21819,Morat,Sobre El Amor Y Sus Efectos Secundarios... Y Unas Cuantas Cosas Más - Edición Especial
21821,Maná,Revolución De Amor
21822,Maná,De Pies A Cabeza
21825,Maná,Falta Amor
21826,Los Enanitos Verdes,Big Bang
21828,Los Enanitos Verdes,Nectar
21829,Café Tacvba,Cuatro Caminos
21830,Café Tacvba,Avalancha de éxitos
21831,Soda Stereo,Signos
21832,Los Claxons,Me Muero Contigo
21833,Los Claxons,Camino a Encontrarte (Edición Especial)
21834,Los Claxons,Sin Ganga
21835,La Oreja de Van Gogh,París
22418,The Killers,Run For Cover
22478,Passion Pit,Tremendous Sea of Love
22549,The Gaslight Anthem,American Slang
22550,The Gaslight Anthem,Handwritten
22551,The Gaslight Anthem,The '59 Sound
22556,Daryl Hall & John Oates,Voices
22557,The Police,Reggatta De Blanc
22558,Fleetwood Mac,Tusk
22559,Billy Joel,The Essential Billy Joel
22560,Billy Joel,Glass Houses
22562,Daryl Hall & John Oates,Bigger Than Both Of Us
22563,Daryl Hall & John Oates,Private Eyes (Expanded Edition)
22564,Billy Joel,Cold Spring Harbor
22568,Billy Joel,Piano Man
22571,Billy Joel,Turnstiles
22578,Billy Joel,An Innocent Man
22580,Billy Joel,River Of Dreams
22606,Billy Joel,52nd Street
22607,Billy Joel,The Nylon Curtain
22690,Bobby Hutcherson,Candy
22692,Daryl Hall & John Oates,The Essential Daryl Hall & John Oates
22694,Daryl Hall & John Oates,H2O
22696,Daryl Hall & John Oates,Daryl Hall & John Oates (The Silver Album)
22699,Elton John,Too Low For Zero
22702,Elton John,Madman Across The Water
22703,Elton John,Don't Shoot Me I'm Only The Piano Player
23977,Nico & Vinz,That's How You Know (feat. Kid Ink & Bebe Rexha)
24222,Neon Trees,Feel Good
24223,American Authors,I Wanna Go Out
24424,David McCallum,A Part Of Me/A Bit More Of Me
24425,Golden Earring,Very Best Of Vol. 2 - Part One
24426,The Dave Brubeck Quartet,Time Further Out
24428,Danger Mouse,Baby Driver (Music from the Motion Picture)
24429,Martha Reeves & The Vandellas,Dance Party
24430,Jonathan Richman & The Modern Lovers,Rock 'n' Roll With the Modern Lovers
24432,Kid Koala,Baby Driver (Music from the Motion Picture)
24433,Alexis Korner's Blues Incorporated,Alexis Korner's Blues Incorporated
24434,Sky Ferreira,Baby Driver (Music from the Motion Picture)
24435,Sam & Dave,The Best of Sam & Dave
24436,The Jon Spencer Blues Explosion,Orange
24437,Focus,Hocus Pocus
24438,Carla Thomas,Carla
24439,Simon & Garfunkel,Baby Driver (Music from the Motion Picture)
24440,Kashmere Stage Band,Texas Thunder Soul 1968-1974
24441,Incredible Bongo Band,40 Years of the Incredible Bongo Band
24464,The Rolling Stones,Goats Head Soup - Remastered 2009
24554,Coldplay,All I Can Think About Is You
24962,The Killers,Wonderful Wonderful
25081,Club Unicorn,"Get Schwifty (From ""Rick and Morty"")"
25248,The Script,Written in the Scars
25742,The White Stripes,Rag and Bone
25798,Sweet California,Break of Day
25881,The Script,Freedom Child
26290,Ramones,Leave Home
26444,Roy Orbison,There Is Only One Roy Orbison
26445,Roy Orbison,Black & White Night 30
26723,Elvis Presley,Elvis (Fool)
27298,Lonnie Brooks,The Alligator Records 20th Anniversary Tour
29192,Rupert Holmes,Partners In Crime
29211,Neil Diamond,Sweet Caroline
29215,"Earth, Wind & Fire","The Best Of Earth, Wind & Fire Vol. 1"
29321,Bustamante,Amor De Los Dos
29494,The Five Stairsteps,The First Family of Soul: The Best of The Five Stairsteps
29495,The Runaways,The Runaways
29496,Redbone,The Best of Redbone
29497,The Jackson 5,Greatest Hits
29568,Frank Sinatra,No One Cares
29571,Billie Holiday,Recital
29718,The Clash,Give 'Em Enough Rope (Remastered)
29723,John Lennon,Power To The People - The Hits
29727,The Kinks,"Lola Versus Powerman and the Moneygoround, Pt. One"
29729,Billy Joel,The Stranger (Legacy Edition)
30015,The Killers,Some Kind Of Love
30455,Hot Hot Heat,Make Up The Breakdown
30458,The Lumineers,Subterranean Homesick Blues (feat. Andrew Bird)
30459,Lorde,"Homemade Dynamite (Feat. Khalid, Post Malone & SZA) [REMIX]"
30471,David Bowie,David Bowie (aka Space Oddity)
30477,David Bowie,The Man Who Sold the World - 2015 Remaster
30484,David Bowie,Young Americans - 2016 Remaster
30487,David Bowie,ChangesBowie
30518,The Killers,Wonderful Wonderful - Deluxe
30804,Hannah Montana,Hannah Montana 2: Non-Stop Dance Party
30805,Matthew Hoenig,"Nobody's Perfect (From ""Hannah Montana"")"
30806,Hannah Montana,Hannah Montana 3
30807,Audio Idols,Tribute to Hannah Montana
30826,Tom Waits,Closing Time
30921,Electric Light Orchestra,Out of the Blue
31100,David Bowie,Low
31142,Modest Mouse,Good News For People Who Love Bad News
31434,Joy Division,The Best Of
31553,Vicente Fernández,Un Mexicano En La Mexico
31554,Vicente Fernández,Un Azteca en el Azteca
31637,Noel Gallagher's High Flying Birds,Holy Mountain
31638,Noel Gallagher's High Flying Birds,Chasing Yesterday
31641,Noel Gallagher's High Flying Birds,Noel Gallagher's High Flying Birds
31644,Liam Gallagher,As You Were
31715,Liam Gallagher,For What It's Worth
31717,The Coral,Singles Collection
31759,Liam Gallagher,Wall of Glass
31770,Liam Gallagher,Chinatown
31775,Liam Gallagher,Fire & Skill - The Songs Of The Jam
32123,Oasis,Don't Believe The Truth
32124,Oasis,The Masterplan
32126,Oasis,Standing On The Shoulder Of Giants
32127,Oasis,Standing on the Shoulder of Giants
32154,Paul McCartney,NEW
32199,Frankie Valli & The Four Seasons,Who Loves You
32200,King Harvest,Dancing in the Moonlight
32201,The Animals,Before We Were so Rudely Interrupted
32202,Lana Del Rey,Lust For Life
32646,The White Stripes,De Stijl
32653,The Offspring,Americana
32656,The Vaccines,Dream Lover
32659,Sex Pistols,Live Pack - Sex Pistols - EP
32661,The Police,Zenyatta Mondatta
32662,The Who,My Generation
32663,R.E.M.,Automatic For The People
32667,Royal Blood,How Did We Get So Dark?
32669,Welshly Arms,Legendary - EP
32670,KALEO,No Good
32671,The Hives,Veni Vidi Vicious
32672,Foo Fighters,The Sky Is A Neighborhood
32673,AWOLNATION,Passion
32675,Rage Against The Machine,The Battle Of Los Angeles
32676,Queens of the Stone Age,The Way You Used To Do
32765,Roberto Carlos,Roberto Carlos
32766,Maná,Cama Incendiada
32767,Azul Azul,El Sapo
32768,Gustavo Cordera,Gustavo Cordera en la Caravana Mágica
32774,Jesús Adrián Romero,Sencillos
32775,Joan Sebastian,Que Amarren A Cupido
32776,María José,Duetos
32779,SE-Quartet,Going North
32780,Branford Marsalis Quartet,MUSIC FROM MO' BETTER BLUES (feat. Terence Blanchard)
32781,Stan Getz,Getz/Gilberto
32782,Coleman Hawkins,Soul
32783,John Coltrane,Giant Steps
32784,Alfredo Rodriguez,Tocororo
32785,Louis Armstrong,Satchmo At Symphony Hall 65th Anniversary: The Complete Performances
32788,Louis Armstrong,Satchmo At Symphony Hall
32814,Thelonious Monk,Genius Of Modern Music
32819,Billie Holiday,Solitude
32827,Bud Powell Trio,All the Greatest Hits Ever Made
32833,Clifford Brown,Ultimate Clifford Brown
32834,Clifford Brown,Biggest Baddest Jazz Cats
32835,Clifford Brown,Finest Hour: Clifford Brown
32837,Clifford Brown,The Definitive Clifford Brown
32838,Clifford Brown,The Blues Walk
32839,Clifford Brown,The Duke and His Domain
32842,Max Roach Quintet,American Bebop
32844,Count Basie,April In Paris - Expanded Edition
32854,John Coltrane,Blue Train
32865,Lee Morgan,Moanin'
33082,Los Super Lamas,Yo Quiero Chupar1
33083,Ozuna,Odisea
33084,J Balvin,Bonita
33086,Danny Ocean,Me Rehúso
33087,Manuel Turizo,Una Lady Como Tú
33088,Carlos Vives,Robarte un Beso
33090,Joey Montana,Suena El Dembow
33091,CNCO,Hey DJ
33093,Maluma,Felices los 4
33096,Ricardo Arjona,Quién Dijo Ayer
33571,John Lennon,Gimme Some Truth
33573,Morat,Besos En Guerra
33574,Pedro Infante,Cien años... pensando en ti
33575,Pedro Infante,60 Rancheras Inmortales Vol. 2
33576,Chambao,Todo Cambio
33577,Paul McCartney,Band On The Run
33775,Noel Gallagher's High Flying Birds,Fort Knox
33954,Gary Clark Jr.,Come Together
33956,WALK THE MOON,Headphones
33959,Queens of the Stone Age,Songs For The Deaf
33960,Portugal. The Man,Woodstock
33962,Simon & Garfunkel,Old Friends
33963,The Monkees,More of The Monkees
33964,The Beach Boys,Surfin' USA
33965,Louis Armstrong,What A Wonderful World
33966,The Beach Boys,Good Vibrations 40th Anniversary
33967,The Kinks,Face to Face
33969,Dexys Midnight Runners,Too Rye Ay
33972,The Outfield,Super Hits
33975,Eddie Money,The Best Of Eddie Money
33976,Twisted Sister,Stay Hungry
33977,The Cars,Complete Greatest Hits
33979,The Cars,Heartbeat City
33983,Allman Brothers Band,Idlewild South
33987,Golden Earring,Moontan
33989,The Who,The Who Sings My Generation - U.S. Version
33991,The Who,Thirty Years Of Maximum R&B
33993,Derek & The Dominos,Layla And Other Assorted Love Songs
34051,TIEKS,Sunshine (feat. Dan Harkna)
34110,Rhye,Woman
34111,Drake,Nothing Was The Same
34112,The Weeknd,Kiss Land
34114,Lana Del Rey,Ride
34116,Lykke Li,Wounded Rhymes
34117,The-Dream,Love/Hate
34119,Trey Songz,Ready
34120,The Foreign Exchange,Leave It All Behind
34122,G-Unit,Beg For Mercy
34123,Trey Songz,Trey Day
34124,Musiq Soulchild,Luvanmusiq
34126,John Legend,Get Lifted
34183,Maroon 5,Red Pill Blues
34516,Noel Gallagher's High Flying Birds,Who Built The Moon?
34676,Haunted Coffee,The Kindergarten EP
34713,Dean Martin,Christmas Songs & Hits - The Greatest 50 Christmas Songs & Hits
34715,Brett Eldredge,Glow
34716,Leslie Odom Jr.,Simply Christmas
34717,Kelsea Ballerini,My Favorite Things
34752,Florida Georgia Line,Dig Your Roots
34753,Bebe Rexha,All Your Fault: Pt. 2
34943,Vicente Fernández,Por Tu Maldito Amor
34990,Hedley,Storms
34998,Carlos Vives,El Dorado
35086,Post Malone,rockstar
35100,Ella Fitzgerald,Christmas
35101,Matt Belsante,White Christmas
35102,Ella Fitzgerald,Ella Wishes You A Swinging Christmas
35103,Bing Crosby,Bing Crosby - Christmas Classics
35104,Frank Sinatra,Christmas
35105,Laura Pausini,Laura Xmas
35107,Andy Williams,It's the Most Wonderful Time of the Year
35108,Bobby Helms,Mercy Me - Christmas Needs Love
35110,Mariah Carey,Christmas Hits
35111,Amy Grant,Home For Christmas
35114,"Peter, Paul and Mary","Peter, Paul and Mommy"
35117,Burl Ives,Have A Holly Jolly Christmas
35118,Andy Williams,The Andy Williams Christmas Album
35119,José Feliciano,The Definite Best
35121,Perry Como,The Essential Perry Como
35176,Brenda Lee,Rockin' Around The Christmas Tree/The Decca Christmas Recordings
35178,Bing Crosby,Holiday Inn
35181,Leyton Lake,Holly Jolly Christmas
35182,Burl Ives,"Christmas Classics Featuring Rudolph The Red-Nosed Reindeer, Frosty The Snowman & The Little Drummer Boy"
35184,Frank Sinatra,Ultimate Christmas
35191,Dean Martin,The Dean Martin Christmas Album
35375,Macklemore & Ryan Lewis,This Unruly Mess I've Made
35489,Dan Auerbach,Cellophane Angel
35661,Wisin,Nota de Amor (feat. Daddy Yankee)
35662,Nicky Jam,Fénix
35663,Zion & Lennox,Pierdo la Cabeza
35665,Feid,Así Como Suena
35666,J Alvarez,Otro Nivel de Música
35667,Wolfine,Bella
35668,Sebastian Yatra,SUTRA
35669,Clase-A,Una Noche Loca
35672,Carlos Vives,VIVES
35673,Ozuna,Dile Que Tu Me Quieres
35675,Tacabro,Tacatà (feat. Rodriguez)
35676,Wisin,Victory
35677,Alkilados,Una Cita
35681,PeeWee,Vive2Life (Deluxe Edition)
35683,CNCO,Primera Cita
35684,Sofía Reyes,Muevelo
35699,Bobby Helms,Rockin' Little Christmas
35711,Ha*Ash,HA-ASH Primera Fila - Hecho Realidad
35712,David Bisbal,Me Enamoré De Ti
35713,Sara Paula Gómez Arias,Moana: un mar de aventuras
35714,Ricardo Arjona,Nada Es Como Tú
35734,Pablo Alborán,Pablo Alborán Spotify Sessions
35737,Pablo Alborán,Pablo Alboran (Deluxe)
35738,Ha*Ash,Mundos Opuestos
35739,Mijares,La Más Completa Colección
35744,Camila,Todo Cambio
35748,Morat,Cómo Te Atreves
35764,La Factoria,Exitos
35765,Kike Santander,Azul
35768,Passenger,All The Little Lights
35769,Alejandro Fernández,Sé Que Te Duele
35772,Camila,Elypse
35774,ZAYN,PILLOWTALK
35776,Reik,Reik En Vivo Auditorio Nacional
35786,One Direction,Made In The A.M. - Deluxe Edition
35866,Luis Fonsi,Échame La Culpa
36044,MGMT,Hand It Over
36052,José Alfredo Jimenez,La Malagradecida
36054,Antonio Aguilar,15 Exitos Corridos - Antonio Aguilar
36057,José Alfredo Jimenez,Si Nos Dejan
36060,José Alfredo Jimenez,Alicia Y Jose Alfredo - Las Coplas Y Todos Sus Exitos
36061,José Alfredo Jimenez,La Gran Colección del 60 Aniversario CBS - José Alfredo Jiménez
36063,José Alfredo Jimenez,José Alfredo Jiménez Canta Sus Propias Rancheras (50 Canciones) [Remastered]
36453,U2,Songs Of Experience
36943,Hedley,Famous Last Words
37500,AWOLNATION,Here Come the Runts
37526,José Alfredo Jimenez,Lo Mejor De José Alfredo
37755,James Bay,Wild Love
37869,Georges Bizet,Carmen
37871,Georges Bizet,Bryn Terfel sings Favourites
37872,Georges Bizet,Rossini: Overtures; Bizet: Carmen-Suite
37873,Giacomo Puccini,The Art Of Renée Fleming
37874,Giuseppe Verdi,Verdi: La Traviata
37878,Giacomo Puccini,Puccini: La Bohème
37879,Gaetano Donizetti,Donizetti: La Fille du Régiment
37880,Gaetano Donizetti,The 50 Greatest Vocal Hits
37881,Wolfgang Amadeus Mozart,Mozart: Le Nozze di Figaro
37882,Giacomo Puccini,Puccini: Madama Butterfly (1955 - Karajan) - Callas Remastered
37883,Giuseppe Verdi,Joseph Calleja - Verdi
38030,José Alfredo Jimenez,El Cantinero
38040,Dj Kass,Scooby Doo Pa Pa
38041,Big Shaq,Man's Not Hot
38042,Daddy Yankee,Dura
38043,Enrique Iglesias,EL BAÑO
38044,Piso 21,Déjala Que Vuelva (feat. Manuel Turizo)
38045,Danny Ocean,Dembow
38046,Jesse & Joy,3 A.M.
38048,Anitta,Downtown
38049,NATTI NATASHA,Criminal
38125,José Alfredo Jimenez,Las 100 Clasicas Vol. 2
38128,José Alfredo Jimenez,Gracias (with Mariachi Vargas de Tecalitlán)
38188,Bazzi,Mine
38189,Maluma,GPS (feat. French Montana)
38190,Manuel Turizo,Esperándote
38278,Santana,Amigos
38280,Dua Lipa,Dua Lipa
38663,Jorge Drexler,Eco
38669,Tash Sultana,Notion
38844,Giacomo Puccini,A Room With A View
39234,Wolfgang Amadeus Mozart,Mozart: Die Zauberflöte
39235,Giacomo Puccini,Verismo
39236,Wolfgang Amadeus Mozart,Mozart: Le nozze di Figaro
39238,Giuseppe Verdi,Verdi: Il Trovatore
39239,Gioachino Rossini,Rossini: La Cenerentola
39240,Eduardo di Capua,The Ultimate Collection
39244,Gioachino Rossini,Treasures Of Bel Canto
39245,Giacomo Puccini,Arias
39246,Giuseppe Verdi,The Ultimate Collection
39247,Giuseppe Verdi,Luciano Pavarotti - The Best
39248,Léo Delibes,Delibes: Lakmé
39249,Gioachino Rossini,Nessun Dorma - The Greatest Opera Pieces
39250,Giuseppe Verdi,Joan Sutherland - The Greatest Hits
39251,Vincenzo Bellini,Bellini: Norma
39253,Charles Gounod,The Art Of Renée Fleming
39255,Umberto Giordano,Verismo
39256,Amilcare Ponchielli,Cielo e mar
39310,Los Claxons,Un Día de Sol
39339,Giacomo Puccini,The Best Of Jonas Kaufmann
39585,James Bay,Us
39586,James Bay,Pink Lemonade
39589,Noel Gallagher's High Flying Birds,Spotify Singles
39592,Dermot Kennedy,Doves & Ravens
39593,The Weeknd,"My Dear Melancholy,"
39594,Daughtry,Backbone
39595,Louis Armstrong,Put ‘Em Down Blues
39596,Two Door Cinema Club,Four Words To Stand On
39597,Bruno Mars,Finesse (Remix) [feat. Cardi B]
39598,The Maine,The Sound of Reverie (Remix)
39599,Thirty Seconds To Mars,One Track Mind (feat. A$AP Rocky)
39600,Pearl Jam,Can't Deny Me
39601,David Bisbal,A Partir De Hoy
39656,Keala Settle,This Is Me
39658,Ziv Zaifman,The Greatest Showman (Original Motion Picture Soundtrack)
39685,Randy Quaid,Home On The Range
39686,Charles Goose,Yodeling Walmart Kid
39687,Duki,She Don't Give a FO (feat. Khea)
39736,James Bay,James Bay Spotify Session 2015
39951,Hugo,Leave Me Now
39952,Carlos Vives,"El Sombrero de Alejo (feat. Alfonso Zuleta, Jorge Oñate, Felipe Peláez, Peter Manjarres, Jorge Celedón, Silvestre Dangond & Ivan Villazon)"
39955,Beady Eye,BE
39956,Beady Eye,"Different Gear, Still Speeding"
40087,Liam Payne,Familiar
40457,The Spinners,Smooth And Sweet
40616,Arctic Monkeys,Tranquility Base Hotel & Casino
40619,John Mayer,New Light
40883,James Bay,Electric Light
40885,Vicente Fernández,Mi Amigo El Tordillo
40886,José Alfredo Jimenez,José Alfredo Jimenez
40887,Pedro Infante,57 Aniversario
40888,Antonio Aguilar,15 Corridos De Caballos - Antonio Aguilar
40890,Juan Luis Guerra 4.40,Coleccion Cristiana
40891,Pedro Infante,15 Inmortales de Pedro Infante
40892,Pedro Infante,Mexico Gran Colección Ranchera - Pedro Infante
40914,Pedro Infante,Pedro Infante - The 20 Greatest Hits
40915,José Alfredo Jimenez,Que Te Vaya Bonito
40930,Vicente Fernández,Mujeres Divinas
40933,Calibre 50,El Buen Ejemplo
41297,Alex Ubago,Fantasía o realidad
41443,Dua Lipa,Live Acoustic EP
41444,Wale,"My Love (feat. Major Lazer, WizKid, Dua Lipa)"
41445,Dua Lipa,New Love
41506,Rusted Root,When I Woke
41774,Giacomo Puccini,Puccini: Turandot - Highlights
41790,Pietro Mascagni,Mascagni: Cavalleria Rusticana/Leoncavallo: Pagliacci
41791,Francesco Cilea,Verismo
41794,Gaetano Donizetti,Ten Top Tenors
41796,Ruggero Leoncavallo,Verismo Arias
41797,George Frideric Handel,Handel: Rinaldo (Original 1711 Version)
41799,Georges Bizet,Pure - Maria Callas
41806,Giuseppe Verdi,Verdi: Nabucco
41808,Wolfgang Amadeus Mozart,50 Masterworks Mozart
41809,Umberto Giordano,Pure - Maria Callas
42027,Foster The People,Sacred Hearts Club
42040,Washed Out,Life of Leisure
42041,Portugal. The Man,Spotify Singles
42043,Cherub,Year of the Caprese
42046,Variable D,Massive Attack 2014
42047,Dennis Lloyd,Nevermind
42048,Khalid,OTW
42049,The Chainsmokers,Sick Boy
42051,The Griswolds,Acoustic EP
42056,Leonard Bernstein,Aria “Morning. Good Morning”
42117,Booker T. & the M.G.'s,Green Onions / Behave Yourself
42118,Norman Greenbaum,Music From The Motion Picture Michael
42119,Daughtry,Deep End
42120,Morat,Cuando Nadie Ve
42121,Maroon 5,Girls Like You (feat. Cardi B)
42122,U2,Love Is Bigger Than Anything In Its Way
42123,Juanes,Pa Dentro
42124,Noel Gallagher's High Flying Birds,She Taught Me How To Fly
42126,Dr. John,Swamp Blues
42127,Joe Walsh,"But Seriously, Folks..."
42299,State Champs,Crystal Ball
42300,We The Kings,Sunshine State of Mind
42301,The Maine,Lovely Little Lonely
42303,State Champs,Dead and Gone
42417,David Bowie,"""Heroes"""
42819,Pedro Infante,"Mitos de la Canción Mexicana, Vol. 3"
42820,Carlos Rivera,Cielito Lindo
42821,Vicente Fernández,Mi Viejo
42823,Quirino Mendoza y Cortés,Travieso Carmesí
42865,Baha Men,Garfield: The Movie (Original Motion Picture Soundtrack)
42866,Black Eyed Peas,Elephunk
42867,Kanye West,Late Registration
43392,Disturbed,The Sickness
43410,Ozuna,Unica
43412,Ozuna,Solita
43413,Ozuna,El Farsante (Remix)
43426,Good Charlotte,Greatest Hits
43427,The Lemonheads,It's A Shame About Ray
43428,Michelle Branch,The Spirit Room
43429,Sum 41,Does This Look Infected?
43431,blink-182,Take Off Your Pants And Jacket
43436,USHER,I Don't Mind (feat. Juicy J)
43552,Imagine Dragons,Natural
43553,Muse,Something Human
43554,Hugo,8 or 9
43555,Skegss,Smogged Out
43560,5 Seconds of Summer,Youngblood
43665,Dua Lipa,New Rules
43667,Calvin Harris,One Kiss (with Dua Lipa) [Remixes]
43668,Wale,Shine
43799,Luis Miguel,Llamarada
43805,Golden Earring,Radar Love
44386,TINI,Consejo de Amor
44387,Santiago Cruz,Una Y Otra Vez
44416,Meryl Streep,Mamma Mia! The Movie Soundtrack
44418,Amanda Seyfried,Mamma Mia! The Movie Soundtrack
44419,Dominic Cooper,Mamma Mia! The Movie Soundtrack
44423,Lily James,Mamma Mia! Here We Go Again
44425,Julie Walters,Mamma Mia! The Movie Soundtrack
44427,Christine Baranski,Mamma Mia! The Movie Soundtrack
44428,Jeremy Irvine,Mamma Mia! Here We Go Again
44431,Cast of Mamma Mia! The Movie,Mamma Mia! The Movie Soundtrack
44433,Pierce Brosnan,Mamma Mia! The Movie Soundtrack
44436,Christine Baranski,Mamma Mia! Here We Go Again
44587,Panos Mouzourakis,Mamma Mia! Here We Go Again
44680,Yusuf / Cat Stevens,On The Road To Find Out
44719,Dooley Wilson,Casablanca (1942 Film Score)
44720,Billie Holiday,The Commodore Master Takes
44964,Morat,Para Que Nadie Se Entere
44967,Morat,Punto Y Aparte
45053,Stevie Wonder,"Signed, Sealed And Delivered"
45240,Paul McCartney,Fuh You
45241,Paul McCartney,Come On To Me
45243,Hozier,Nina Cried Power - EP
45248,Paul McCartney,Egypt Station
45420,Paul McCartney,Ram
45432,John Lennon,Double Fantasy: Stripped Down
45496,John Coltrane,A Love Supreme
45497,Steve Anderson,"Sleep, Volume 2"
45498,Claude Debussy,Träumerei - Liebestraum - Für Elise - Clair de lune - Gymnopédie - Sony Classical Masters
45500,Simon & Garfunkel,Live 1969
45501,Paul McCartney,McCartney
45502,Paul McCartney,Pure McCartney
45503,Paul McCartney,Kisses On The Bottom
45505,Ringo Starr,Ringo
45661,Clean Bandit,Solo (feat. Demi Lovato)
45662,Luis Fonsi,Calypso
45663,Ozuna,Vaina Loca
45664,J Balvin,No Es Justo
45665,Reik,Amigos Con Derechos
45666,Nio Garcia,Te Boté (Remix)
45669,Manuel Turizo,Culpables
45710,Nabález,La Correcta
45719,Morat,El Embrujo
45729,Keala Settle,The Greatest Showman (Original Motion Picture Soundtrack)
45731,Zac Efron,The Greatest Showman (Original Motion Picture Soundtrack)
45733,Austyn Johnson,The Greatest Showman (Original Motion Picture Soundtrack)
45735,Loren Allred,The Greatest Showman (Original Motion Picture Soundtrack)
45737,Ana Belén,A La Sombra De Un León
45739,Fonseca,Corazon
45741,Andy & Lucas,Andy Y Lucas
45818,Paul McCartney,Tug Of War
45868,Paul McCartney,McCartney II
45990,Blue Mink,Melting Pot - The Best of Blue Mink
46008,Die Atzen,Disco Pogo
46009,Los Tucanes De Tijuana,Para Tucancillos y Tucancillas
46010,Los Tucanes De Tijuana,Siempre Contigo - En Vivo
46067,Paul McCartney,Red Rose Speedway
46112,mgk,BINGE
46114,Eminem,Killshot
46115,Ben Frost,By the Throat
46160,Mumford & Sons,Guiding Light
46188,The Beatles,Let It Be... Naked
46190,The Beatles,Live At The BBC
46263,Skegss,My Own Mess
46264,Dua Lipa,Want To
46265,Muse,The Dark Side / Something Human / Thought Contagion / Dig Down
46649,Ramones,Road to Ruin
46779,KONGOS,Lunatic
46780,Royal Blood,Royal Blood
46781,Des Rocs,Let Me Live / Let Me Die
47300,Paulina Rubio,Deseo
47312,TINI,Quiero Volver
47517,Morat,Balas Perdidas
47640,Bryan Kennedy,I'm so Jealous of Me
47731,Panic! At The Disco,C'mon
47733,fun.,Aim and Ignite
47814,Muse,Pressure / The Dark Side / Something Human / Thought Contagion / Dig Down
48005,Maroon 5,Songs About Jane: 10th Anniversary Edition
48090,Lady Gaga,A Star Is Born Soundtrack
48317,Imagine Dragons,Origins
48406,Mumford & Sons,Delta
48420,Houndmouth,California Voodoo
48424,Houndmouth,Golden Age
48462,Ima Robot,Greenback Boogie - Single
48472,Bradley Cooper,A Star Is Born Soundtrack
48485,Boyce Avenue,"Cover Sessions, Vol. 5"
48486,Boyce Avenue,"Cover Sessions, Vol. 4"
48487,Boyce Avenue,Road Less Traveled
48488,Boyce Avenue,"Cover Sessions, Vol. 2"
48490,Boyce Avenue,"Cover Sessions, Vol. 3"
48491,Boyce Avenue,"Cover Sessions, Vol. 1"
48492,Boyce Avenue,Live At The Royal Albert Hall
48507,Boyce Avenue,No Limits
48519,Brenda Lee,Anthology 1956-1980
48524,Bobby Helms,Jingle Bell Rock/Captain Santa Claus (And His Reindeer Space Patrol)
48527,Johnny Mathis,Johnny Mathis Gold: A 50th Anniversary Christmas Celebration
48587,Paulina Rubio,Sobre El Amor Y Sus Efectos Secundarios
48826,Eduardo di Capua,Pavarotti Forever
48906,Travis Scott,ASTROWORLD
48907,Kenny Man,Ni Gucci Ni Prada
48908,Carlos Rivera,Guerra
48909,Pedro Capó,Calma
48911,Wisin & Yandel,Reggaetón en lo Oscuro
48912,Felipe Peláez,Vivo Pensando En Ti (feat. Maluma)
48916,Ozuna,Tu Foto
48917,Nacho,Bailame
48919,Alexis y Fido,Reggaeton Ton
49379,Zac Brown Band,From Now On
49380,Muse,Simulation Theory
49381,Bob Dylan,"More Blood, More Tracks: The Bootleg Series, Vol. 14 (Sampler)"
49382,David Bisbal,Corazon Latino
49405,Mireille Mathieu,Une vie d'amour
49561,Ed Sheeran,Perfect Symphony (Ed Sheeran & Andrea Bocelli)
49562,Franz Lehár,Rarities - Remastered
49563,Andrea Bocelli,Sì - Edición Especial En Español
49564,Andrea Bocelli,Bocelli
49565,Andrea Bocelli,Amor
49570,Ernesto de Curtis,Rarities - Remastered
49571,Francesco Paolo Tosti,Rarities - Remastered
49575,Franz Liszt,Rarities - Remastered
49578,Sergio Cirillo,Rarities - Remastered
49737,Hugh Jackman,The Greatest Showman (Original Motion Picture Soundtrack)
49738,Craig David,The Greatest Showman: Reimagined
49740,Michelle Williams,The Greatest Showman (Original Motion Picture Soundtrack)
49807,Elton John,Rock Of The Westies
49812,Zac Brown Band,Goodbye Yellow Brick Road
49813,Imelda May,Goodbye Yellow Brick Road
49819,Miguel,Goodbye Yellow Brick Road
49822,The Band Perry,Goodbye Yellow Brick Road
49824,Fall Out Boy,Goodbye Yellow Brick Road
49831,John Grant,Goodbye Yellow Brick Road
50065,Queen,A Day At The Races
50179,Morat,Antes De Los Veinte
50183,Morat,Grabado En Madera EP
50248,The Maine,Can't Stop Won't Stop
50533,Super Banda de Niños,Canciones de Películas Infantiles
50542,Nine Inch Nails,The Downward Spiral
50543,Ariana Grande,Dangerous Woman
50544,Kanye West,Graduation
50547,Ludacris,Back For The First Time
50548,USHER,My Way
50549,Nick Jonas,Fifty Shades Darker
50550,Daft Punk,Random Access Memories
50551,Rihanna,Talk That Talk
50553,Janelle Monáe,The Electric Lady
50554,SZA,Z
50555,Kali Uchis,"After The Storm (feat. Tyler, The Creator & Bootsy Collins)"
50556,Justin Timberlake,FutureSex/LoveSounds Deluxe Edition
50557,Montell Jordan,#1 Spot
50558,Jeremih,Jeremih
50559,Janet Jackson,Janet
50560,Kelis,Food
50561,Handsome Boy Modeling School,White People
50639,MIKA,Life In Cartoon Motion
50641,MIKA,The Boy Who Knew Too Much
50701,The Killers,Land Of The Free
50736,Giuseppe Verdi,Opera Arias - Nessun Dorma - Casta Diva - O Mio Babbino Caro
50857,Blackway,Spider-Man: Into the Spider-Verse
50893,Aminé,Spider-Man: Into the Spider-Verse
50894,Thutmose,Spider-Man: Into the Spider-Verse
50895,Juice WRLD,Spider-Man: Into the Spider-Verse
50896,Ski Mask The Slump God,Spider-Man: Into the Spider-Verse
50897,Lil Wayne,Spider-Man: Into the Spider-Verse
50899,Lil Wayne,Tha Carter IV
50903,Drake,Forever
50905,Sean Paul,The Trinity
50906,Ariana Grande,"thank u, next"
50907,Post Malone,Stoney - Deluxe
50908,Post Malone,beerbongs & bentleys
50912,Post Malone,Wow.
51073,Keuning,Prismism
51361,Creedence Clearwater Revival,Pendulum
51390,Hozier,Dinner & Diatribes
51524,ABBA,Voulez-Vous
51525,ABBA,Super Trouper
51526,ABBA,Abba
51527,ABBA,The Album
51528,ABBA,Waterloo
51529,ABBA,Arrival
51536,ABBA,The Visitors
51545,Avicii,The Days / Nights
51546,Avicii,Levels
51547,Avicii,AVĪCI - 01
51555,The Black Keys,Lo/Hi
51581,ROSALÍA,El Mal Querer
51648,System Of A Down,Toxicity
51655,The Shelters,The Shelters
51657,blink-182,Bored To Death
51658,Volbeat,Seal The Deal & Let's Boogie
51659,Barns Courtney,The Attractions Of Youth
51660,The Struts,Everybody Wants
51666,Pop Evil,Pop Evil
51667,NOTHING MORE,Go To War
51780,The Killers,Live From The Royal Albert Hall
51961,Elvis Presley,For LP Fans Only
52111,Gianni Schicchi,En Musikalsk Rejse
52112,Paul Hindemith,Hindemith: Mathis der Maler
52114,Giacomo Puccini,Puccini: Turandot
52115,Kaija Saariaho,Saariaho: L'Amour de loin
52117,George Frideric Handel,Handel: Serse
52118,Gaetano Donizetti,Donizetti: Lucia di Lammermoor
52119,Erich Wolfgang Korngold,Korngold: Die tote Stadt
52122,Gioachino Rossini,Rossini: Opera Arias & Duets (Live)
52174,Elvis Presley,A Date With Elvis
52246,Eduardo di Capua,Luciano Pavarotti - O Sole Mio - Favourite Neapolitan Songs
52400,Joan Sebastian,Coleccion De Oro Vol. 1 - Joan Sebastian
52457,The Lumineers,Lo Más 40
52460,Black Sabbath,Gods Of Guitar
52508,Elvis Presley,A Boy From Tupelo: The Complete 1953-1955 Recordings
52613,Brenda Lee,Merry Christmas From Brenda Lee
52861,Elvis Presley,Elvis for Everyone!
52970,Johnny Cash,I Would Like to See You Again
52971,Waylon Jennings,Honky Tonk Heroes
52973,Waylon Jennings,Dreaming My Dreams
53058,Joan Sebastian,Tatuajes
53097,Vampire Weekend,This Life / Unbearably White
53098,The Kinks,Come Dancing with the Kinks (The Best of the Kinks 1977-1986)
53099,The National,Alligator
53109,Red Hot Chili Peppers,Greatest Hits
53110,Red Hot Chili Peppers,One Hot Minute
53229,The Killers,Somebody Told Me
53231,The Killers,All These Things That I've Done
53232,The Killers,Read My Mind
53233,The Killers,Human
53234,The Killers,Spaceman
53238,James Bay,Peer Pressure
53380,The Velvet Underground,Peel Slowly And See 1965-1969
53737,Vampire Weekend,Father of the Bride
53812,"""Weird Al"" Yankovic",Alpocalypse
53853,Queen,Queen - 2011 Remaster
53925,Lady Gaga,Joanne
53928,Avril Lavigne,Let Go
53973,Manuel Turizo,Esclavo de Tus Besos
53974,Maluma,11:11
53976,Becky G,Bubalu
53977,CNCO,CNCO
53978,Valentino,Bésame
53979,KHEA,Loca Remix
53981,Danny Ocean,54+1
53982,Nicky Jam,Te Robaré
53990,Christina Perri,a thousand years
53997,Vicente Fernández,Vicente Fernández
53998,Jorge Negrete,Homenaje Al Charro Cantor
54000,José Alfredo Jimenez,Las 100 Clasicas Vol. 1
54010,Secondhand Serenade,"Awake: Remixed & Remastered, 10 Years & 10,000 Tears Later"
54168,The Killers,Day & Age - Bonus Tracks
54350,Ricardo Arjona,Apague la Luz y Escuche
54351,Luis Miguel,¡MÉXICO Por Siempre!
54355,Anne Hathaway,Les Misérables: The Motion Picture Soundtrack Deluxe
54357,Carmen Sarahi,Frozen Canciones de una Aventura Congelada
54359,Ana Belén,Los Grandes Exitos... Y Mas
54383,Paul McCartney,Spotify Singles: Paul McCartney Box Set
54384,Wings,Venus And Mars - Archive Collection
54386,Paul McCartney,Back In The U.S.
54388,Wings,Venus And Mars
54394,Wings,Wings At The Speed Of Sound
54400,Marc Kenny,In Spite of All the Danger
54402,Paul McCartney,Memory Almost Full
54412,Paul McCartney,Good Evening New York City
54434,Cast,A Star Is Born Soundtrack
54465,The Black Keys,"""Let's Rock"""
54478,The Black Keys,Go / Eagle Birds / Lo/Hi
54479,Dan Auerbach,Waiting on a Song
54594,Walter Jacobs,Blues Breakers
54683,Elvis Presley,50 Lovesongs of Rock&#39;n&#39;Roll
54699,Dooley Wilson,Casablanca (Original Motion Picture Soundtrack)
54700,Frank Sinatra,Strangers In The Night
54709,Les Misérables - International Cast,Les Misérables (Highlights from the Complete Symphonic Recording)
54751,The Velvet Underground,Gold
54851,Billie Eilish,"WHEN WE ALL FALL ASLEEP, WHERE DO WE GO?"
55028,David Rees,De Ellos Aprendí
55098,Yusuf / Cat Stevens,Izitso
55227,José Alfredo Jimenez,Travieso Carmesí
55318,Eric Clapton,Blues Breakers
55325,John Mayall,Blues Breakers
55443,Lynyrd Skynyrd,Street Survivors
55641,Ed Sheeran,No.6 Collaborations Project
55646,Thom Yorke,ANIMA
55647,Jonas Brothers,Happiness Begins
55648,Santana,Africa Speaks
55745,Dexys Midnight Runners,St. Paddys Day
55761,John Mayer,I Guess I Just Feel Like
55835,The Killers,Battle Born - Deluxe Edition
55948,Sam Smith,How Do You Sleep?
55949,Post Malone,Goodbyes (Feat. Young Thug)
56168,Cordae,The Lost Boy
56208,James Bracken,Blues Breakers
56296,Simon & Garfunkel,"Wednesday Morning, 3 A.M."
56337,Sam Maghett,Blues Breakers
56410,Robert Johnson,Blues Breakers
56699,Ray Charles,Blues Breakers
56954,Chuck Berry,St. Louis To Liverpool
56993,Mario Bautista,No Digas Nada
56994,The Rudeboyz,Dile la Verdad
56995,Myke Towers,Si Se da Remix
56996,Sech,Otro Trago
56997,Nicky Jam,Atrévete
56998,J Balvin,OASIS
56999,Ozuna,Te Soñé De Nuevo
57001,Anuel AA,China
57002,Rauw Alejandro,Detective
57003,Daddy Yankee,Si Supieras
57005,Sebastian Yatra,Runaway
57006,Mau y Ricky,Para Aventuras y Curiosidades
57007,Prince Royce,Cúrame (feat. Manuel Turizo)
57008,DELLAFUENTE,Guerrera
57009,DELLAFUENTE,París
57010,Lyanno,Pa' Que Vuelvas
57011,Paulo Londra,Homerun
57012,Yandel,En Cero
57013,Bad Bunny,Callaita
57014,Nicky Jam,Ven y Hazlo Tú (feat. Arcángel)
57015,Paulo Londra,Solo Pienso En Ti (feat. De La Ghetto & Justin Quiles)
57016,Zion & Lennox,Guayo
57047,Mose Allison,Blues Breakers
57681,"Crosby, Stills, Nash & Young",Deja Vu
57682,Robert Plant,Mighty Rearranger
57683,Stevie Wonder,Talking Book
57684,Pixies,Doolittle
57685,The Zombies,Odessey and Oracle
57686,The Band,The Last Waltz
57687,Queen,On Air
57688,Jerry Reed,The Essential Jerry Reed
57689,Joe Walsh,There Goes the Neighborhood
57691,Drive-By Truckers,The Dirty South
57692,Supertramp,Even In The Quietest Moments
57693,Foster The People,Ruby
57694,The Lumineers,Junior Sparks
57697,Young the Giant,Mirror Master
57698,Liam Gallagher,One of Us
57699,Ricardo Arjona,Historia de Taxi
57704,Noel Gallagher's High Flying Birds,This Is The Place
57732,Maya Hawke,To Love a Boy / Stay Open
57737,Los Tigres Del Norte,La Prisión De Folsom (Folsom Prison Blues)
57828,Gaetano Donizetti,The People's Tenor
57855,Antonio Aguilar,Cantares de la Revolución Mexicana y Canciones Norteñas
58362,Traditional,Blues Breakers
58367,Jeff Buckley,Grace
58451,The Lumineers,Gloria Sparks
58500,Rufus Wainwright,Vibrate: The Best Of
58601,OneRepublic,Wanted
58602,John Mayer,Carry Me Away
58603,John Mayer,The Complete 2012 Performances Collection
58751,Noel Gallagher's High Flying Birds,A Dream Is All I Need To Get By
58997,Himesh Patel,Yesterday
59121,Liam Gallagher,Why Me? Why Not.
59151,Ima Robot,Greenback Boogie
59354,Weezer,The End of the Game
59355,Milky Chance,The Game
59356,blink-182,I Really Wish I Hated You
59360,Miley Cyrus,Slide Away
59361,Francis and the Lights,Take Me to the Light
59362,Total Giovanni,When We Break
59363,James Blunt,Cold
59364,Lauv,Drugs & The Internet
59365,mgk,Hotel Diablo
59367,MAGIC GIANT,In The Wind
59368,Maroon 5,Memories
59370,Lost Frequencies,Sun Is Shining
59371,Quinn XCII,The Story of Us
59372,WALK THE MOON,Lose You Again
59373,Avicii,TIM
59374,AJR,Living Room
59375,Hozier,"Wasteland, Baby!"
59377,Quinn XCII,Stacy
59378,Fountains Of Wayne,Welcome Interstate Managers
59379,ILLENIUM,ASCEND
59380,The Lumineers,III
59381,Twenty One Pilots,Trench
59382,Juanes,Bonita
59383,Manuel Turizo,Nada Ha Cambiado
59384,Luis Fonsi,Sola
59386,Fonseca,Agustín
59387,Vanesa Martín,Todas las mujeres que habitan en mí
59388,Bacilos,¿Dónde Nos Quedamos?
59389,Dani Martín,Dieciocho
59447,Caamp,Caamp
59449,The Script,The Last Time
59475,Zac Brown Band,The Owl
59732,Kyle Shobe & the Walk 'Em Boys,Long Overdue
59963,Sky Rompiendo,Karma
59966,J Balvin,Ambiente
59967,Danny Ocean,Vuelve
59968,Maluma,F.A.M.E.
59970,Wisin & Yandel,"Los Campeones del Pueblo ""The Big Leagues"""
59971,Rauw Alejandro,Que Le De
59972,Sech,Sueños
59973,Ozuna,Baila Baila Baila
59977,Nacho,Déjalo
59979,Anuel AA,Real Hasta la Muerte
59980,Bad Bunny,Dime Si Te Acuerdas
59982,Zion & Lennox,Pierdo la Cabeza (Remix)
59983,Nacho,Báilame
59984,Sebastian Yatra,Ya No Tiene Novio
59986,Dalex,Climaxxx
59987,Anuel AA,Amanece
59988,Bad Gyal,Slow Wine Mixtape
60058,Justin Hurwitz,La La Land
60059,Ryan Gosling,La La Land
60065,John Legend,La La Land
60067,Emma Stone,La La Land
60088,Ennio Morricone,Sergio Leone - Greatest Western Themes of all Time
60216,Norman Greenbaum,Spirit In The Sky
60237,Freddie King,Blues Breakers
60431,Mireille Mathieu,Bonjour Mireille
61551,Muse,Origin of Symmetry
61565,Dexys Midnight Runners,Good Morning Music: Singing in the Shower
61732,WALK THE MOON,Walk The Moon (Expanded Edition)
61885,Kings of Leon,Coffeehouse Classics Vol. 1
61958,Mecano,"Ana, Jose, Nacho (TF1 Co-Production)"
61961,Joan Manuel Serrat,Discografía en Castellano
62068,Ringo Starr,What's My Name
62241,Bob Dylan,Wanted Man
62357,Skegss,Everyone Is Good At Something
62422,Lifehouse,Lifehouse
62698,Mumford & Sons,Blind Leading The Blind
62808,Manuel Ponce,Mexicano (Remasterizado)
62809,Agustín Lara,Mexicano (Remasterizado)
62811,La Brissa,Su Majestad la Brissa la Reata
62812,Valentín Elizalde,Sin Censura Su Último Concierto
62813,Lorenzo De Monteclaro,Sigue Haciendo Leyenda (En Vivo Desde el Palenque de Hermosillo Sonora)
62818,Pesado,Mi Promesa
62826,Dusty Springfield,Dusty In Memphis
62848,Patrick Doyle,Frankenstein Original Motion Picture Soundtrack
62945,Queen,Queen II
63337,Bob Dylan,"Travelin' Thru, 1967 - 1969: The Bootleg Series, Vol. 15 (Sampler)"
63530,George Frideric Handel,Handel Sarabande
63703,Coldplay,Everyday Life
63802,Ariel Camacho y Los Plebes Del Rancho,El Karma (Deluxe Version)
63956,WALK THE MOON,TALKING IS HARD (Expanded Edition)
63965,Luigi Boccherini,"Luigi Boccherini: Fandango, Sinfonie & La Musica Notturna Di Madrid"
63966,Luigi Boccherini,Boccherini: Stabat Mater
63971,Luigi Boccherini,"Boccherini: Complete Symphonies, Vol. 2"
63976,Hector Berlioz,Berlioz: The Complete Works
64039,Madeon,Good Faith
64076,Noel Gallagher's High Flying Birds,Wandering Star
64077,Klingande,The Album
64093,Billie Eilish,Six Feet Under
64094,Billie Eilish,everything i wanted
64096,Billie Eilish,lovely (with Khalid)
64113,Dmitri Shostakovich,Valses
64114,Johann Strauss II,Valses
64151,Kanye West,The Life Of Pablo
64174,Paul McCartney,Home Tonight / In A Hurry
64210,Fernando Delgadillo,Con Cierto Aire a Ti
64211,Cali Y El Dandee,Voy Por Ti
64212,Freddie Mercury,Messenger Of The Gods: The Singles Collection
64213,Feid,FRESH KERIAS
64214,Mike Bahía,Navegando
64215,Feid,badwine
64216,J Balvin,Vibras
64217,Black Eyed Peas,RITMO (Bad Boys For Life)
64218,Lunay,Épico
64219,Nicky Jam,Intimo
64220,Danny Ocean,Dime tú
64221,Reik,Indeciso
64222,Farruko,Nadie (feat. Sech & Sharo Towers)
64223,Bad Bunny,X 100PRE
64224,Rich Music LTD,The Academy
64226,Ivan Gough,In My Mind (feat. Georgi Kay)
64227,Armin van Buuren,Intense
64228,Martin Garrix,Don't Look Down (feat. Usher)
64231,Otto Knows,Million Voices
64232,Hardwell,Dare You (Radio Edit) (feat. Matthew Koma)
64234,Keane,Forget The World
64235,Nicky Romero,Like Home
64236,Tiësto,A Town Called Paradise
64238,Calvin Harris,Funk Wav Bounces Vol.1
64239,Swedish House Mafia,Until Now
64240,Sander van Doorn,Gold Skies (feat. Aleesia)
64242,Lykke Li,I Follow Rivers
64247,Lana Del Rey,Summertime Sadness (Lana Del Rey Vs. Cedric Gervais)
64248,David Guetta,Nothing but the Beat
64249,Zedd,Divergent: Original Motion Picture Soundtrack
64251,Sebastian Ingrosso,Reload
64252,Avicii,Silhouettes
64254,Kygo,Born To Be Yours
64255,Kygo,Higher Love
64256,Kygo,Kids in Love
64257,Seinabo Sey,Pretend
64261,Kyla La Grange,Cut Your Teeth - Kygo Remix
64262,Kygo,Happy Now
64263,Kygo,Stargazing - EP
64265,Kygo,Not Ok
64266,Kygo,Raging (feat. Kodaline)
64268,Kygo,Epsilon
64274,Kygo,It Ain't Me (with Selena Gomez)
64276,Dillon Francis,This Mixtape is Fire.
64277,Kygo,Remind Me to Forget
64307,The Highwaymen,Highwayman
64379,Journey,Departure
64385,Alice Cooper,Trash
64386,The Police,Outlandos D'Amour - Remastered 2003
64387,TOTO,Toto IV
64388,Commodores,The Very Best Of The Commodores
64406,Commodores,In The Pocket
64407,Commodores,Commodores
64408,Lucah,Dame Su Lugar
64569,Buchanan Brothers,Quentin Tarantino's Once Upon a Time in Hollywood Original Motion Picture Soundtrack
64574,Roy Head And The Traits,The Best Of Roy Head
64575,Deep Purple,The Book of Taliesyn
64576,Bob Seger,Ramblin' Gamblin' Man
64577,Deep Purple,Shades of Deep Purple
64612,Skegss,50 Push Ups For A Dollar
64666,The Who,WHO
64675,Caamp,No Sleep
64741,Frank Sinatra,Christmas Songs by Sinatra
64743,Frank Sinatra,Sinatra/Basie: The Complete Reprise Studio Recordings
64744,Johnny Mathis,Christmas Eve With Johnny Mathis
64749,Nat King Cole,The Christmas Song - Expanded Edition
64750,Bobby Helms,The Classic Years: 1956-1962
64755,Ella Fitzgerald,Ella Wishes You A Swinging Christmas - Expanded Edition
64756,Mariah Carey,Merry Christmas
64862,The Five Satins,For Collectors Only
64871,Big Mountain,The Best of Big Mountain
65277,Bedřich Smetana,Smetana: Ma Vlast (My Country)
65301,KAROL G,Tusa
65328,John Mellencamp,On The Rural Route 7609
65337,Mumford & Sons,Johannesburg
65340,Tom Petty and the Heartbreakers,Tom Petty & The Heartbreakers
65399,Los Claxons,Me Voy a Tomar la Noche (Choster + Bzars Remix)
65430,Foo Fighters,Wasting Light
65432,Car Seat Headrest,Teens of Denial
65451,Pedro Infante,Selección Especial
65516,Omar Chaparro,Como Caído del Cielo
65522,Tones And I,Dance Monkey (Stripped Back) / Dance Monkey
65523,Bad Bunny,Vete
65526,Piso 21,Pa' Olvidarme De Ella
65527,Rauw Alejandro,Fantasias
65530,JHAYCO,Famouz
65533,Daddy Yankee,Que Tire Pa Lante
65534,Danna Paola,Oye Pablo
65535,Arcángel,Sigues Con El
65536,Dua Lipa,Don't Start Now
65537,Camilo,Tutu
65538,Shawn Mendes,Shawn Mendes
65646,Manuel Ponce,Pasión
65647,Ernesto Elorduy,"Alma y corazón: Obras del romanticismo mexicano de Ernesto Elorduy, Vol. 1"
65648,Luis Cobos,La Danza De Los Corcelos (with The Royal Philharmonic Orchestra)
65650,Arturo Márquez,Fiesta
65651,Manuel Ponce,Sonidos Latinos
65652,Juventino Rosas,Mi Alma Mexicana (My Mexican Soul)
65654,Manuel Ponce,Guitar Music
65656,Higinio Ruvalcaba,Música Mexicana de Salón Con Salterio: Finales del Siglo Xix y Principios del Siglo Xx
65734,Andrew Lloyd Webber,Cats
65761,Javier Solís,Rancheras
65764,Javier Solís,Javier Solis Con Acoo De Mariachi
65766,Lola Beltrán,101 Rancheras de Amor y Odio
65767,José Alfredo Jimenez,15 Autenticos Exitos De
65781,Les Misérables-Original London Cast,Les Misérables (Original London Cast Recording Highlights)
65782,Ashley Artus,Les Misérables Live! (The 2010 Cast Album)
65783,The Manhattan Musical Company,Les Miserables
65784,Les Misérables - Manchester Cast,Les Misérables (Manchester Cast Recording) (Highlights)
65857,Warren Zevon,The Wind
67315,Antonio Aguilar,15 Éxitos: Corridos de Caballos Famosos
67775,The Weeknd,After Hours
67848,Pedro Infante,Adios a Mis Chorreadas
67863,Pedro Infante,Pedro Infante - Concierto Homenaje
67871,Noel Gallagher's High Flying Birds,Come On Outside
67872,The Strokes,Bad Decisions
67891,Johnny Cash,Johnny Cash at Sun
67965,Brandon Deshon,Brandon Deshon
67968,Christian Nodal,Se Me Olvidó
67969,Christian Nodal,Me Dejé Llevar
68014,Antonio Aguilar,"Antonio Aguilar Con Tambora, Vol. 2"
68084,The Smiths,The Queen Is Dead
68094,Joséphine Baker,Mon Pays Et Paris
68097,Cole Porter,Musical Classics
68105,Carlos Gardel,Los Exitos De Sus Peliculas
68107,Gerardo Matos Rodríguez,"A Time for Us (Silence, on joue!)"
68114,Harry James,Trumpet Blues: The Best Of Harry James
68115,Carmen Miranda,Woody Allen et la musique
68116,Giulia Y Los Tellarini,Woody Allen et la musique
68117,Harry James,The Hit Years
68118,Duke Ellington,Woody Allen et la musique
68120,Django Reinhardt,Djangologie Vol9 / 1939 - 1940
68122,Tommy Dorsey,Tommy Dorsey - I'm Getting Sentimental Over You
68123,Frank Sinatra,Woody Allen et la musique
68127,Louis Armstrong,Louis Armstrong Plays W. C. Handy
68130,Shannon & The Clams,Onion
68132,Nancy Sinatra,Boots
68133,The Offspring,"Rise And Fall, Rage And Grace"
68134,The Offspring,Days Go By
68138,The Offspring,Greatest Hits
68142,Social Distortion,Social Distortion
68143,Social Distortion,White Light White Heat White Trash
68145,Bruce Springsteen,Born To Run
68146,Jimi Hendrix,Both Sides of the Sky
68147,Jackson Browne,Jackson Browne (Saturate Before Using)
68159,Buffalo Springfield,Buffalo Springfield
68169,The Velvet Underground,Loaded: Re-Loaded 45th Anniversary Edition
68174,Rod Stewart,Every Picture Tells A Story
68176,Tame Impala,The Slow Rush
68182,Pearl Jam,Ten Redux
68184,Pearl Jam,Backspacer
68186,Parcels,Hideout
68187,Midnight Generation,Funk Your Bones (Side B)
68190,Chet Faker,Built On Glass
68192,Mick Jagger,The Rolling Stones Rock And Roll Circus
68193,Circus Band,The Rolling Stones Rock And Roll Circus
68196,Jethro Tull,The Rolling Stones Rock And Roll Circus
68197,Keith Richards,The Rolling Stones Rock And Roll Circus
68198,The Who,The Rolling Stones Rock And Roll Circus
68201,The Dirty Mac,The Rolling Stones Rock And Roll Circus
68203,Yoko Ono,The Rolling Stones Rock And Roll Circus
68205,The Rolling Stones,The Rolling Stones Rock And Roll Circus
68232,Antonio Aguilar,Corridos
68267,The Killers,Caution
68317,The Killers,Rock Motivation
68399,Bruce Springsteen,"The Wild, the Innocent & The E Street Shuffle"
68465,Pedro Infante,60 Rancheras Inmortales
68587,Tulsa,La Calma Chicha
68588,Tus,母親
68593,James Bay,Oh My Messy Mind
68670,Flo Rida,Wild Ones
68704,Nipsey Hussle,Victory Lap
68707,Weezer,Weezer
68708,Scotty Music,The Kitchen
68714,Skegss,Spring Has Sprung
68762,The Lumineers,Spotify Singles
68764,AWOLNATION,Slam (Angel Miners)
68792,Alejandro Fernández,Caballero
69015,Taylor Swift,Lover (Remix) [feat. Shawn Mendes]
69029,Redbone,The Essential Redbone
69068,Kero Kero Bonito,Intro Bonito
69076,Basto,Keep On Rocking
69138,Dua Lipa,Future Nostalgia
69237,Emil Brandqvist,Within a Dream
69238,Stanley Turrentine,Look Out!
69240,Scott Hamilton,Danish Ballads... & More
69241,Joran Cariou Trio,The Path Up
69242,Valentin Silvestrov,"Silvestrov: Leggiero, Pesante"
69243,Georg Philipp Telemann,"Telemann Edition, Vol. 1"
69245,Carl Philipp Emanuel Bach,Carl Philipp Emanuel Bach: Der Frühling
69246,Johann Sebastian Bach,"Bach: Partitas Nos. 3-4, Bwv 827-828"
69248,Gabriel Fauré,"Musique française pour deux pianos et piano à quatre mains: Debussy, Fauré, Milhaud & Ravel"
69249,Max Richter,Disconnect (Original Motion Picture Soundtrack)
69251,Carl Ditters von Dittersdorf,"Dittersdorf: Sinfonias On Ovid's Metamorphoses, Nos. 1 - 3"
69254,Christoph Willibald Gluck,"Piano Recital: Raekallio, Matti - Mozart, W.A. / Gluck, C.W. / Wagner, R. / Liszt, F. / Busoni, F. (Transcriptions - A Night at the Opera)"
69256,Alexander Borodin,Mussorgsky: Pictures at an Exhibition - Expanded Edition
69257,Ludwig van Beethoven,Beethoven & Schumann: Piano Quartets
69426,Traffic,Mr. Fantasy
69429,Donavon Frankenreiter,Donavon Frankenreiter
69432,Dan Auerbach,King of a One Horse Town
69435,Paulina Rodriguez,The Hardest Part
69436,Yusuf / Cat Stevens,The Laughing Apple
69437,Cage The Elephant,Melophobia
69438,Bailey Jehl,All My Life
69439,Linn Brikell,Happy Now
69440,Justin Morgan,Angel
69442,Damien Jurado,Ghost Of David
69443,Dan Berk,"thank u, next"
69444,Le Vitates,Wherever You Will Go
69445,Tom Petty,Wildflowers
69446,Sad Boy,hear you me
69447,The Lidls,Covers EP
69448,Zak Manley,Irreplaceable
69449,Mother's Daughter,I Swear
69450,Sara Farell,Promises
69451,Ben Harper,Fight For Your Mind
69595,Ehrling,Don't Wanna Miss You
69596,Ehrling,Give Me Summer
69645,Kacey Musgraves,Golden Hour
69646,William Wild,William Wild
69647,Wild the Coyote,Old Man
69648,Blackberry Smoke,The Whippoorwill
69649,Jason Isbell and the 400 Unit,The Nashville Sound
69650,Maren Morris,HERO (Deluxe Edition)
69651,Nathaniel Rateliff & The Night Sweats,Tearing At The Seams
69652,Bad Flamingo,Summer of Love
69653,Ryan Bingham,Junky Star
69654,Bad Flamingo,I Said a Prayer Twice for Both My Faces
69655,Blackberry Smoke,Bad Luck Ain't No Crime
69656,Whiskey Myers,Firewater
69657,Wild the Coyote,Reaper
69658,Blackberry Smoke,Little Piece of Dixie
69659,Blackberry Smoke,Like an Arrow
69661,Ian Noe,Between the Country
69662,Bad Flamingo,Forgiveness Don't Grow on Trees
69663,Ryan Bingham,Mescalito
69664,Jason Boland,"Texas Fed, Texas Bred: Redefining Country Music, Vol. 2"
69665,Drive-By Truckers,Decoration Day
69666,Waylon Jennings,Waylon Forever
69667,William Prince,Earthly Days
69668,Uncle Lucius,And You Are Me
69670,Savannah Conley,Twenty-Twenty
69735,Gaetano Donizetti,Donizetti: The Elixir of Love
69948,Jonas Brothers,A Little Bit Longer
69974,The Gap Band,The Best Of The Gap Band
69975,Alex Rose,LOST
69976,Midnight Generation,Good Old Days
69977,Michael Kiwanuka,Love & Hate
69978,Natural Child,Dancin' with Wolves
69979,The Strokes,The New Abnormal
70031,Hank Williams,The Legend Lives Anew (Hank Williams With Strings)
70033,J.J. Cale,Naturally
70043,Glee Cast,Glee: The Music presents The Warblers
70044,Ben Rector,Brand New
70081,Gioachino Rossini,The Barber of Seville
70099,Pedro Infante,XEW La Voz de America Latina
70110,César Franck,Andrea Bocelli - Sacred Arias
70112,Andrea Bocelli,Cinema
70113,Mogol,Amore
70114,Charles Gounod,Andrea Bocelli - Sacred Arias
70115,Eros Ramazzotti,Eros
70362,Leon Bridges,Inside Friend (feat. John Mayer)
70363,The Head And The Heart,Honeybee
70667,Louis Armstrong,Satchmo: The Decca And Verve Years 1924-1967
70832,Liam Gallagher,Acoustic Sessions
71087,The Killers,Fire In Bone
71093,AWOLNATION,Angel Miners & The Lightning Riders
71183,Ennio Morricone,Cinema Paradiso - Music By Ennio Morricone
71215,Pepe Aguilar,Por Mujeres Como Tú
71255,Bob Dylan,I Contain Multitudes
71336,Ennio Morricone,Nuovo Cinema Paradiso (Original Motion Picture Soundtrack)
71341,Ennio Morricone,Cinema Paradiso (Original Motion Picture Soundtrack)
71535,Lauren Alaina,Lauren Alaina – American Idol Season 10
71537,Oasis,Don't Stop...
71538,José Feliciano,Quentin Tarantino's Once Upon a Time in Hollywood Original Motion Picture Soundtrack
71539,Siouxsie and the Banshees,Marie Antoinette
71541,Oneohtrix Point Never,Good Time Original Motion Picture Soundtrack
71542,Yo La Tengo,Boyhood: Music from the Motion Picture
71544,James Brown,Quentin Tarantino’s Django Unchained Original Motion Picture Soundtrack
71545,The Shins,"Oh, Inverted World"
71546,Elton John,Rocketman
71547,Ms. Lauryn Hill,Guarding The Gates
71549,Seu Jorge,The Life Aquatic with Steve Zissou
71551,Luis Bacalov,Quentin Tarantino’s Django Unchained Original Motion Picture Soundtrack
71552,Eminem,8 Mile
71553,Jarvis Cocker,Fantastic Mr. Fox (Original Soundtrack)
71555,The Lonely Island,Popstar: Never Stop Never Stopping
71556,The Soggy Bottom Boys,"O Brother, Where Art Thou?"
71557,Shivaree,Kill Bill Vol. 2 Original Soundtrack
71559,CAN,Ege Bamyasi
71649,Natalia Lafourcade,Hasta la Raíz
71650,iLe,En Cantos
71651,Musicmusicmusic,What's a Good Boss Anyway
71652,Django Reinhardt,All Star Sessions
71692,Zac Brown Band,You Get What You Give (Deluxe)
71823,Eagles,One of These Nights
71828,Neil Diamond,Brother Love's Travelling Salvation Show
71830,Buffy Sainte-Marie,Quentin Tarantino's Once Upon a Time in Hollywood Original Motion Picture Soundtrack
71832,Syd Dale,Quentin Tarantino's Once Upon a Time in Hollywood Original Motion Picture Soundtrack
71833,Chad & Jeremy,Quentin Tarantino's Once Upon a Time in Hollywood Original Motion Picture Soundtrack
71838,KHJ,Quentin Tarantino's Once Upon a Time in Hollywood Original Motion Picture Soundtrack
71844,Robert Corff,Quentin Tarantino's Once Upon a Time in Hollywood Original Motion Picture Soundtrack
71850,Simon & Garfunkel,Quentin Tarantino's Once Upon a Time in Hollywood Original Motion Picture Soundtrack
71851,I Cantori Moderni Di Alessandroni,Quentin Tarantino's Once Upon a Time in Hollywood Original Motion Picture Soundtrack
71855,Coty Inc.,Quentin Tarantino's Once Upon a Time in Hollywood Original Motion Picture Soundtrack
71857,The Box Tops,Quentin Tarantino's Once Upon a Time in Hollywood Original Motion Picture Soundtrack
71858,Harold E. Weed / Dana Classic Fragrances,Quentin Tarantino's Once Upon a Time in Hollywood Original Motion Picture Soundtrack
71859,The Village Callers,Quentin Tarantino's Once Upon a Time in Hollywood Original Motion Picture Soundtrack
71860,I Profumi di Capri,Quentin Tarantino's Once Upon a Time in Hollywood Original Motion Picture Soundtrack
71861,Maurice Jarre,Quentin Tarantino's Once Upon a Time in Hollywood Original Motion Picture Soundtrack
71863,Paul Revere & The Raiders,Quentin Tarantino's Once Upon a Time in Hollywood Original Motion Picture Soundtrack
71868,Mitch Ryder,Quentin Tarantino's Once Upon a Time in Hollywood Original Motion Picture Soundtrack
71870,Dee Clark,Quentin Tarantino's Once Upon a Time in Hollywood Original Motion Picture Soundtrack
71872,Los Bravos,Quentin Tarantino's Once Upon a Time in Hollywood Original Motion Picture Soundtrack
71875,Bristol-Myers,Quentin Tarantino's Once Upon a Time in Hollywood Original Motion Picture Soundtrack
71878,Chuck Berry,Pulp Fiction
71881,Maria McKee,Pulp Fiction
71882,John Travolta,Pulp Fiction
71883,Maria De Medeiros,Pulp Fiction
71885,The Lively Ones,Surf Rider
72053,R.E.M.,Out Of Time
72054,R.E.M.,Up
72055,R.E.M.,Collapse Into Now
72062,Bob Dylan,False Prophet
72078,The Who,Who's Next - Deluxe Edition
72500,Baltic House Orchestra,Jenny of Oldstones (From 'Game of Thrones')
72502,Ramin Djawadi,Game Of Thrones: Season 7 (Music from the HBO Series)
72789,Train,Rescue Dog
72893,The Killers,Caution (Clean Bandit Remix)
73184,The Royal Guardsmen,Snoopy Vs. The Red Baron
73644,The Smiths,Louder Than Bombs
73839,Aerosmith,I Don't Want To Miss A Thing EP
73940,Two Door Cinema Club,Lost Songs (Found)
73982,Cage The Elephant,Unpeeled
74024,Jason Aldean,Spotify Singles
74056,Paul McCartney,Young Boy EP
74285,The Killers,My Own Soul's Warning
74395,Pink Floyd,Money
74396,Bob Dylan,Rough and Rowdy Ways
74577,Death Cab for Cutie,Codes and Keys
74580,Cage The Elephant,Thank You Happy Birthday
74635,Yusuf / Cat Stevens,Catch Bull At Four
74673,Joan Sebastian,Joan Sebastian Con Mariachi
74724,Paul McCartney,The World Tonight EP
74725,Skegss,Under The Thunder
74727,Skegss,Here Comes Your Man (triple j Like A Version)
74728,Skegss,Save It For The Weekend
74741,Triumph,Greatest Hits Remixed
74742,Triumph,Never Surrender
74743,Triumph,Thunder Seven
74826,Lennie Niehaus,Unforgiven - Original Motion Picture Soundtrack
74831,Clint Eastwood,Unforgiven - Original Motion Picture Soundtrack
74840,Ennio Morricone,"The Good, The Bad And The Ugly"
74841,Ennio Morricone,Per un pugno di dollari (Original Motion Picture Soundtrack)
74843,Ennio Morricone,Once Upon a Time in the West (Original Motion Picture Soundtrack)
74844,Ennio Morricone,The Mission: Music From The Motion Picture
74845,Ennio Morricone,Sacco e Vanzetti (Original Motion Picture Soundtrack)
74847,Ennio Morricone,La classe operaia va in paradiso - The Working Class Goes to Heaven / Lulu the Tool (Original Motion Picture Soundtrack)
74849,Ennio Morricone,L'uccello dalle piume di cristallo
74850,Ennio Morricone,"Morricone, Ennio - An Ennio Morricone Anthology"
74852,Ennio Morricone,Morricone Film Music
74855,Ennio Morricone,Novecento - 1900
74887,James Bay,Chew On My Heart
74953,Lucah,Modo Ofendida
74954,Childish Gambino,3.15.20
74962,Childish Gambino,Camp
74989,Childish Gambino,Because the Internet
75367,Yusuf / Cat Stevens,Tea for the Tillerman
75389,Paul McCartney,Flaming Pie - Archive Collection
75395,"Emerson, Lake & Palmer",The Best of Emerson Lake & Palmer
75459,Martin Garrix,Virus (How About Now)
75462,Klingande,Pumped Up
75479,Pimpo Gama,Like Sex on the Beaches
75480,JR Serpent,Three Years from Now
75481,MOGUAI,Hold On (feat. Cheat Codes)
75482,Brooks,Say A Little Prayer
75483,Ehrling,"Tropical Confessions, Pt. 5"
75484,Ehrling,"Tropical Confessions, Pt. 3"
75485,Henri PFR,Tarida
75543,Joan Sebastian,Grandes Duetos
76025,Claptone,Charmer
76026,ManyFew,Off My Mind
76027,Tez Cadey,Walls (summer mix) (feat. Julia Church)
76028,Purple Disco Machine,Move Or Not EP
76030,Marlon Hoffstadt,Girl
76032,Vintage Culture,Wild Kidz
76033,Calvin Harris,Giant (with Rag'n'Bone Man)
76034,Purple Disco Machine,Soulmatic
76035,Baron Dance,Dreams EP
76036,Natema,Skybeats 1 (Wedelhütte)
76038,Platinum Doug,Cream
76039,Yolanda Be Cool,Dance and Chant
76040,Betoko,U So Fine EP
76041,Jay Wheeler,Platonicos
76042,Dalex,+Linda
76043,Yandel,Quien Contra Mi 2
76044,J Balvin,UN DIA (ONE DAY) (Feat. Tainy)
76045,Tainy,NEON16 TAPE: THE KIDS THAT GREW UP ON REGGAETON
76046,Jowell & Randy,Anaranjado
76047,Rels B,Un Verano En Mallorca
76048,Dalex,Modo Avión
76049,Feid,FERXXO - VOL 1: M.O.R
76051,Nio Garcia,La Jeepeta (Remix)
76052,Chris Brown,Exclusive (Expanded Edition)
76058,Sech,1 of 1
76060,Anuel AA,Emmanuel
76062,Eladio Carrion,Sauce Boyz
76064,Wisin & Yandel,Ganas de Ti
76065,Sebastian Yatra,TBT
76066,Myke Towers,Mayor
76067,Rauw Alejandro,El Efecto
76068,Rauw Alejandro,Elegí (feat. Dímelo Flow)
76069,J Balvin,Colores
76070,Matt Hunter,Cazador
76072,Rauw Alejandro,Tattoo
76074,Chimbala,Rueda
76075,Darell,Velitas
76077,Ir Sais,Dream Girl
76078,J Balvin,Rojo
76079,Bad Bunny,YHLQMDLG
76084,Mau y Ricky,"Bota Fuego (feat. Dímelo Flow, Justin Quiles & Lenny Tavárez)"
76085,Abraham Mateo,No Encuentro Palabras
76086,Ozuna,Nibiru
76087,Becky G,MALA SANTA
76088,Daddy Yankee,Definitivamente
76089,Bad Bunny,Ignorantes
76090,Anuel AA,Keii
76091,Nio Garcia,Mírame
76092,TINI,Reguetón Sudoroso
76093,Rvssian,B11 (feat. Myke Towers)
76094,Eladio Carrion,Mi Error (Remix)
76095,J Balvin,Blanco
76096,Myke Towers,Rutina
76098,The Killers,Dying Breed
76253,All Time Low,"So Wrong, It's Right"
76675,Don Patricio,Contando Lunares (feat. Anitta & Rauw Alejandro)
76676,Lujavo,Bella
76678,Juan Magán,#Idiota
76679,Reik,Ahora
76680,Abraham Mateo,Loco Enamorado
76681,Miky Woodz,Na' Personal
76684,Lees y Feer,Y Que No y Que Tal
76686,Anuel AA,Secreto
76687,ChocQuibTown,Pa Olvidarte (feat. Manuel Turizo)
76688,Don Omar,King Of Kings 10th Anniversary
76690,Lalo Ebratt,Déjate Querer
76694,Sech,Si Te Vas
76696,Manuel Turizo,ADN
76699,Ozuna,100 Preguntas
76702,Beéle,Loco
76705,Ovy On The Drums,Inolvidable
76711,IAmChino,Ay Mi Dios
76712,KEVIN ROLDAN,PPP
76713,Bad Bunny,MIA (feat. Drake)
76714,Tommy Boysen,Gracias X
76715,Juan Magán,"Rápido, Brusco, Violento"
76716,Noriel,No Te Hagas la Loca
76719,Ochentay7,California Weed
76720,Jimmy Bad Boy,Bailando
76727,Lunay,Soltera (Remix)
76728,Piso 21,Te Vi
76735,KAROL G,OCEAN
76738,ROSALÍA,Con Altura
76739,Emmanuel,Inédito
76740,Petit Biscuit,Presence
76741,Leslie Grace,Duro y Suave
76746,Eladio Carrion,Mi Error
77177,Guaynaa,Rebota
77178,Sebastian Yatra,FANTASÍA
77180,Mijares,Rompecabezas (feat. Emmanuel)
77186,The Velvet Underground,Another View
77188,Gene Simmons,Gene Simmons
77279,The Killers,Imploding The Mirage
77814,The Voidz,Tyranny
77863,Antonio Aguilar,"Rancherísimo, Vol. 2"
78088,Pearl Jam,Gigaton
78107,The Rolling Stones,Scarlet
78108,Maroon 5,Nobody's Love
78109,Portugal. The Man,Tomorrow (from “At home with the kids”)
78110,Caamp,"Fall, Fall, Fall"
78735,Grateful Dead,Cornell 5/8/77
78754,Grateful Dead,"Download Series Vol. 1: Palladium, New York, NY 4/30/77"
78903,Ennio Morricone,"The Good, The Bad and The Ugly (Original Motion Picture Soundtrack)"
78904,Arvo Pärt,Pärt: Fratres
78915,Caamp,By and By
79321,Johnny Cash,Carryin' On With Johnny Cash And June Carter
79360,Juan Arvizu,El ultimo beso
79456,Yusuf / Cat Stevens,Buddha And The Chocolate Box
79526,Alex Turner,Submarine - Original Songs From The Film By Alex Turner
79527,The Snuts,Coffee & Cigarettes
79529,The Modern Lovers,The Modern Lovers
79569,Ray LaMontagne,MONOVISION
79570,The Lumineers,Classy Girls
79571,Rosie Carney,K.
79572,The Lumineers,C-Sides
79579,The Lumineers,Boots Of Spanish Leather
79602,Simon & Garfunkel,Bookends
79604,The Kinks,Arthur or the Decline and Fall of the British Empire
79605,The Kinks,Everybody's in Show-Biz
79607,The Kinks,The Kinks Are The Village Green Preservation Society
79608,The Kinks,Picture Book
79609,The Kinks,State of Confusion
79611,The Kinks,Kinda Kinks
79612,The Kinks,Arthur
79643,MIKA,The Origin Of Love
79644,Mike Posner,Cooler Than Me EP
79645,Mike Posner,31 Minutes to Takeoff
79647,Mike Posner,"At Night, Alone."
79652,The Kinks,The Kink Kontroversy
79653,The Kinks,Word of Mouth
79658,The Kinks,Something Else
79668,The Kinks,"Lola vs. Powerman and the Moneygoround, Pt. One + Percy"
79699,J.J. Cale,Really
79738,Freda Payne,Band Of Gold (Remix)
79739,Phil Ochs,I Ain't Marching Anymore
79808,Alejandro Fernández,Decepciones
79829,The Kinks,Give the People What They Want
79830,The Kinks,Low Budget
79978,John Lennon,Mind Games
79981,George Harrison,Living In The Material World
80048,Skegss,Fantasising
80283,Noel Gallagher's High Flying Birds,Chasing Yesterday (Deluxe)
80538,Justin Bieber,Holy
80540,OneRepublic,Wild Life
81021,The Yardbirds,Roger the Engineer (Expanded Edition)
81201,Howard Shore,The Lord of the Rings: The Fellowship of the Ring - the Complete Recordings
81240,John Williams,Harry Potter and The Chamber of Secrets/ Original Motion Picture Soundtrack
81258,John Williams,Harry Potter and the Prisoner of Azkaban / Original Motion Picture Soundtrack
81301,Patrick Doyle,Harry Potter And The Goblet Of Fire (Original Motion Picture Soundtrack)
81313,Nicholas Hooper,Harry Potter And The Order Of The Phoenix (Original Motion Picture Soundtrack)
81319,Nicholas Hooper,Harry Potter and the Half-Blood Prince (Original Motion Picture Soundtrack)
81330,Alexandre Desplat,Fantastic Mr. Fox (Original Soundtrack)
81494,Howard Shore,The Lord of the Rings: The Two Towers - the Complete Recordings
82039,Ozzy Osbourne,Blizzard Of Ozz
82300,Childish Gambino,This Is America
82301,Childish Gambino,Kauai
82519,Ennio Morricone,Yo-Yo Ma Plays Ennio Morricone
82536,Warren Zevon,Excitable Boy
82578,Christian Nodal,Aquí Abajo
82901,Ornette Coleman,The Shape Of Jazz To Come
82902,Eddie & Ernie,The Sue Records Story: The Sound Of Soul
82904,Rahsaan Roland Kirk,Blacknuss
83281,Justin Bieber,Lonely (with benny blanco)
83284,Maroon 5,Nobody’s Love Remix (ft. Popcaan)
83397,Childish Gambino,"""Awaken, My Love!"""
83400,Willie Nelson,Good Times
83466,Andy Grammer,Magazines Or Novels
83542,Tony Bennett,The Movie Song Album
83593,Giacomo Puccini,Opera Chill & Relax
83616,Peter Sarstedt,The Lost Album
83617,Peter Sarstedt,The Darjeeling Limited
83622,Nico,Chelsea Girl
83640,Willie Nelson,Always On My Mind
83641,Waylon Jennings,Waylon & Willie
83642,Willie Nelson,Restoration: The Songs Of Elton John And Bernie Taupin
83643,Merle Haggard,The Essential Merle Haggard: The Epic Years
83644,Willie Nelson,Both Sides Now
83646,Willie Nelson,One Hell Of A Ride
83648,Willie Nelson,And Then I Wrote
83649,Willie Nelson,"Willie Nelson: The Demos Project, Vol. Two"
83651,Willie Nelson,Yesterday's Wine
83652,Willie Nelson,Shotgun Willie
83653,Willie Nelson,The Essential Willie Nelson
83654,Willie Nelson,Willie Nelson Sings Kristofferson
83655,Willie Nelson,Band of Brothers
83656,Willie Nelson,God's Problem Child
83659,Kris Kristofferson,Johnny Cash: Forever Words Expanded
83710,Françoise Hardy,Françoise Hardy (Tous les garçons et les filles)
83747,Willie Nelson,To All The Girls...
83750,Willie Nelson,Ride Me Back Home
83751,Willie Nelson,Willie And Family Live
83752,Willie Nelson,First Rose of Spring
83754,Willie Nelson,Heroes
83755,Willie Nelson,Me and Paul
83757,Willie Nelson,Willie Nelson - 16 Biggest Hits
83758,Willie Nelson,City Of New Orleans
83759,Willie Nelson,Red Headed Stranger
83763,Toby Keith,Lost Highway
83764,Willie Nelson,Stardust
83772,Willie Nelson,The Troublemaker
83777,Willie Nelson,Country Willie - His Own Songs
83778,Waylon Jennings,Ultimate Waylon Jennings
83779,Julio Iglesias,1100 Bel Air Place
83787,Willie Nelson,The Sound In Your Mind
83792,Willie Nelson,Vote 'Em Out
83793,Willie Nelson,Django and Jimmie
83794,Willie Nelson,Rainbow Connection
83795,Allman Brothers Band,Eat A Peach
83802,Johnny Cash,Ragged Old Flag
83803,Johnny Cash,At Folsom Prison (Legacy Edition)
83919,Bob Dylan,The Best of The Bootleg Series
83991,Eddie Vedder,All The Way
84065,Billie Holiday,Billie Holiday Love Songs
84070,The Merry Macs,The Merry Macs Sing Mairzy Doats
84071,Glenn Miller,The Glenn Miller Carnegie Hall Concert (Live)
84072,Artie Shaw,Begin The Beguine
84073,Chick Webb,Spinnin' The Webb
84184,Seu Jorge,The Life Aquatic Exclusive Studio Sessions Featuring Seu Jorge
84200,Sam Smith,Love Goes
84206,Oliver Cheatham,Retro Disco
84373,Elton John,Come Down In Time
84523,Alejandro Fernández,Hecho En México
84524,Alejandro Fernández,Arrullo De Estrellas
84599,Donald Glover & Danny Pudi,Community (Music from the Original Television Series)
84600,Chevy Chase,Community (Music from the Original Television Series)
84602,The 88,Community (Music from the Original Television Series)
84605,Eric Olsen,Community (Music from the Original Television Series)
84775,Paul McCartney,We All Stand Together
84937,Ahron Kupner,Session 1
84938,Milos Foreman,Jazz Standards
84940,Wendy Marcini,It's Your Smile
84942,Eli Starr Trio,Autumn in New York
84943,Sara Florence,Green In Blue EP
84944,KTZ Players,Stillness
84945,Dan Evans-Parker,Hush
84950,Loretta Scott,Nardis
84951,Dennis Riley-Jones,Alfie
84952,Miles Henley,You’ve Changed
84953,Vina Anais,There You Were
84954,Ron Fields,When I Fall In Love
84955,Danny Walgreen,It Could Happen To You
84956,Bruno Sanders,ballads by midnight
84957,The Sweetgreens,You Don't Know What Love Is
84958,Bill Charlap Trio,"Uptown, Downtown"
84959,Gregory Silver,Tea For Two EP
84960,Peter Rostov Trio,A Portrait of Jennie
84961,Bill Swindon,The Longing for You
84962,Paul Moretti Trio,Cheek To Cheek
84965,Brandy Charles,time remembered
84966,Alfredo Evans,The Stars Are Bright
84967,Louis Silva Band,Pretty Ballad
84968,The Dox Band,That Beatnik Jive
84969,Lisa Gordan Trio,Stardust
84970,CMC 3,Dear Old Stockholm
84971,Hudson Harris & Haim,Blue in Green
84972,The Lenny Ryan Trio,Blame It On My Youth
84973,Tonya Malone,All Blues
84974,Robert Elovsson,All Alone
84975,Lady Luck Trio,I Wish I Knew
84976,Wildflower Trio,Still Life
84977,Oscar Daniels,Stockholm
84979,Dylan McFerrin,A Foggy Day
84980,MEGTARO,Newselves
84981,Matthew Simmons,The midnight sun will never set
84982,Penford Giles,Have You Met Miss Jones?
84983,Francesca Marr,Peace
84984,Angelina Winter,When We Lay Down
84985,Bladverk Band,Obliqua
84986,Hudson Harris & Haim,Body & Soul
84987,Robert Lewis Cohen,Piano Standards EP
84988,Dan Evans-Parker,Lost in Orbit
84989,Greg Paterson,prelude to a kiss
84990,Matthew Simmons,I left my heart in San Francisco
85130,Josh Turner,Your Man
85235,Jessica Albert,Stars Fell on Alabama
85237,Dan Eifler,Teach Me Tonight
85240,Martha Friedman,In A Mellow Tone
85241,Carla Moses,Songs by the bay
85242,Angus Grove,Autumn Leaves
85243,Johnny Christoff,Easy To Love
85245,Gustav Scheringer Duo,You Can't Go Home Again
85248,Cheryl Patterson,Old Devil Moon
85249,Hara Noda,Catcher
85250,George Alec,Tenderly
85251,Gene Hart Trio,The Way You Look Tonight
85394,David Fitzpatrick Trio,Standards Volume 1
85395,Bleecker Jazz Duo,Here's That Rainy Day
85396,Ola W Jansson,Secret Love
85448,Lucah,Privilegio
85627,Dr. Dog,Heart It Races
85896,Bob Marley & The Wailers,Confrontation
85955,Shakey Graves,And The War Came
86459,The Vogues,The Vogues
86463,The Association,And Then...Along Comes
86464,Carlos Rafael Rivera,The Queen's Gambit (Music from the Netflix Limited Series)
86465,Jackie DeShannon,This Is Jackie DeShannon
86547,Emmanuel,We Love Disney
86548,Alex Ubago,Siempre en mi mente
86549,Ed Maverick,mix pa llorar en tu cuarto
86552,Ed Maverick,Ropa De Bazar
86920,Ludwig Göransson,The Mandalorian: Chapter 1
87156,Luis Miguel,Romance
87157,Luis Miguel,Busca Una Mujer
87159,Luis Miguel,Vivo
87160,Luis Miguel,Palabra De Honor
87161,Luis Miguel,Mexico en la Piel (edicion diamante)
87162,Luis Miguel,Todos Los Romances
87163,Luis Miguel,Amarte Es Un Placer
87164,Luis Miguel,Aries
87165,Luis Miguel,La Miel De Mis Primeros Éxitos
87257,The Killers,Don't Waste Your Wishes
87500,Mike Bahía,Quiéreme
87549,Shawn Mendes,Wonder
87713,Literal,El Coche de la Lora
87748,Ed Maverick,Transiciones
87749,Ed Maverick,nadie va a pensar en ti mejor que yo
87751,Ed Maverick,ed maverick en el metropólitan
87752,Ed Maverick,ESTO NO TIENE NADA QUE VER CON eduardo
87753,Liam Gallagher,All You're Dreaming Of
87755,Matt Nathanson,American Wedding
87756,SEX-O-RAMA,SEX-O-RAMA II: Classic Adult Film Music
87757,The Brian Jonestown Massacre,Strung Out In Heaven
87758,Barenaked Ladies,Stunt
87759,Goldfinger,The Best Of Goldfinger
87765,Cage The Elephant,Cage The Elephant
87827,Cage The Elephant,Social Cues
87829,Cage The Elephant,Cage The Elephant (Expanded Edition)
87838,Cage The Elephant,Skin and Bones
87865,Cage The Elephant,Broken Boy (feat. Iggy Pop)
88030,Ed Maverick,Nos Queda Mucho Dolor Por Recorrer
88039,Alejandro Filio,Un Secreto a Voces
88040,Alejandro Filio,En Directo
88041,Alejandro Filio,Mujer Que Camina
88593,Alice Deejay,Who Needs Guitars Anyway?
88594,Bad Bunny,EL ÚLTIMO TOUR DEL MUNDO
88595,Myke Towers,La Playa (Remix)
88596,Bad Bunny,Más de un Siglo
88599,Bomba Estéreo,Amanecer (Remixed)
88600,Bakermat,Baianá
88603,Los Amigos Invisibles,El Paradise (Extended)
88604,Duke Dumont,Red Light Green Light
88606,Farruko,La Tóxica
88608,Honey HaHa,Vista Al Mar
88610,The Change,Imperio
88611,The Change,TRE CE
88613,Piso 21,Te Amo
88616,Reykon,Domingo (feat. Cosculluela)
88617,Jerry Di,Verano En París
88618,Jerry Di,DI LETRA
88619,Shakedown,At Night
88620,Cardi B,Invasion of Privacy
88621,Dalex,Bellaquita
88622,Zion & Lennox,La Player (Bandolera)
88623,The Swiss,Kitsuné: Elouisa (Extended) - EP
88624,Indeep,The Collection
88625,Duke Dumont,Ocean Drive
88626,DJ Snake,Carte Blanche
88629,Los Ángeles Azules,Amor a Primera Vista
88630,Big Wild,Superdream
88631,Ozuna,Caramelo
88632,Fatboy Slim,Praise You
88633,Yandel,Dangerous
88638,Ozuna,ENOC
88639,Mau y Ricky,Desconocidos
88640,Rodri Roberts,Ella
88710,The Nude Party,What’s The Deal?
88711,The Nude Party,Hot Tub
88856,The Voidz,Alien Crime Lord
88884,The Voidz,Virtue
88940,Paul McCartney,McCartney III
88953,Skegss,Wake Up
88976,Lime Cordiale,Addicted to the Sunshine
89011,The Voidz,Did My Best
89015,The Voidz,Coul as a Ghoul
89017,The Voidz,The Eternal Tao
89151,Ehrling,Tropical Confessions
89152,FISHER,You Little Beauty
89153,Claptone,Fantast
89158,Pyramid,We Are Your Friends - Music From The Original Motion Picture
89160,Boby Drum,Dum Dum
89161,Dubdogz,Techno Prank
89162,Joel Corry,Head & Heart (feat. MNEK)
89166,Deep Chills,Waikiki
89167,Ehrling,"Tropical Confessions, Pt. 2"
89171,Kygo,Freedom
89174,GAMPER & DADONI,Island in the Sun
89175,Rob!n,La Papaye
89176,Eric Prydz,Opus
89179,Armin van Buuren,Blah Blah Blah
89180,Vanilla Ace,We Feelin' It
89181,FISHER,Ya Kidding
89183,Tez Cadey,Seve
89185,Claptone,No Eyes
89186,Ehrling,Ona Ona
89187,Dimmi,Promesses
89188,Kygo,Forever Yours
89189,Round Table Knights,Say What?!
89190,Hot Natured,Reverse Skydiving (feat. Anabel Englund)
89192,Disclosure,Settle - Deluxe
89193,Ehrling,Tonight
89195,Crazibiza,Sexy Funky House Grooves
89197,Endor,Pump It Up
89200,Tom Misch,Geography
89201,Axero,Lights
89202,Ehrling,Baai (with Kronan)
89203,Oliver Heldens,Shades Of Grey
89204,Klangkarussell,Netzwerk
89205,Foals,Solomun - Selected Remixes 2009 2015
89206,Viceroy,Just Marinate
89208,Vintage Culture,Hollywood
89209,Juan Magán,No Sigue Modas
89213,Don Omar,Perdido En Tus Ojos
89214,Charly Black,Gyal You A Party Animal
89215,Chayanne,En Todo Estaré (Deluxe Edition)
89217,Daddy Yankee,La Rompe Corazones
89219,Ricky Martin,A Quien Quiera Escuchar
89225,JHAYCO,Somos Iguales
89227,Sebastian Yatra,"The Mixtape JukeBox, Vol. 1"
89228,Sebastian Yatra,Alguien Robó
89232,KAROL G,Créeme
89233,Zion & Lennox,Motivan2
89236,Joey Montana,Picky Back To The Roots
89242,Cali Y El Dandee,Por Fin Te Encontré
89244,Carlos Rivera,Perdiendo la Cabeza
89245,Play-N-Skillz,Bésame
89247,Paulina Rubio,Paulina
89248,A.B. Quintanilla III Y Los Kumbia Kings,From KK To Kumbia All-Starz
89251,Chema Rivas,Mil Tequilas
89252,Mœnia,Stereo Hits
89254,Motel,Motel
89255,PXNDX,Amantes Sunt Amentes
89257,Kudai,Vuelo
89258,Benny,Cielo
89259,Jesse & Joy,Six Pack: Jesse & Joy - EP
89260,Iskander,Fresas Con Vodka
89262,Juan Magán,Verano Azul
89263,Fanny Lu,Dos
89264,Belinda,Belinda
89266,Troup Band,Chiringuito Mix Vol. 2
89267,K-Paz De La Sierra,Serie 33
89268,A.B. Quintanilla III Y Los Kumbia Kings,"A.B. Quintanilla III Presents Kumbia Kings Greatest Hits ""Album Versions"""
89269,División Minúscula,Defecto Perfecto
89271,Benjamin Francis Leftwich,Shine
89272,PXNDX,Bonanza
89273,LP,Lost on You
89274,Soda Stereo,Comfort Y Musica Para Volar
89275,Julieta Venegas,Limon Y Sal
89276,Danna Paola,Atrevete A Soñar
89277,Bonka,Lo Que Nunca Nos Contamos
89278,Mach & Daddy,Desde Abajo
89282,Kumbia Kings,"A.B. Quintanilla III Presents Kumbia Kings Greatest Hits ""Album Versions"""
89284,Paulina Rubio,Pau-Latina
89287,Lou Bega,A Little Bit of Mambo
89288,Shakira,Pies Descalzos
89289,Sergio Dalma,Nueva Vida
89290,Eric Prydz,Call On Me (Remixes)
89291,OV7,Punto
89292,Ana Bárbara,Te Atraparé Bandido
89294,Gloria Trevi,Una Rosa Blu
89295,Celia Cruz,Exitos Eternos
89297,Chocolate,2000 Grandes Exitos
89298,Los Ángeles Azules,Una Lluvia De Rosas
89303,La Quinta Estacion,Flores De Alquiler
89304,Cristian Castro,Grandes Hits
89306,Mane de la Parra,Te Tuve y Te Perdí
89309,Menny Flores,Cuenta Hasta 3
89311,Mijares,Dulce Veneno
89314,Obie Bermudez,Solo Exitos
89315,Cristian Castro,Cristian Castro En Primera Fila - Día 1
89316,Coti,Esta Mañana Y Otros Cuentos
89317,Kany García,Cualquier Día
89319,Andrés Cepeda,El Equivocado
89320,Cristian Castro,Lo Mejor De Cristian Castro Y Aleks Syntek
89321,Leonel García,Todas Mías...
89323,Moderatto,Queremos Rock
89324,Carlos Rivera,Yo Creo
89325,Valdespino,Te Equivocaste
89326,Christian Daniel,Para Siempre
89342,Michael Bublé,Christmas - Deluxe Special Edition
89519,Gorillaz,Plastic Beach
89520,MGMT,Little Dark Age
89521,Phoenix,United
89522,GROUPLOVE,Spotify Singles
89523,Eddie Vedder,Into The Wild
89616,Renata Tebaldi,Lebendige Vergangenheit - Renata Tebaldi
89617,Johann Sebastian Bach,Piano Book
89619,Camille Saint-Saëns,Danse Macabre
89620,The Kid LAROI,F*CK LOVE (SAVAGE)
89668,The Proclaimers,Sunshine on Leith
89684,Poloc,Des Rse
89716,Seu Jorge,Músicas Para Churrasco
89984,Justin Bieber,Anyone
90042,Coldplay,Flags
90049,Ed Sheeran,Afterglow
90274,Kenny Rogers,Kenny
90276,Dolly Parton,Pure & Simple
90565,Kings of Leon,"The Bandit / 100,000 People"
90568,David Bowie,Tryin' To Get To Heaven / Mother
90570,Daniel Quién,Luces De Ti
90571,Nothing,Famine Asylum
90572,Thrice,Sea Change
90573,The Dose,The Dose
90574,Inhaler,My Honest Face
90575,CRX,Broken Bones
90576,The Backseat Lovers,When We Were Friends
90577,Royal Blood,Trouble’s Coming
90578,Old 97's,"The Grand Theatre, Vol. 1"
90579,Peach Pit,Being So Normal
90580,Julian Casablancas,Live From Electric Lady Studios/WRXP New York
90581,The Smashing Pumpkins,Pisces Iscariot
90582,Chris Cornell,Chris Cornell
90583,Nick Lowe,Don't Be Nice to Me
90587,The Turtles,The Turtles Present The Battle of the Bands
90588,Richard Hawley,Lady's Bridge
90589,The Nude Party,The Nude Party
90593,Eels,Blinking Lights and Other Revelations
90594,The Decemberists,Traveling On
90595,Creed Bratton,The 80's
90596,Nick Drake,Pink Moon
90597,Twin Peaks,Lookout Low
90599,CAKE,Prolonging the Magic
90612,Graham Parker & The Rumour,Stick To Me
90613,Ronnie Wood,I've Got My Own Album To Do
90614,Daniel Romano,Modern Pressure
90615,Scrapper Blackwell,Deep South Blues Hits
90616,The Byrds,Fifth Dimension
90623,Flyte,The Loved Ones
90624,The Smiths,Hatful of Hollow
90625,Andrew Bird,My Finest Work Yet
90631,R. Stevie Moore,Warning
90632,The Kooks,Junk Of The Heart
90634,Reel Big Fish,Cheer Up!
90718,The Chats,High Risk Behaviour
90719,Blur,Blur
90720,Ocean Alley,Yellow Mellow EP
90722,Ruen Brothers,Point Dume
90723,Kacy & Clayton,Plastic Bouquet
90724,The Cactus Blossoms,Happy Man
90725,Theo Lawrence,Plus de Sauce
90726,Liz Brasher,Painted Image
90742,Dan Auerbach,We Gotta Get Out of This Place
90761,Action Bronson,Suicide Squad: The Album (Collector's Edition)
90762,Dan Auerbach,Cars 3
90763,The Arcs,"Yours, Dreamily,"
90764,The Arcs,Lake Superior
90852,The Flaming Lips,Yoshimi Battles the Pink Robots
90861,Pixies,Surfer Rosa
90862,New Order,Power Corruption and Lies
90864,Interpol,Antics
90870,The War On Drugs,Lost In The Dream
90871,Death Cab for Cutie,Plans
90874,Pulp,Different Class
90875,The Postal Service,Give Up (Deluxe 10th Anniversary Edition)
90877,Silversun Pickups,Carnavas
90878,Yeah Yeah Yeahs,Fever To Tell
90880,Cold War Kids,Robbers & Cowards
90883,Peter Bjorn and John,Writer's Block
90886,The National,I Am Easy to Find
90887,Ron Gallo,HEAVY META
90892,Supergrass,I Should Coco
90896,Future Islands,As Long As You Are
90897,Band of Horses,Everything All The Time
90898,Stereophonics,Language.Sex.Violence.Other?
90903,Franz Ferdinand,Always Ascending
90904,Rolling Blackouts Coastal Fever,Hope Downs
90906,Los Campesinos!,"Hold on Now, Youngster..."
90907,Black Pumas,Black Pumas
90908,The Whitest Boy Alive,Dreams
90910,of Montreal,"Hissing Fauna, Are You The Destroyer?"
90911,Foals,What Went Down
90912,Spoon,Gimme Fiction
90913,Camera Obscura,My Maudlin Career
90933,Pulp,His N Hers
90938,The Wombats,"Proudly Present... A Guide to Love, Loss & Desperation"
90941,Metric,Fantasies
90947,The Subways,Young For Eternity
90948,Band Of Skulls,I Know What I Am digital single
90949,Maximo Park,A Certain Trigger
91022,Chris Benstead,The Gentlemen (Original Motion Picture Soundtrack)
91023,The Jam,Sound Affects
91024,David Rawlings,Poor David's Almanack
91083,Fools Garden,Dish Of The Day
91086,The Turtles,Happy Together
91089,The Monkees,"The Birds, The Bees, & The Monkees"
91090,The Monkees,Head
91134,The Nude Party,Chevrolet Van / Poor Boy Blues
91140,Ron Gallo,CAN WE STILL BE FRIENDS?
91142,Ron Gallo,WUNDAY (CRAZY AFTER DARK)
91226,Marcus King,The Well
91227,Liam Bailey,Definitely NOW
91228,Thunderpussy,Thunderpussy
91229,Larkin Poe,Holy Ghost Fire
91230,Slomosa,Slomosa
91245,Neil Young,Harvest Moon
91246,The Shins,Chutes Too Narrow
91247,Fleet Foxes,Fleet Foxes
91248,Albert Hammond Jr,Francis Trouble
91249,Death Cab for Cutie,The Open Door EP
91250,Doc Robinson,Deep End
91251,Rayland Baxter,Wide Awake
91252,Catfish and the Bottlemen,triple j Like A Version
91253,Buzzard Buzzard Buzzard,John Lennon Is My Jesus Christ
91254,"The Good, the Bad & the Queen",Merrie Land
91256,The Smiths,El Matador
91258,Tweedy,Sukierae
91260,Herb Alpert & The Tijuana Brass,!!Going Places!!
91262,Ryan Adams & The Cardinals,Cold Roses
91263,Rodríguez,Cold Fact
91264,Oberhofer,Chronovision
91265,Steely Dan,Can't Buy A Thrill
91266,Jerry Jeff Walker,Mr. Bojangles
91267,DeVotchKa,Una Volta
91269,The Mills Brothers,The Anthology: 1931 - 1968
91270,The Virgins,Strike Gently
91271,Jonathan Richman & The Modern Lovers,Roadrunner: The Beserkley Collection
91272,Low Cut Connie,Hi Honey
91273,Whitney,Forever Turned Around
91274,Cass McCombs,Sweet Lucy / Wild Mountain Thyme
91275,Joni Mitchell,Blue
91287,Rodríguez,Coming From Reality
91288,Rodríguez,"Record Store Day 7"""
91312,Neil Diamond,The Bang Years 1966-1968 - The 23 Original Mono Recordings
91313,Neil Diamond,Moonlight Rider / Sunflower
91314,Neil Diamond,Serenade
91315,Neil Diamond,The Jazz Singer
91316,Neil Diamond,Hot August Night - 40th Anniversary Deluxe Edition
91319,Neil Diamond,Jonathan Livingston Seagull
91321,Neil Diamond,50th Anniversary Collection
91322,Neil Diamond,Tap Root Manuscript
91326,Neil Diamond,Moods
91334,Neil Diamond,Heartlight
91335,Neil Diamond,"Touching You, Touching Me"
91336,Neil Diamond,12 Songs
91337,Neil Diamond,Classics: The Early Years
91340,Neil Diamond,Rainbow
91341,Neil Diamond,You Don't Bring Me Flowers
91350,Electric Light Orchestra,When I Was a Boy
91354,Stealers Wheel,Stealers Wheel
91360,Cass McCombs,Mangy Love
91439,Tim Buckley,Works In Progress
91440,Tim Buckley,Goodbye And Hello
91441,Nick Drake,Bryter Layter
91443,Pulp,We Love Life
91444,Big Star,#1 Record
91448,T. Rex,Get It On: The Collection
91449,The Flaming Lips,Transmissions From the Satellite Heart
91450,The Stone Roses,The Stone Roses
91452,Fairport Convention,Meet On The Ledge: The Classic Years (1967-1975)
91594,ZZ Top,Rio Grande Mud
91725,Wreckless Eric,Whole Wide World
91726,Flo Morrissey,"Gentlewoman, Ruby Man"
91727,Ween,White Pepper
91767,The Lemonheads,Car Button Cloth
91768,Grant Lee Buffalo,Mighty Joe Moon
91769,Andrea Laszlo De Simone,Uomo Donna
91770,Matt Duncan,Beacon
91771,Voxtrot,Raised By Wolves EP
91772,John Hiatt & The Goners,Beneath This Gruff Exterior
91773,of Montreal,Cherry Peel
91774,Thom Yorke,The Bridge School Concerts 25th Anniversary Edition
91776,Paul Westerberg,Stereo
91777,Parquet Courts,Wide Awake!
91778,Marc Bolan,Spaceball: The American Radio Sessions
91779,Henry Wolfe,Linda Vista
91780,Cameron Avery,"Ripe Dreams, Pipe Dreams"
91781,Phil Seymour,Looking for the Magic
91782,The Long Winters,When I Pretend To Fall
91783,Tim Buckley,Sefronia (Remastered)
91784,Alan Price,Savaloy Dip
91786,Heartless Bastards,Arrow
91787,"Marshall Crenshaw & The Handsome, Ruthless and Stupid Band",Marshall Crenshaw (Deluxe)
91788,Chris Thile,How To Grow A Woman From The Ground
91789,The Heavy,The Glorious Dead
92057,The Harpoonist & the Axe Murderer,A Real Fine Mess (Deluxe Version)
92059,Josh Farrow,I'll Be Your Fool (feat. The McCrary Sisters)
92060,Lianne La Havas,Blood
92061,Ruen Brothers,All My Shades Of Blue
92062,Logan Ledger,Logan Ledger
92151,The Killers,Imploding The Mirage - Deluxe
92154,Skegss,Valhalla
92361,El Komander,"El Movimiento Alterado, Vol. 3"
92362,La Numero 1 Banda Jerez De Marco A. Flores,Me Gustan Las Viejas Buenas
92366,Weezer,OK Human
92409,Death Cab for Cutie,The Georgia EP
92567,Jack White,You Are The Sunshine Of My Life
92570,My Morning Jacket,It Still Moves
92573,Tom Waits,The Heart Of Saturday Night
92576,Jonathan Richman,Modern Lovers '88
92579,The Mountain Goats,The Sunset Tree
92580,Courtney Barnett,The Double EP: A Sea of Split Peas
92581,Woods,City Sun Eater in the River of Light
92582,Glen Hansard,I'm Not There (Music From The Motion Picture)
92583,Tom Petty,Wildflowers & All The Rest
92584,Stephen Malkmus,Stephen Malkmus
92585,Blake Mills,Blake Mills
92588,Supergrass,Life On Other Planets
93091,Haruomi Hosono,Hosono House
93101,The War On Drugs,Wagonwheel Blues
93102,My Morning Jacket,Z
93104,Peter Doherty,Grace/Wastelands
93107,Beastie Boys,Hello Nasty
93110,Loose Fur,Born Again In The USA
93112,Uncle Tupelo,"March 16-20, 1992"
93113,Elvis Costello & The Attractions,Armed Forces
93114,The Weakerthans,Reunion Tour
93115,Rufus Wainwright,Want One
93118,Paul Westerberg,14 Songs
93119,Mapache,Lonesome LA Cowboy
93120,Joe Brown,Concert For George
93121,The Olivia Tremor Control,Dusk at Cubist Castle
93151,Emitt Rhodes,The Emitt Rhodes Recordings (1969-1973)
93163,The Bluetones,BBC Radio Sessions
93257,Kings of Leon,Echoing
93261,Mott The Hoople,All The Young Dudes
93265,The Other Favorites,Fools
93266,Sunflower Bean,From the Basement
93269,The Zombies,Odessey & Oracle_ 30th Anniversary Edition
93270,The Coral,Roots and Echoes
93271,U2,Zooropa
93272,George Martin,Beatles to Bond and Bach
93273,Iron & Wine,Sing Into My Mouth
93359,Verdena,Endkadenz Vol. 1
93361,Ezra Furman,Inside the Human Body
93362,Penguin Cafe Orchestra,Penguin Café Orchestra
93364,Blind Faith,Hyde Park '69
93444,Alejandro Fernández,Duele
93447,Vicente Fernández,Vicente Fernandez Para Siempre
93549,Arcade Fire,The Suburbs (Deluxe)
93669,Los Lonely Boys,Los Lonely Boys
93672,Stone Temple Pilots,Purple
93781,Mac Miller,Circles
93782,Frank Ocean,Blonde
93784,Kid Cudi,Man On The Moon III: The Chosen
93786,A$AP Rocky,Sundress
93787,Mac Miller,Swimming
93788,"Tyler, The Creator",Flower Boy
93789,Frank Ocean,In My Room
93792,Kid Cudi,Man On The Moon II: The Legend Of Mr. Rager
93797,"Tyler, The Creator",IGOR
93979,Sam Fender,Hypersonic Missiles
93981,The Chick Corea New Trio,"Past, Present & Futures"
93982,Oscar Peterson Trio,Night Train
94259,George Harrison,Somewhere In England
94260,Stevie Nicks,Crystal Visions...The Very Best of Stevie Nicks
94262,Elton John,Jump Up!
94264,Paul Simon,The Essential Paul Simon
94267,Molly Hatchet,Greatest Hits
94268,David Gilmour,About Face
94269,Julian Lennon,Valotte
94270,The Outfield,Diamond Days
94271,The Cranberries,To The Faithful Departed
94272,Gerry Marsden,Much Missed Man - A Tribute To John Lennon
94273,Neil Young,Greendale
94274,Oasis,Dig Out Your Soul
94275,Bob Dylan,Tempest
94298,Noel Gallagher's High Flying Birds,Black Star Dancing
94299,Spiritualized,Ladies and gentlemen we are floating in space
94398,Belly,Up For Days
94407,Ariana Grande,My Everything - Deluxe
94410,The Weeknd,Reminder
94414,Gesaffelstein,Hyperion
94444,Queens of the Stone Age,Era Vulgaris Tour Edition
94446,Phish,Billy Breathes
94447,America,Homecoming
94448,Jim Sullivan,U.F.O.
94449,Jeff Mangum,Live at Jittery Joe's
94450,The Polyphonic Spree,Together We're Heavy
94451,Sean Ono Lennon,Friendly Fire
94452,The Apples In Stereo,Her Wallpaper Reverie
94453,Jeff Rosenstock,WORRY.
94454,The Both,The Both
94455,The Claypool Lennon Delirium,South of Reality
94633,Mike Oldfield,Tubular Bells
94638,Mike Oldfield,Discovery
94639,Vangelis,Blade Runner (Music From The Original Soundtrack)
94704,Secondhand Serenade,A Twist in My Story
94797,Kings of Leon,When You See Yourself
94892,Michael FAY,Ibiza Sax
94893,Dimitri Vegas & Like Mike,Higher Place (Bassjackers Remix)
94895,New Order,People on the High Line
94897,Duke Dumont,The Power
94899,Ehrling,Sax Art
94905,Robin Schulz,Sugar
94906,Mr. Probz,Waves
94908,Sander W.,I Can't Believe
94913,Nacho,La Criatura
94914,Juan Magán,4.0
94916,ChocQuibTown,Sin Miedo
94917,Piso 21,Ubuntu
94918,Justin Quiles,Realidad
94919,Zion & Lennox,Hola
94925,Joey Montana,La Movida
94926,Backstreet Boys,Millennium
94928,Hanson,Middle Of Nowhere
94929,Westlife,Coast To Coast
94930,Sixpence None The Richer,Sixpence None the Richer
94931,*NSYNC,No Strings Attached
94932,Backstreet Boys,Backstreet's Back
94934,Soulja Boy,20 #1's: Modern Hip-Hop
94935,Pitbull,Planet Pit (Deluxe Version)
94937,Zion,"Pina Records Presenta : La Fórmula , the Company"
94938,Enrique Iglesias,Euphoria
94939,Kardinal Offishall,Not 4 Sale
94940,Jay Sean,All Or Nothing
94942,Chris Brown,F.A.M.E. (Expanded Edition)
94944,Taio Cruz,Rokstarr
94946,Snoop Dogg,"Young, Wild & Free (feat. Bruno Mars)"
94947,Zion & Lennox,Motivando a la Yal
94949,Mohombi,In Your Head
94951,Chino & Nacho,Mi Niña Bonita - Reloaded
94953,Akon,Angel
94956,David Guetta,One More Love
94957,50 Cent,Get Rich Or Die Tryin'
94958,Sean Kingston,Fire Burning
94961,Eminem,SHADYXV
94968,Justin Bieber,Changes
94975,Myke Towers,Easy Money Baby
94980,KAROL G,BICHOTA
94982,Arizona Zervas,ROXANNE
94985,Calle 13,Entren Los Que Quieran
95004,Justin Bieber,Hold On
95006,Taylor Swift,folklore
95007,Miley Cyrus,Heart Of Glass / Midnight Sky
95008,Niall Horan,Flicker
95009,Troye Sivan,Easy (with Kacey Musgraves feat. Mark Ronson)
95012,Julia Michaels,Inner Monologue Part 1
95067,Macklemore & Ryan Lewis,The Heist (Deluxe Edition)
95087,John Lennon,Mother
95118,Andrew Lloyd Webber,Highlights From The Phantom Of The Opera
95218,Pedro Infante,Palabritas de Amor
95336,KALEO,A/B
95350,Paul McCartney,The Kiss Of Venus (Dominic Fike)
95351,The Script,For the First Time
95352,Imagine Dragons,Follow You / Cutthroat
95413,Tom Petty and the Heartbreakers,She's the One (Songs and Music from the Motion Picture)
95414,Belle and Sebastian,The Life Pursuit
95640,Arcade Fire,Her (Original Score)
95655,David Gilmour,David Gilmour
96032,Mocedades,Personalidad
96041,Mocedades,Esencial Mocedades
96089,"The ""Les Misérables"" 10th Anniversary Full Cast",Les Misérables (10th Anniversary Concert Live at Royal Albert Hall)
96150,Mocedades,La Vuelta Al Mundo De Willy Fog
96151,Mocedades,Coleccion Original: Mocedades
96152,Mocedades,Grandes Exitos Originales
96153,Mocedades,Grandes Exitos
96368,Foo Fighters,There Is Nothing Left To Lose
96369,Foo Fighters,One By One (Expanded Edition)
96371,Foo Fighters,Concrete and Gold
96373,Foo Fighters,Sonic Highways
96378,Foo Fighters,Medicine At Midnight
96582,Carlos Colosio,por qué está tan cabrón crecer?
96663,Of Monsters and Men,Destroyer
96665,Bright Eyes,Lua
96666,Miles Kane,Colour Of The Trap
96667,Vince Guaraldi,"Vince Guaraldi and the Lost Cues, Vol. 2"
96668,Bruce Springsteen,Nebraska
96669,Mudcrutch,Mudcrutch
96670,The Cat Empire,So Many Nights
96671,Over the Garden Wall,Over the Garden Wall
96672,NRBQ,All Hopped Up
96673,JD McPherson,UNDIVIDED HEART & SOUL
96674,Link Wray,Link Wray
96675,Beck,Sea Change
96676,Born Ruffians,"Uncle, Duke & The Chief"
96677,Thunderclap Newman,Hollywood Dream
96678,Flamin' Groovies,Shake Some Action
96679,The Doobie Brothers,Toulouse Street
96680,Jack Johnson,To The Sea
96681,Ahmad Jamal Quintet,Listen To The Ahmad Jamal Quintet
96697,Better Oblivion Community Center,Better Oblivion Community Center
96700,Josh Rouse,1972
96704,OK Go,All Together Now
96710,The Tallest Man On Earth,Graceland
96711,Michael Cera,True That
96714,Chris Isaak,San Francisco Days
96718,The Head And The Heart,Don't Dream It's Over
96719,Leonard Cohen,Songs Of Leonard Cohen
96720,Neil Young,After the Gold Rush
96721,Jonathan Wilson,Gentle Spirit
96726,Richie Havens,Live At The Cellar Door and at the Santa Monica Civic Auditorium
96732,Billy Bragg,Mermaid Avenue
96733,Ray LaMontagne,Part Of The Light
96735,Nick Drake,Five Leaves Left
96739,"Crosby, Stills & Nash","Crosby, Stills & Nash"
96745,Jackson C. Frank,Jackson C. Frank
96796,Simon & Garfunkel,"Parsley, Sage, Rosemary And Thyme"
96807,Fleet Foxes,Crack-Up
96814,Justin Bieber,Justice
96826,Iron & Wine,Beast Epic
96828,The Lumineers,Pilates
96829,Lord Huron,Lonesome Dreams
96830,Vance Joy,Dream Your Life Away - Special Edition
96842,The Lumineers,Pete's Dragon
96874,Lady Gaga,Born This Way
96882,Simon & Garfunkel,Sounds Of Silence
96885,The Strumbellas,Hope
96887,Bahamas,Barchords
97058,Natanael Cano,Amor Tumbado
97059,The Libertines,Don't Look Back into the Sun
97361,Jerry Douglas,Babel
97495,Maurice Jarre,Witness - Original Motion Picture Soundtrack
97507,Gino Paoli,Gino Paoli
97509,Shirley Bassey,Something Else
97775,Les Misérables - 10th Anniversary Cast,Les Misérables (10th Anniversary Concert Live at Royal Albert Hall)
97874,The Black Keys,Crawling Kingsnake
97983,Anthony Crivello,Les Misérables (10th Anniversary Concert Live at Royal Albert Hall)
97985,Vicente Fernández,Un Mexicano en la México
97986,José Alfredo Jimenez,El Rey
97987,Pedro Infante,Las 15 Involvidables De Pedro Infante
98189,N.W.A.,Straight Outta Compton
98190,Lana Del Rey,Chemtrails Over The Country Club
98258,Pepe Aguilar,Por El Amor De Siempre
98261,Los Bukis,Y Para Siempre ...
98262,Los Bukis,Si Me Recuerdas
98263,Timbiriche,Timbiriche 8
98265,María Grever,Plácido Domingo - Be My Love
98266,Maria Dolores Pradera,40 baladas y boleros con sus primeras rancheras
98268,Thalia,Thalia En Primera Fila
98269,Maria Conchita Alonso,La Más Completa Colección
98271,John Denver,"John Denver's Greatest Hits, Volume 3"
98273,Elenco original de Madrid,"Los Miserables. Mas que un musical, una leyenda"
98275,Ángela Aguilar,Primero Soy Mexicana
98288,Juanes,Tr3s Presents Juanes MTV Unplugged
98292,Georges Bizet,"Bizet, G.: Carmen [Opera]"
98293,André Rieu,Best Of
98295,Los Bukis,Mi Fantasia
98296,Rosana,Lunas Rotas: De casa a las ventas
98297,Facundo Cabral,Facundo Cabral
98301,Emmanuel,Desnudo Emmanuel
98302,Alfonso Esparza Oteo,Adoro
98305,Mocedades,Lo Esencial
98315,María Elena Walsh,Canciones Para Mí
98316,Julio Iglesias,Noche De Cuatro Lunas
98318,Armando Manzanero,Adoro
98366,Julio Iglesias,Et L' Amour Crea La Femme
98368,Algero,Mis Favoritas
98371,Facundo Cabral,El Oficio De Cantor
98372,Ricky Martin,El Ultimo Adiós
98373,Franco De Vita,Stop
98374,Carlos Gardel,50 Greatest Tracks
98376,Royal Philharmonic Orchestra,Themes For Lovers
98377,Il Volo,Il Volo
98380,Mijares,Canto Por Ti
98383,Rudy Pérez,Mis Favoritas
98425,Luis Miguel,Segundo Romance
98427,Luis Miguel,El Concierto
98442,Luis Miguel,Mis Romances
98447,Luis Miguel,Romances
98453,Maria Dolores Pradera,Cariño Malo
98455,Maria Dolores Pradera,La Flor de la Canela
98501,The Cult,Love
98511,New York Session Singers,Musicals - Gold
98513,Bebu Silvetti,La Historia Del Piano De América
98516,Alejandro Fernández,Confidencias
98517,Pepe Aguilar,MTV Unplugged
98519,Emmanuel,Solo Exitos
98521,Mocedades,Mocedades 5
98523,Emmanuel,Intimamente
98524,Pepe Aguilar,"Fue un Placer Conocerte: Gracias Juan Gabriel, Vol. 1"
98525,Emmanuel,Diez Años Cantandole Al Amor
98534,Alejandra Guzman,De Piel Negra
98537,Mario Frangoulis,Mario and Friends 2 …It Makes The World Go Around
98542,Enrique Iglesias,DUELE EL CORAZON (English Version) (feat. Tinashe & Javada)
98547,Maria Dolores Pradera,20 Exitos
98549,Bonnie Tyler,The Very Best of Bonnie Tyler
98552,Richard Clayderman,The Andrew Lloyd Webber Collection
98554,Yuridia,Amigos No por Favor (Primera Fila)
98555,Mijares,Frente a Frente - Emmanuel & Mijares
98556,Mijares,Lo Mejor De Emmanuel & Manuel Mijares En Concierto
98560,José Luis Perales,Entre El Agua Y El Fuego
98561,Facundo Cabral,Serie De Oro
98563,Julio Iglesias,Begin the Beguine
98564,Eduardo di Capua,50 Greatest Tracks
98565,Emmanuel,Entre Lunas
98566,Grupo Arranke,A Través Del Vaso
98574,Raul Di Blasio,Grandes Exitos
98582,London Theatre Orchestra & Cast,Love At The Musicals
98584,Chayanne,Atado a Tu Amor
98588,José Luis Perales,Tiempo de otoño
98592,Julio Iglesias,Tango
98598,Mijares,El Privilegio De Amar
98601,María Elena Walsh,"Maria Elena Walsh, El Legado (Para Grandes y Chicos)"
98602,Roy Orbison,Pure... '60s
98605,Giacomo Puccini,Amira
98606,Maria Dolores Pradera,Amarraditos
98608,Garibaldi,Caribe
98610,Ricardo Arjona,Personalidad
98612,Richard Clayderman,From This Moment on
98613,Richard Clayderman,Essential Love Songs
98671,Badfinger,Magic Christian Music
98683,Neutral Milk Hotel,In the Aeroplane Over the Sea
98685,Brian Wilson,I Just Wasn't Made For These Times
98686,Pavement,Terror Twilight
98688,Joe Strummer,Global A Go-Go
98689,David Byrne,Everything That Happens Will Happen Today
98690,Eagles Of Death Metal,Zipper Down
98692,HAIM,Women In Music Pt. III
98693,Townes Van Zandt,Roadsongs
98694,Glen Campbell,Meet Glen Campbell
98695,Tom T. Hall,"Tom T. Hall - Storyteller, Poet, Philosopher"
98696,Travis,The Invisible Band
98697,The Waterboys,Fisherman's Blues
98698,The Church,Starfish
98699,Declan McKenna,Zeros
98700,Traveling Wilburys,"The Traveling Wilburys, Vol. 1"
98702,Chicago,Chicago II
98703,Mark Knopfler,Shangri-La
98711,Izzy Stradlin And The Ju Ju Hounds,Izzy Stradlin And The Ju Ju Hounds
98712,El Mató a un Policía Motorizado,La Dinastía Scorpio
98715,Loudon Wainwright III,Attempted Mustache
98717,Mister Heavenly,Out of Love
98718,The Blue Jean Committee,Catalina Breeze
98719,Peter Gabriel,Peter Gabriel 1: Car
98720,Biffy Clyro,MTV Unplugged
98733,Steelism,ism
98767,Keuning,Bad Instincts
98831,Noel Gallagher's High Flying Birds,We're On Our Way Now
98833,Noel Gallagher's High Flying Birds,Riverman
98877,Ice Cube,Death Certificate
98908,Ruthie Henshall,Les Misérables (10th Anniversary Concert Live at Royal Albert Hall)
98961,Ed Maverick,"niño,"
98962,The Lumineers,Caves
99069,Richard Clayderman,50 Wedding Favourites
99071,Richard Clayderman,Swinging Pop Hits
99074,Richard Clayderman,French Favourites
99077,Richard Clayderman,At Home With Richard Clayderman
99255,Ed Maverick,eduardo
99366,Coldplay,Higher Power
99381,Jukebox The Ghost,Safe Travels
99382,The Strypes,Spitting Image
99388,Guy Clark,Old No.1/Texas Cookin'
99389,Kathy McCarty,Dead Dog's Eyeball - Songs of Daniel Johnston
99390,Quruli,図鑑
99391,Panic! At The Disco,Pretty. Odd.
99392,Arthur & The Emigrants,The Future
99393,Jools Holland,Jools Holland And Friends - Small World Big Band
99394,Blind Willie Johnson,Dark Was The Night (Mojo Workin'- Blues For The Next Generation)
99395,Gang of Youths,Go Farther In Lightness
99396,The First Edition,The First Edition
99397,Fernando Sor,Sor: Works for Guitar
99481,Colm Wilkinson,Les Misérables (10th Anniversary Concert Live at Royal Albert Hall)
99502,Carlos Rivera,Un Velero Llamado Libertad
99653,Michael Maguire,Les Misérables (10th Anniversary Concert Live at Royal Albert Hall)
99765,Jethro Tull,Stand Up
99766,Michael Hurley,Have Moicy!
99767,Tin Hat Trio,Book of Silk
99768,The Brian Jonestown Massacre,Their Satanic Majesties' Second Request
99769,Roger Miller,King Of The Road: The Genius Of Roger Miller
99770,John Doe,The Golden State
100008,The Black Keys,Delta Kream
100021,Joe Cocker,With A Little Help From My Friends
100022,Bob Dylan,Self Portrait
100023,The Chemical Brothers,Push The Button
100025,Joan Baez,Joan Baez 75th Birthday Celebration
100026,Editors,In This Light and on This Evening
100027,The O'Reillys and the Paddyhats,Sign of the Fighter
100220,Midnight Generation,Odyssey Remixes
100222,Midnight Generation,You Knock Me off of My Feet
100371,Giacomo Puccini,Madame Butterfly
100372,Léo Delibes,"""The Opera Gala - Live from Baden-Baden"""
100373,Umberto Giordano,Pavarotti Forever
100374,Vincenzo Bellini,Maria
100375,Luciano Pavarotti,Rigoletto - Highlights
100376,Giacomo Puccini,Pavarotti Forever
100377,Luciano Pavarotti,Pavarotti & Friends For The Children Of Liberia
100378,Giuseppe Verdi,Opera Choruses
100379,Camille Saint-Saëns,Pure - Maria Callas
100380,Vincenzo Bellini,Bellini: I Puritani
100382,Alfredo Catalani,Pure - Maria Callas
100406,Counting Crows,Butter Miracle Suite One
100684,Hank Williams,The Complete Hank Williams
100750,Giuseppe Verdi,"Je n'aime pas Verdi, mais ça j'aime bien !"
100763,The Rolling Stones,A Little Bang (Bigger Bang Tour EP)
100764,Keuning,The Fountain
100784,Hot Chocolate,Hot Chocolate
101205,Buzzard Buzzard Buzzard,Hollywood Actors
101392,Chuck Prophet,Bobby Fuller Died for Your Sins
101393,Fiona Apple,Pleasantville -Music From The Motion Picture
101394,Perry Como,Seattle
101396,Fairport Convention,Shuffle and Go
101397,Phosphorescent,Day of the Dead
101398,Aliotta Haynes Jeremiah,Lake Shore Drive
101399,Prince,"Sign ""O"" the Times"
101400,The Jaded Hearts Club,You've Always Been Here
101401,The Vaselines,Enter The Vaselines
101402,The Pretty Things,Parachute
101403,The Who,The Who By Numbers
101404,Jim Ford,Harlan County
101405,Rush,Caress Of Steel
101406,Bleachers,Chinatown
101407,Jamie T,Carry On The Grudge
101408,Joshua Lee Turner,As Good a Place as Any
101409,The Lovin' Spoonful,Daydream
101410,Clem Snide,The Ghost of Fashion
101411,Caetano Veloso,Caetano Veloso
101413,Def Leppard,Yeah!
101414,Gomez,Liquid Skin
101416,The Head And The Heart,Let's Be Still
101418,Dr. Dog,Fate
101419,Canned Heat,Same Old Games (Remix/Single Edit)
101420,Raul Seixas,'Gîtâ'
101421,Elle Cordova,Morse Code
101422,Strand of Oaks,Eraserland
101443,Imagine Dragons,Follow You
101444,John Mayer,Last Train Home
101512,David Gilmour,On An Island
101514,Blitzen Trapper,Furr
101516,Matt Berry,Matt Berry and the Maypoles Live
101517,Justin Townes Earle,Harlem River Blues
101518,Lionel Belasco & His Orchestra,Calypso Carnival (1935 - 1939)
101519,Mick Jagger,The Very Best Of Mick Jagger
101520,KISS,Rock And Roll Over
101522,Ben Kweller,Changing Horses
101523,Bob Marley & The Wailers,Uprising
101524,James Booker,The Lost Paramount Tapes
101525,The Band Of Heathens,Duende
101526,Frightened Rabbit,The Midnight Organ Fight
101527,Mike Campbell & The Dirty Knobs,Wreckless Abandon
101528,Kaleidoscope,Side Trips (Expanded Edition)
101529,Pete Molinari,A Virtual Landslide (Bonus Version)
101530,Editors,An End Has a Start
101531,Richard Thompson,Mirror Blue
101532,Los Straitjackets,Jet Set
101533,Madness,Absolutely
101535,Grizzly Bear,Veckatimest
101536,Little Joy,Little Joy
101539,Manic Street Preachers,Send Away The Tigers
101540,Theo Lawrence and The Hearts,Homemade Lemonade
101541,Arizona Baby,Dos Bandas y un Destino
101542,Wilson Pickett,Hey Jude
101543,Sigur Rós,Ágætis byrjun
101544,Quintette du Hot Club de France,St. Louis Blues
101549,Los Lobos,Los Lobos Goes Disney
101550,Watkins Family Hour,Watkins Family Hour
101551,Benjamin Baker,Acoustified: Disney Edition
101552,Logan Kendell,Let the Sun In
101553,Peter Ustinov,Walt Disney Records The Legacy Collection: Robin Hood
101555,Jonny October,The Wheelhouse
101560,Roger Miller,Walt Disney Records The Legacy Collection: Robin Hood
101562,George Bruns,Walt Disney Records The Legacy Collection: Robin Hood
101597,Phil Harris,Walt Disney Records The Legacy Collection: Robin Hood
101598,Roger Miller,Disney Classics
101601,Alfonso Barbieri,Valses eróticos del rio de la concha de tu madre
101708,Bruce Cockburn,Bruce Cockburn
101709,Neil Young,Greatest Hits
101718,John Gorka,I Know
101720,Pete Seeger,Headlines and Footnotes: A Collection of Topical Songs
101721,Dave Van Ronk,Folk Music
101722,Fairport Convention,Liege And Lief
101723,The Kingston Trio,The Capitol Collector's Series
101725,"Peter, Paul and Mary","The Very Best of Peter, Paul and Mary"
101726,Richard Thompson,Rumor And Sigh
101728,James Taylor,Greatest Hits
101729,Crosby & Nash,Crosby & Nash
101731,Crooked Still,Hop High
101736,Yusuf / Cat Stevens,New Masters
101737,Tia Blake,Folksongs & Ballads
101738,Tom Rush,The Circle Game [Expanded & Remastered]
101740,The Byrds,Turn! Turn! Turn!
101741,The Mamas & The Papas,The Papas & The Mamas
101742,"Peter, Paul and Mary",Album 1700
101744,Riovaz,Prom Night
101745,Dayglow,Harmony House
101746,Vacations,Vibes
101747,Jungle,Keep Moving
101748,The Knocks,Melody & Silence
101749,Nina Cobham,lo que pasó
101750,Cuco,Forevermore
101751,Wallows,Quarterback
101752,347aidan,Dancing in My Room
101753,Mitski,Be the Cowboy
101754,Jerk,Circling
101755,RINZ.,Memories
101758,Xavier Rudd,Spirit Bird
101766,Neil Young,Harvest
101767,Eels,Hombre Lobo
101771,Bobby Womack,Fly Me To The Moon
101785,Edward Sharpe & The Magnetic Zeros,Up From Below (10th Anniversary Edition)
101793,Wilco,What's Your 20? Essential Tracks 1994 - 2014
101802,Johnny Flynn,A Larum
101803,Talking Heads,Speaking in Tongues
101804,Paul Simon,Still Crazy After All These Years
101807,Harry Nilsson,Aerial Ballet
101808,Kurt Vile,Wakin On A Pretty Daze
101809,Devendra Banhart,What Will We Be
101810,Moriarty,Gee Whiz But This Is a Lonesome Town
101812,Otis Redding,The Dock of the Bay
101813,Daniel Johnston,1990
101814,Buena Vista Social Club,Buena Vista Social Club
101815,Ben Harper,Diamonds On The Inside
101818,Faces,Ooh La La
101819,Nick Cave & The Bad Seeds,The Boatman's Call
101822,Taj Mahal,Phantom Blues
101823,Karen Dalton,In My Own Time
101825,Donovan,What's Bin Did and What's Bin Hid
101827,Canned Heat,Canned Heat
101829,Joni Mitchell,Both Sides Now
101832,Love,Reel To Real
101833,John Martyn,Solid Air
101871,Maroon 5,JORDI
101886,Jason Derulo,JORDI
101889,Alabama Shakes,Boys & Girls
101893,The Tallest Man On Earth,Shallow Grave
101897,Dawes,North Hills
101898,Shovels & Rope,O' Be Joyful
101899,Edward Sharpe & The Magnetic Zeros,HOPE Campaign Tribute Album 2010
101900,STRFKR,Starfucker
101902,Broken Bells,Broken Bells
101903,Father John Misty,Real Love Baby
101924,Buddy Holly,Buddy Holly
101925,Elliott Smith,XO
101926,Dire Straits,Making Movies
101927,Guster,Ganging Up On The Sun
101929,Chet Atkins,The Essential Chet Atkins
101932,Lindsey Buckingham,Live at the Bass Performance Hall
101933,Yes,Yes
101934,Conor Oberst and the Mystic Valley Band,One of My Kind
101935,The Cactus Blossoms,Easy Way
101936,Ringo Starr,Liverpool 8
101938,Nick Cave & The Bad Seeds,Abattoir Blues / The Lyre of Orpheus
101939,The Flaming Lips,"Greatest Hits, Vol. 1"
101940,Wolfmother,Wolfmother
101941,Genesis,Selling England By The Pound
101942,Jay Jay Pistolet,Vintage Red
101943,Jake Bugg,Messed Up Kids EP
101945,Paul Williams,Just An Old Fashioned Love Song
101946,Kevin Morby,Still Life
101947,Greensky Bluegrass,All Access: Volume One
101948,Calexico,In The Reins
101949,Reverend Baron,Overpass Boy
101950,Echo In The Canyon,Echo in the Canyon (feat. Jakob Dylan) [Original Motion Picture Soundtrack]
101951,The Rodger Fox Big Band,The New York Tapes
101952,Lee Hazlewood,Strung Out On Something New: The Reprise Recordings
101954,Calexico,Convict Pool
101955,Jim James,I'm Not There (Music From The Motion Picture - Original Soundtrack)
101956,Calexico,Carried To Dust
101957,Calexico,Selections from Road Atlas 1998-2011
101959,Iron & Wine,I'm Not There (Music From The Motion Picture - Original Soundtrack)
101960,Calexico,Edge of the Sun
101963,Calexico,Years to Burn
101965,Calexico,Even My Sure Things Fall Through
101968,Calexico,Feast of Wire
101970,Calexico,The Thread That Keeps Us
101971,Calexico,Algiers
101973,Calexico,The Black Light
101977,Calexico,Hot Rail
101992,Kurt Vile,How Lucky
102068,The Killers,Dustland (feat. Bruce Springsteen)
102173,Bob Dylan,Slow Train Coming
102175,Bob Dylan,Desire
102193,Mumford & Sons,Delta Tour EP
102252,Zac Brown Band,Same Boat
102345,Alun Armstrong,Les Misérables (10th Anniversary Concert Live at Royal Albert Hall)
102366,Hamilton Leithauser,I Had a Dream That You Were Mine
102367,New Riders of the Purple Sage,Bear's Sonic Journals: Dawn of the New Riders of the Purple Sage
102369,Drugdealer,Raw Honey
102370,Kishi Bashi,Omoiyari
102371,Ray LaMontagne,God Willin' & The Creek Don't Rise (with The Pariah Dogs)
102372,Procol Harum,Procol Harum
102373,King Curtis,Live At Small's Paradise
102374,Albert Natural,Creep 2 (Music from the Motion Picture)
102375,Roxy Music,Stranded
102376,Karl Blau,Introducing Karl Blau
102377,Joe Jackson,I'm The Man
102378,The Everly Brothers,Down In the Bottom: The Country Rock Sessions 1966 - 1968
102379,Har Mar Superstar,Don't You Go Forgetting About Me Now
102380,Claude Debussy,Debussy: 2 Arabesques / Preludes (Selections) / Pour L'Egyptienne
102381,Church of the Cosmic Skull,Everybody's Going to Die
102383,Ron Sexsmith,Hermitage
102384,Kyle Craft,Full Circle Nightmare
102385,Man Man,Dream Hunting in the Valley of the In-Between
102386,Purple Mountains,Purple Mountains
102387,Guy Barash,New Strings Attached
102389,Adam Green,Minor Love
102390,Destroyer,Streethawk: A Seduction
102391,Joe Strummer,Rock Art and the X-Ray Style
102392,Jimmy Buffett,A-1-A
102393,Lukas Nelson and Promise of the Real,Forget About Georgia EP
102394,Rory Gallagher,Deuce
102395,Ben Folds Five,Whatever And Ever Amen
102396,Bad Books,II
102402,Gorillaz,Gorillaz
102438,Gorillaz,D-Sides
102456,Gorillaz,Humanz
102463,Gorillaz,Song Machine Episode 6
102464,Gorillaz,"Song Machine, Season One: Strange Timez"
102535,Gorillaz,Laika Come Home
102540,Gorillaz,Garage Palace (feat. Little Simz)
102583,Kyle Craft,Dolls of Highland
102588,Kyle Craft,Chelsea Hotel #2
102589,John Frusciante,The Will To Death
102672,Ed Sheeran,Bad Habits
102673,Keuning,A Mild Case of Everything
102691,Kings of Leon,Use Somebody
102791,Graham Parker,Squeezing Out Sparks
102792,Chuck Berry,Chuck Berry On Stage
102793,Babe Rainbow,The Babe Rainbow (AUS)
102794,Tori Amos,Scarlet's Walk
102795,Nathaniel Rateliff,And It’s Still Alright
102796,Thelonious Monk Septet,Monk's Music
102797,Grady Strange,I Listen to Your Radio Show at Night
102798,Sting,Mercury Falling
102799,Los Lobos,How Will the Wolf Survive?
102800,Benjamin Gibbard,Former Lives
102802,Soledad,Diez años de Soledad
102839,Ricardo Montaner,Ricardo Montaner Volumen 2
102842,Lee Holdridge,Moments Of Passion
102843,Pianista sull'Oceano,Tribute to Richard Clayderman: Collection
102846,International Sound Orchestra,"The Film Music Collection, Vol. 3"
102976,Freddy Fender,Rock 'n Roll
102979,Phantom Planet,Our House
102981,Patrick Street,"Preludes, Airs And Yodels (A Penguin Cafe Primer)"
102982,Yellow House,A Carnival of Fears
102983,John Fahey,"Death Chants, Breakdowns And Military Waltzes"
102985,Scott Bradlee's Postmodern Jukebox,33 Resolutions Per Minute
102986,White Denim,Last Day of Summer (Remastered)
102990,Scott Bradlee's Postmodern Jukebox,Emoji Antique
102992,Scott Bradlee's Postmodern Jukebox,Historical Misappropriation
102994,Scott Bradlee's Postmodern Jukebox,Swipe Right For Vintage
102995,Scott Bradlee's Postmodern Jukebox,Squad Goals
102997,Scott Bradlee's Postmodern Jukebox,Twist Is The New Twerk
102998,Scott Bradlee's Postmodern Jukebox,Top Hat On Fleek
103005,Scott Bradlee's Postmodern Jukebox,Fake Blues
103007,Scott Bradlee's Postmodern Jukebox,Blue Mirror
103010,Scott Bradlee's Postmodern Jukebox,Swing The Vote!
103012,Scott Bradlee's Postmodern Jukebox,OK Crooner
103015,Scott Bradlee's Postmodern Jukebox,Don't Stop Believin'
103017,Scott Bradlee's Postmodern Jukebox,Jazz Me Outside Pt. 1
103117,Architecture In Helsinki,Places Like This
103118,Dr. Dog,Live at a Flamingo Hotel
103280,Imagine Dragons,Wrecked
103392,Arms,Backwards Record
103393,Quiet Marauder,"Quiet Marauder - Men, Vol. 1"
103394,James Mercer,180 South Soundtrack
103395,Lou Johnson,"Soul Treasures of Amy, Mala, & Bell Records (1963-1969)"
103396,Oysterhead,The Grand Pecking Order
103397,Pokey LaFarge,Rock Bottom Rhapsody
103398,Real Estate,Real Estate
103399,Pretenders,Hate for Sale
103400,Paolo Nutini,An Album To Benefit Preservation Hall & The Preservation Hall Music Outreach Program
103401,Dirty Pretty Things,Romance At Short Notice
103402,Craig Finn,I Need A New War
103403,Phil Cook,Southland Mission
103405,The Apache Relay,Apache Relay
103406,Cicada Rhythm,Everywhere I Go
103407,Special Beat,Ska'd In Sydney
103534,Ginger Baker Trio,Going Back Home
103535,The Heartbreakers,Zappa Original Motion Picture Soundtrack
103539,Jamestown Revival,San Isabel
103542,Pete Droge,Skywatching
103544,The Electric Flag,A Long Time Comin'
103547,Daniel Lanois,Acadie
103552,The Ghost of Paul Revere,"Field Notes, Vol. 1"
103553,Dick Hyman,Moog: The Electric Eclectics Of Dick Hyman
103554,The Districts,Telephone
103606,Sam Fender,Seventeen Going Under
103685,Band of Horses,Cease To Begin
103686,Band of Horses,Infinite Arms
103687,Band of Horses,Mirage Rock
103702,Zac Brown Band,Out In The Middle / Old Love Song
103861,In Deep We Trust,The Lost Grooves EP
103862,Julia Jacklin,Don't Let The Kids Win
103863,Self Sabotage,Skin and Bones
103864,Gold School,Pool Party
103865,Maroon 5,Pool Party Summer
103866,Max Bett,Different Foot EP
103867,The Aquabats!,"Myths, Legends And Other Amazing Adventures Vol. 2"
103945,Houndmouth,Cool Jam/Good For You
103946,John Mayer,Sob Rock
103962,PJ Harvey,Let England Shake
103964,The Libertines,Up the Bracket
104032,Coldplay,Coloratura
104033,Childish Gambino,Stay High
104034,Lorde,Stoned at the Nail Salon
104041,Luis Miguel,Soy Como Quiero Ser
104051,Lorde,Solar Power
104068,Ricardo Arjona,Hecho a la Antigua
104073,Chet Faker,Thinking In Textures
104079,Sting,Ten Summoner's Tales
104107,XOV,Wild
104109,Betta Lemme,Give It
104111,Pretty Ricky,Bluestars
104112,Nelly,Nellyville
104113,Mötley Crüe,"Girls, Girls, Girls"
104119,Vicente Fernández,Arriba Huentitan
104160,Billie Eilish,Happier Than Ever
104187,Houndmouth,Las Vegas
104216,Madison Beer,Reckless
104217,Zedd,Good Thing (with Kehlani)
104218,Lauv,~how i'm feeling~
104219,LANY,Malibu Nights
104220,Bleachers,Secret Life (feat. Lana Del Rey)
104223,Jake Bugg,Jake Bugg
104269,LANY,LANY
104270,LANY,I Loved You.
104271,LANY,mama's boy
104272,LANY,up to me / dna [demo]
104273,Kelsea Ballerini,I Quit Drinking
104287,Thom Yorke,Creep
104448,Sublime,Jah Won't Pay The Bills
104451,The All-American Rejects,When The World Comes Down
104541,Charles Gounod,Gounod
104574,Elvis Costello & The Attractions,Imperial Bedroom
104575,Pixies,Indie Cindy
104577,Patto,Give It All Away: The Albums 1970-1973
104648,Hiatus Kaiyote,Choose Your Weapon
104650,Jacob Collier,Djesse Vol. 3
104654,KAROL G,LOCATION
104655,Bleachers,How Dare You Want More
104664,Bleachers,Take the Sadness Out of Saturday Night
104678,The Killers,Pressure Machine
104700,Argonaut & Wasp,STARLIGHT 99
104701,Child Of The Parish,Make It Better
104702,Rayowa,The Only Night
104703,The Hails,Fake a Frown / Till I See You Again
104704,Roosevelt,Young Romance
104705,Oliver Cheatham,Disco Essentials
104706,Poolside,Getting There From Here (with Todd Edwards) (Miami Horror & Lazywax Remix)
104707,Classixx,Hanging Gardens
104708,Goldroom,Plunge /\ Surface
104709,Neon Valley,Dancin'
104710,Franc Moody,Dance Moves
104711,Chromeo,Head Over Heels
104712,L'Impératrice,Matahari
104713,Tungz,Somebody To Get Shy With (feat. Bad Sounds)
104714,CAPYAC,Dirty
104715,Jungle,For Ever
104716,Cosmo's Midnight,Yesteryear
104717,The Shadowboxers,The Slow March Of Time Flies By
104718,Poolside,Shakedown Street
104719,Sinkane,Telephone
104720,G-Eazy,When It's Dark Out
104721,Ehrling,Tropical Confessions Pt. 4
104722,Isaac Delusion,Rust & Gold
104724,Two Another,Keeping Me Under
104726,Marvin Gaye,United
104727,COIN,Dreamland
104728,The Neighbourhood,Chip Chrome & The Mono-Tones
104730,VWLS,"High in Heaven (ft. Louie Louie! & Josh Epstein) (Now, Now Remix)"
104755,Bronwen,Fields of Gold
104806,Ed Sheeran,Visiting Hours
104849,Jarabe De Palo,La Flaca
104851,Jarabe De Palo,Depende
104852,Pedro Guerra,Contigo En La Distancia
104853,Jorge Drexler,La Guerrilla de la Concordia
104855,Pablo Milanés,Yo Me Quedo
104856,Xoel López,Atlántico
104857,Joan Manuel Serrat,Mediterráneo
104858,La Bien Querida,Romancero
104861,Jarabe De Palo,Bonito
104863,Joaquín Sabina,Sabina 70
104865,Silvio Rodríguez,Al Final de Este Viaje...
104866,Paco de Lucía,Fuente Y Caudal
104867,Pedro Capó,La Sábana y los Pies
104868,Luis Eduardo Aute,Auterretratos
104869,Silvana Estrada,Primeras Canciones
104870,Kiko Veneno,Dice la gente
104871,Jorge Drexler,Sea
104873,Jorge Drexler,12 segundos de oscuridad
104874,Pedro Guerra,Ruego
104875,Pedro Pastor,La Vida Plena
104876,Luísa Sobral,Todo Lo Que No Está
104877,Rozalén,Cuando el Río Suena...
104878,Mercedes Sosa,¿Será Posible El Sur?
104879,Joaquín Sabina,Esta Boca Es Mia
104880,Javier Krahe,La Mandragora
104881,Silvio Rodríguez,Querido Pablo
104882,Depedro,Nubes de Papel
104884,Chicho Sánchez Ferlosio,A contratiempo
104885,Kevin Johansen,City Zen
104886,Antonio Vega,Básico
104921,Los Enanitos Verdes,En Vivo
104941,Pablo Milanés,Amo Esta Isla
104942,Jorge Drexler,Salvavidas de hielo
104944,Joaquín Sabina,Fisica Y Quimica
104946,Manuel García,El Viejo Comunista
104950,Mercedes Sosa,Será Posible El Sur?
104952,Edgar Oceransky,"Sólo, Ni Tan Sólo, Vol. 2"
104955,Noel Nicola,"Colección Nos Queda Su Canción, Vol. 8: Entre Otros"
104956,Alberto Escobar,Coincidir
104957,Haydée Milanés,Cumbia Salvaje
104959,Carlos Varela,Nubes
104960,Silvio Rodríguez,La Adivinanza
104976,Sam Fender,Aye
104981,Los Enanitos Verdes,Contrareloj
104982,Maná,¿Dónde Jugarán Los Niños?
104987,Jarabe De Palo,Tragas o Escupes
104989,Andrés Calamaro,Alta Suciedad
104993,Maná,Amar Es Combatir
105002,Farruko,Pepas
105131,Pool,Still On The Run
105132,Oscar Anton,Home of Sanity (the playlist)
105134,Kasket Club,Miles Away
105135,Olympic Ayres,Leisureplex
105136,Ekkah,Ekkah x Real Love
105137,Parcels,Parcels
105139,5 Reasons,Upstairs
105140,Franc Moody,Dream in Colour
105141,Goldroom,Guess I'm Jaded (The Remixes)
105142,Superjava,Soul Dance
105145,Unknown Mortal Orchestra,Sex & Food
105148,Raphael Futura,Riviera
105151,Satin Jackets,Secret Lover
105152,Surfaces,Horizons
105204,Xoel López,Sueños y Pan
105205,Xoel López,Si Mi Rayo Te Alcanzara
105240,Andrés Calamaro,Honestidad Brutal
105241,Café Tacvba,SINO
105244,Los Bunkers,La Velocidad de la Luz
105245,Jarabe De Palo,50 Palos
105249,James Arthur,Avalanche
105265,Portugal. The Man,The Satanic Satanist
105268,Santana,Move
105270,Cortando Troncos,Luna Lunera
105271,José Alfredo Jimenez,Ella...La Que Se Fue
105272,Jorge Negrete,Coleccion Original
105273,Pedro Infante,Pedro Infante interpreta a José Alfredo Jiménez Vol. 2
105274,Javier Solís,Payaso
105531,Michele Morrone,Dark Room
105532,PatrickReza,Tip Toe
105533,Beyoncé,Crazy In Love
105535,sobhhï,RED II
105536,Daniel Caesar,Freudian
105537,Bryce Fox,Heaven on Hold
105538,Luna Luna,Carousel
105539,Melody,One in a Million
105540,Yo Trane,Time & Space
105541,ChrisLee,Trouble
105542,Two Feet,First Steps
105543,Rendezvous At Two,Play with Me
105544,Rosenfeld,like u
105545,Calvin Harris,Over Now (with The Weeknd)
105546,Black Atlass,Pain & Pleasure
105547,Dynamyte,Show Me You
105548,Mickey Valen,Chills
105550,Two Feet,Lost The Game & I Want It
105551,Trevor Dering,XXX in the Morning
105552,SG Lewis,Warm
105553,Giveon,When It's All Said And Done... Take Time
105554,DeLyzer,Drama Queen
105555,Dennis Lloyd,Snow White
105556,Q,The Shave Experiment (Director's Cut)
105557,Two Feet,Momentum
105558,Kylie Minogue,Body Language
105559,Two Feet,A 20 Something Fuck
105560,Niykee Heaton,The Bedroom Tour Playlist
105561,Laura Dalla,Begging
105562,PatrickReza,The Wall
105563,The Neighbourhood,Wiped Out!
105565,Lolo Zouaï,High Highs to Low Lows
105566,Bubbs,Since I Had You
105568,Johnny Rain,EP1
105569,Two Feet,Pink
105570,Imaginary Ambition,Searing
105571,Emily Krueger,Gum
105572,Sam Tinnesz,Play with Fire (feat. Yacht Money)
105573,Daft Punk,Discovery
105574,Free Nationals,Free Nationals
105611,OneRepublic,Human
105618,Kygo,Golden Hour
105627,Kanye West,Donda
105633,.Sinh,Coastal Walks
105634,Iván Rosa,Canciones Para Ver Las Nubes Pasar
105635,Iván Rosa,Encierro
105636,Sidual.,Boarded
105637,Tranquil Teddy,Midnight
105638,Cold Frame,The Beatpatch
105639,mockfly,petrichor
105640,JinSei,Drift Away
105641,Kantboll,Beach & Berries
105642,_tag,Froosh
105643,Luigi Valentino,Night Breeze
105644,coffee?,distance
105645,Anikdote,Fall Apart
105646,eery,Her
105647,121569,beatmewithaflower
105648,Rook1e,we'll stay inside when it rains
105649,Flughand,peaceful weibs
105650,strøget,infamous
105651,twuan,Next Time
105652,mooncycles,eclipse
105653,Ameba,Wish You Were Here
105654,Sid Mellowdy,a sloth takes off
105655,Philanthrope,Maple Leaf
105656,flamingo zamperoni,sun of a beach
105696,Banda MS de Sergio Lizárraga,Mi Colección
105712,The Hit Crew,Drew's Famous Broadway Show Tunes
105747,Jack Nitzsche,The Reprise Singles 1963-1965
105749,Hiss Golden Messenger,Quietly Blowing It
105750,Bill Frisell,Guitar in the Space Age
105751,Gaucho,Pearl
105752,Speedy West,Guitar Spectacular
105753,Kevin Johansen,Bi
105754,Júníus Meyvant,Across The Borders
105755,Spencer Cullum,Spencer Cullum's Coin Collection
105756,Vampire Weekend,Spotify Singles
105757,Cory Wong,Motivational Music for the Syncopated Soul
105758,Norah Jones,The Bridge School Concerts 25th Anniversary Edition
105759,Dylan LeBlanc,Gentle On My Mind
105760,Queens of the Stone Age,Revamp: The Songs Of Elton John & Bernie Taupin
105762,Tex Crick,Live In... New York City
105763,Jesse Winchester,A Reasonable Amount of Trouble
105764,Katie Toupin,Astronaut
105765,Dale Watson,Dale Watson Presents: The Memphians
105766,William The Conqueror,Maverick Thinker
105767,Ben von Wildenhaus,II
105768,The Bright Light Social Hour,Sun King
105769,Gary McFarland & Co.,Does The Sun Really Shine On The Moon?
105770,Ted Hawkins,The Next Hundred Years
105771,Night Shop,Hello Take Me Anywhere
105772,World Party,Goodbye Jumbo
105773,Bombay Bicycle Club,Terrapin Station
105774,Grant Green,Visions
105775,Molly Tuttle,...but i'd rather be with you
105776,Pressing Strings,Going to California
105997,MonoNeon,Supermane
106005,MonoNeon,Banana Peel on Capitol Hill
106006,DJ Harrison,Stashboxxx
106007,Cory Wong,Elevator Music for an Elevated Mood
106008,Louis Cole,Time
106009,Jaco Pastorius,Jaco Pastorius
106018,MonoNeon,Living the Best and Worst Life at the Same Damn Time!
106044,Imagine Dragons,Mercury - Act 1
106060,Drake,Certified Lover Boy
106122,Jack Mack,The Best of Jack Mack & The Heart Attack
106156,Running Touch,This Is Just To Say
106159,F. Pastrana,Tip of your tongue
106160,AMADEUS,Exhibition
106161,Jaymes Young,Feel Something
106162,dvsn,A Muse In Her Feelings
106212,Fairport Convention,Unhalfbricking
106213,Arthur Lyman,Hawaiian Sunset
106214,Jack Nitzsche,The Lonely Surfer
106215,Los Straitjackets,Hombre
106259,Philip Quast,Les Misérables (10th Anniversary Concert Live at Royal Albert Hall)
106333,Grateful Dead,American Beauty
106334,The National,Sad Songs for Dirty Lovers
106335,The Pogues,Waiting for Herb
106337,Big Red Machine,How Long Do You Think It's Gonna Last?
106338,Violent Femmes,Violent Femmes
106339,Pearl Jam,Yield
106340,The Walkmen,A Hundred Miles Off
106341,Slowhand & Van,The Rebels
106343,Blind Melon,Blind Melon
106344,Keith Richards,Vintage Vinos
106345,The Lone Bellow,Half Moon Light (Deluxe Edition)
106346,Crooked Fingers,Dignity and Shame
106347,The California Honeydrops,Call It Home: Vol. 1 & 2
106348,Israel Nash,Topaz
106349,BAILEN,Thrilled To Be Here
106350,Madison Cunningham,Who Are You Now
106351,Phoebe Bridgers,Spotify Singles
106353,David Duchovny,Hell or Highwater
106354,"Slaughter Beach, Dog",Birdie
106355,Terry Allen,Just Like Moby Dick
106356,Quique González,Me Mata Si Me Necesitas (feat. Los Detectives)
106358,J.E. Sunde,9 Songs About Love
106359,Andy Frasco & The U.N.,Change of Pace
106360,Nick Waterhouse,Promenade Blue
106361,Joe Kaplow,Sending Money and Stems
106362,Daniel Norgren,Wooh Dang
106370,The Doobie Brothers,Minute by Minute
106371,Sylvester,Step II
106373,Ohio Players,Honey
106374,Bee Gees,Children Of The World
106376,KC & The Sunshine Band,"KC & the Sunshine Band, Pt. 3... and More"
106377,KC & The Sunshine Band,KC & the Sunshine Band
106378,Marvin Gaye,Favorites
106379,CHIC,C'est Chic
106383,Bee Gees,Greatest
106384,Michael Jackson,Off the Wall
106385,"Earth, Wind & Fire",I Am
106386,Peaches & Herb,2 Hot!
106433,The Marías,...baby one more time
106436,Rosenfeld,I Want To
106438,Dennis Lloyd,Think About It
106439,Blue Foundation,Life Of A Ghost
106440,Ashlee,Alone With You
106442,Rosenfeld,Do It for Me
106443,Honors,Feel Better
106445,Annie Lennox,Nostalgia
106447,Lana Del Rey,Norman Fucking Rockwell!
106449,Sports,Naked All the Time
106450,Chase Atlantic,Chase Atlantic
106451,Jacob Banks,Village
106454,Rendezvous At Two,Love Me Right
106462,Doja Cat,Hot Pink
106463,EMELINE,flowers & sex
106465,Dennis Lloyd,Leftovers
106468,Two Feet,Love Is a Bitch
106469,Dennis Lloyd,Exident
106470,NoMBe,They Might've Even Loved Me
106471,Bishop Briggs,Bishop Briggs
106472,Julia Michaels,Fifty Shades Freed
106473,Sinéad Harnett,Body
106475,Ethan Acosta,Fell Off
106478,FINNEAS,New Girl
106565,Pedro Infante,50 años todas las grabaciones
106648,Sam Fender,Get You Down
106652,Ed Sheeran,Shivers
106718,Bob Dylan,Nashville Skyline
106726,The Monkees,Me & Magdalena
106731,Paul Simon,Paul Simon
106734,Colter Wall,Colter Wall
106739,Billy Bragg,Shine a Light: Field Recordings from the Great American Railroad
106831,The Champs,Greatest Hits / Tequila
106867,María de Lourdes,"La Cancion Mexicana, Vol. I"
106868,Mariachi Vargas De Tecalitlán,Sinfónico 3
106869,Federico Villa,La Coleccion Del Siglo - Federico Villa
106870,Mariachi Vargas De Tecalitlán,Lo Mejor De La Música Mexicana
106871,Miguel Aceves Mejia,Lo Mejor De Lo Mejor De RCA Victor
106872,Mariachi Vargas De Tecalitlán,Música de America
106873,Pedro Vargas,RCA 100 Anos De Musica - Segunda Parte Volumen 2
106874,Jorge Negrete,Jorge Negrete. Sus 40 Grandes Canciones (1911-1953)
106876,Mariachi Nuevo Ordaz de Purépero,Cuando México Canta
106877,Mariachi Premier,Recuerdos De Mi Tierra
106878,Mariachi Silvestre Vargas,Mexico Gran Colección Ranchera - Mariachi Silvestre Vargas
106886,Pepe Aguilar,Bicentenario
106887,De Norte A Sur,The Best of Mexico
106888,Luis Pérez Meza,30 Exitos Inmortales
106889,Mariachi Silvestre Vargas,Pedro Infante y Mariachi Silvestre Vargas
106891,Fernando De La Mora,Rancheras
106893,Jorge Negrete,Viva México
106894,Mariachi Vargas De Tecalitlán,5ta. Generación 2002
106895,Rubén Fuentes,Mariachi from Mexico
106897,Mariachi Azteca,Discover Music from Mexico
106898,Mariachi Vargas De Tecalitlán,Viva el Mariachi!
106899,Mariachi México de Pepe Villa,Polkas Mexicanas
106903,Mariachi Vargas De Tecalitlán,Peerless 80 Aniversario - 24 Exitos
106906,Mariachi Nuevo Tecalitlán,Sones
106907,Estampas De Mexico,Estampas De Mexico: Traditional Music From Mexico
106908,Mariachi Cobre,Mariachi Cobre: Este Es Mi Mariachi
106909,Mariachi Azteca,Mexico
106910,Mariachi Los Caporales,Puro Mariachi
106912,Mariachi Arriba Juárez,Mariachi
106913,Contacto Norte,Y Es el Contacto ¡Raza!
106917,Gera MX,Botella Tras Botella
106918,Camilo,Por Primera Vez
106919,Christian Nodal,AYAYAY!
106925,Christian Nodal,De Los Besos Que Te Di
106927,La Arrolladora Banda El Limón De Rene Camacho,Valió La Pena Equivocarme
106928,Dueto Las Palomas,"Serie De Coleción ""15 Auténticos Éxitos"""
106929,El Rey De La Taquilla,Ojos Verdes
106934,PXNDX,La Revancha Del Principe Charro
106942,Green Day,Holiday
106943,Green Day,Boulevard of Broken Dreams
106944,Green Day,Pollyanna
106947,Green Day,Insomniac
106949,Green Day,Warning
106951,Green Day,¡UNO!
106957,Green Day,¡DOS!
107102,The Lumineers,BRIGHTSIDE
107155,Club del Río,Sustancia
107159,Pedro Guerra,Golosinas
107160,Mercedes Sosa,30 Años
107161,Enrique Urquijo y Los problemas,Desde Que No Nos Vemos
107162,El Kanka,Lo Mal Que Estoy y Lo Poco Que Me Quejo
107166,Maria Dolores Pradera,Gracias A Vosotros
107167,Quique González,Ajuste de cuentas
107171,Depedro,Te sigo soñando (feat. Luz Casal)
107172,Muerdo,Vas a encontrarte (feat. Guitarricadelafuente)
107173,Zenet,Soñar Contigo
107175,Ede,Quemas
107179,Guillem Roma,La Profecía
107180,Ismael Serrano,Básicos
107184,Raimon,Al Vent / La Pedra / Som / A Cops
107186,Ismael Serrano,La Llamada
107187,Joaquín Sabina,Lo Niego Todo
107189,Coque Malla,La hora de los gigantes - Edicion especial
107190,El Jose,Yo Sin Tú
107192,Silvio Rodríguez,Silvio
107193,Andrés Calamaro,El cantante
107194,Joaquín Sabina,"Para Aute: Pasaba por Aquí (feat. Abel Pintos, Carlos Rivera, Dani Martin, Estopa, Ismael Serrano, Jorge Drexler, Pedro Guerra, Silvio Rodríguez, Vanesa Martin & Xoel López)"
107195,Sisa,Qualsevol Nit Pot Sortir El Sol
107254,Maria Arnal,45 Cerebros y 1 Corazón
107255,Nacha Pop,La Más Completa Colección
107257,Kevin Johansen,Logo
107261,Rupatrupa,Directo en Sdma
107267,Joan Manuel Serrat,"Dedicado A Antonio Machado, Poeta"
107270,Feten Feten,Otro Vals
107508,Johnny Cash,Now Here's Johnny Cash
107531,Calibre 50,Cuidando El Territorio
107532,Tiësto,Don't Be Shy
107533,Marc Seguí,Tiroteo
107534,Sebastian Yatra,Pareja Del Año
107536,Eslabon Armado,Corta Venas
107537,Natanael Cano,A Mis 20
107538,Måneskin,Chosen
107541,Ingratax,París
107543,TINI,Miénteme
107544,The Kid LAROI,F*CK LOVE 3: OVER YOU
107547,JHAYCO,Timelezz
107548,Matisse,Como Lo Hice Yo
107549,Banda MS de Sergio Lizárraga,El Trabajo Es La Suerte
107550,Aventura,Volví
107552,Maluma,Sobrio
107553,Santa Fe Klan,Debo Entender
107554,Los Legendarios,Los Legendarios 001
107555,Maluma,PAPI JUANCHO
107556,Elton John,Cold Heart
107557,Santa Fe Klan,Te Ire A Buscar
107558,Oliver Tree,"Ugly is Beautiful: Shorter, Thicker & Uglier"
107559,Grupo Firme,Ya Supérame (En Vivo)
107560,Sech,911 (Remix)
107561,Nio Garcia,AM Remix
107562,Gera MX,Se Me Olvidó
107564,Rauw Alejandro,VICE VERSA
107565,Bad Bunny,Yonaguni
107566,Marca MP,"DEV, Vol. 2"
107567,Doja Cat,Planet Her
107568,Grupo Firme,Gracias
107569,Grupo Firme,El Tóxico
107570,Mora,Volando
107572,Junior H,Cruisin' with Junior H
107573,J Balvin,JOSE
107575,Grupo Firme,En Tu Perra Vida
107578,Lenin Ramírez,Yo Ya No Vuelvo Contigo
107579,LAGOS,Clásicos
107580,Calibre 50,Vamos Bien
107587,Tiago PZK,Entre Nosotros
107588,Lil Nas X,MONTERO
107620,Pablo Alborán,La llave (feat. Piso 21)
107622,Sebastian Yatra,Traicionera
107623,Cali Y El Dandee,Colegio
107625,Camilo,Machu Picchu
107627,Cali Y El Dandee,Sirena
107629,KAROL G,SEJODIOTO
107630,Sech,42
107632,Jossef,Persia
107634,Arcángel,Si Te Veo
107635,NATTI NATASHA,Ram Pam Pam
107636,Alex Gargolas,Gárgolas Forever
107638,Bizarrap,"Nicky Jam: Bzrp Music Sessions, Vol. 41"
107639,Mora,Primer Dia de Clases
107640,J Balvin,Qué Más Pues?
107641,BANDIDO,"No Me Conocen (Remix) (Con Duki, Rei & Tiago Pzk)"
107642,J Balvin,Poblado
107643,Myke Towers,Bandido
107644,Tommy Boysen,GRACIAS X
107645,Simpson Ahuevo,Arre
107651,Cali Y El Dandee,POR ELLA
107653,Maluma,"Aloha (feat. Darell, Mambo Kingz & Dj Luian)"
107654,Maluma,Hawái
107655,Farruko,Loco (Remix)
107657,Jowell & Randy,El Funeral De La Canoa
107659,Chiquetere Band,Sonido De Valencia - 1990 - 1999
107661,Los Tucanes De Tijuana,Me Robaste El Corazon
107663,Tropicalísimo Apache,21 Black Jack
107665,Hechizeros Band,El Sonidito
107667,Los Del Rio,Hits Of The 90s
107668,Caballo Dorado,Payaso de rodeo
107672,El Coyote Y Su Banda Tierra Santa,Como una Huella Digital
107675,La Brissa,Su Majestad la Brissa Puros Exitos
107676,Don Omar,Meet The Orphans
107678,Los Apson,Los Originales Vol. 3
107680,Yandar & Yostin,Te Pintaron Pajaritos
107681,Daddy Yankee,Talento de Barrio
107682,Paulo Londra,Adan y Eva
107692,Reik,Loquita
107705,Nene Malo,Me Declaro Culpable
107707,Dayvi,Baila Conmigo (feat. Kelly Ruiz)
107710,Pulcino Pio,El Pollito Pio
107714,Nikki Clan,Nikki Clan (Re-Edicion)
107715,Selena Gomez,Revelación - EP
107723,Beyoncé,Dangerously In Love
107724,Christian Nodal,Ahora
107728,Alex Ubago,A gritos de esperanza (feat. Jesús Navarro)
107729,RBD,Rebelde
107730,RBD,Nuestro Amor
107731,Sofía Reyes,Mal de Amores
107733,Mozart La Para,El Barrio
107734,Carlos uzi,PUETA PAL’ GYM
107735,Blackie & Lois,DOCE
107736,Marval,Full
107737,Topic,Breaking Me
107738,Camila Cabello,Romance
107739,Carlos uzi,Roto
107740,R3HAB,Sad Boy (feat. Ava Max & Kylie Cantrall)
107741,Yera,Picó
107742,Carlos uzi,Sueńos
107743,J Balvin,OTRO FILI
107745,The Beatles,Get Back
107846,Jorge Drexler,Milonga de Ojos Dorados (Alfredo Zitarrosa)
107848,Jorge Drexler,Amar la trama
107851,Jorge Drexler,Telefonía
107852,No Te Va Gustar,Otras Canciones 25 Años
107853,Jorge Drexler,Mediterráneo
107855,Jorge Drexler,Bailar en la cueva
107857,Salvapantallas,SMS
107858,Ainda,MILLONES
107859,Pj Sin Suela,Loco Loquito
107862,Jorge Drexler,Frontera
107863,Jorge Drexler,Al otro lado del rio
107877,Jorge Drexler,Una cancion me trajo hasta aqui
107885,Jorge Drexler,La vida entera
107890,Jorge Drexler,A Chabuca
107894,Leonel García,Amor Futuro
107896,Ana Tijoux,La Bala
107897,Jorge Drexler,Cara B
107898,Tabaré Cardozo,Ensayo y Error
107899,Natalia Lafourcade,Mujer Divina - Homenaje a Agustín Lara
107900,Jorge Drexler,A Tribute To Caetano Veloso
107902,Family of the Year,Loma Vista
107903,Birdtalker,Heavy
107904,Dawes,Passwords
107905,L.A.,Judy
107908,Jeff Tweedy,Love Is The King
107909,Frank Black,Honeycomb
107910,Lucio Corsi,Cosa Faremo Da Grandi?
107911,Keane,Cause And Effect
107912,John Frusciante,Shadows Collide With People
107913,Jim Croce,I Got a Name
107914,Kurt Vile,"Speed, Sound, Lonely KV (ep)"
107915,Richard Swift,The Novelist / Walking Without Effort
107916,Julia Jacklin,Someday
107917,Barton Hartshorn,I Died of Boredom and Came Back as Me
107918,John Phillips,The Man Who Fell To Earth
107919,Jay Farrar,One Fast Move Or I'm Gone Music From Kerouac's Big Sur
107920,The Replacements,Don't Tell a Soul
107921,Jeff Lynne,Long Wave
107922,Syd Barrett,The Madcap Laughs
107923,Mickey Newbury,An American Trilogy
107973,Sam Fender,Spit Of You
108003,Mac Miller,GO:OD AM
108004,070 Shake,Guilty Conscience
108006,Anderson .Paak,Shang-Chi and The Legend of The Ten Rings: The Album
108007,Susto,Get Down
108011,David Guetta,Like I Do
108012,Sam Bartle,Indie Electro
108013,Junior Mesa,Losing My Grip / Creep
108014,R. Kelly,12 Play
108015,Kali Uchis,Sin Miedo (del Amor y Otros Demonios) ∞
108024,Sam Fender,Poundshop Kardashians
108031,Kendrick Lamar,DAMN.
108095,Plain White T's,All That We Needed
108161,Brandon Flowers,George Fest: A Night to Celebrate the Music of George Harrison
108162,Thin Lizzy,Jailbreak
108163,The Divine Comedy,Don't Mention The War
108165,The Felice Brothers,From Dreams to Dust
108166,The Hold Steady,Boys and Girls in America
108167,Chris Bell,I Am The Cosmos (Deluxe Version)
108168,The Neanderthals,The Neanderthals In Space
108169,Chrissie Hynde,Standing in the Doorway: Chrissie Hynde Sings Bob Dylan
108171,Brett Dennen,See the World
108172,Riley Downing,Start It Over
108173,Leonie Evans,"Collaborations, Vol. 2"
108174,Neko Case,The Tigers Have Spoken
108175,Charlie Parr,Last of the Better Days Ahead
108176,Triángulo de Amor Bizarro,A Cantiga de Juan C
108179,The Danish Radio Big Band,Charlie Watts Meets The Danish Radio Big Band
108180,Golden Smog,Weird Tales
108181,Nacho Vegas,Desaparezca Aquí
108182,The Doors,The Soft Parade
108183,Santero y Los Muchachos,Ventura
108184,Tony Rice Unit,Manzanita
108185,Cornershop,When I Was Born For The 7th Time
108186,Tim Heidecker,Fear Of Death
108187,Yo La Tengo,Fakebook
108188,The Beach Boys,"""Feel Flows"" The Sunflower & Surf’s Up Sessions 1969-1971"
108189,The Hollies,Hollies
108190,Aaron Lee Tasjan,Silver Tears
108276,Antonio Salieri,Salieri: Veneziana (La) / Cimarosa: Symphony in D Major / Paisiello: Symphony in D Major / Clementi: Symphony in D Major / Rossini: Bologna
108358,Curren$y,The Marina
108359,Earl Sweatshirt,Some Rap Songs
108361,Healy,Tungsten
108362,Mac Miller,Spotify Singles
108363,Dominic Fike,What Could Possibly Go Wrong
108364,Mac DeMarco,2
108366,Bakar,Hell N Back
108369,Cautious Clay,Cheesin'
108370,Bryce Vine,Carnival
108371,Kota the Friend,Outside
108373,Theophilus London,Bebey
108374,Briston Maroney,Freakin' Out On The Interstate
108522,Mario,Closer
108523,Bishop Briggs,Church Of Scars
108525,King Kavalier,Bad Drugs
108527,James Gillespie,Safe.
108528,BRIDGE,Wreck
108531,PHFAT,Whatever You Like
108532,Hippie Sabotage,Drifter
108533,Derik Fein,Vertigo
108534,James TW,First Impressions
108536,The Weeknd,Fifty Shades Of Grey - Original Motion Picture Soundtrack
108537,Monsune,OUTTA MY MIND
108539,NIIVA,NIIVA
108540,Kinck,No Small Talk Pt. II
108541,Law,Lies
108543,Kid Travis,Link Up
108545,BAYNK,Esther / Touch Me (Hold My Hand)
108547,Monelise,Insane
108548,Alina Baraz,Trust
108550,Flume,Lockjaw
108554,Rosenfeld,The Red Room
108557,Kid Travis,Galaxy
108558,Mansionair,Shadowboxer
108560,Masego,Lady Lady
108561,THE DRIVER ERA,X
108562,Matt Maeson,The Hearse
108563,Jenevieve,Division
108564,Two Another,Another Tape
108565,BANKS,Goddess - Deluxe
108567,Johnny Goth,The Great Awakening
108575,Two Feet,Had Some Drinks
108576,Bishop Briggs,Fifty Shades Freed
108579,Francesca Monte,Alièn
108650,Tipling Rock,A Side / B Side
108658,Molchat Doma,Этажи
108666,Love of Lesbian,V.E.H.N.
108704,Banda MS de Sergio Lizárraga,Mi Mayor Anhelo
108749,Coldplay,Music Of The Spheres
108768,Keane,Hopes And Fears
108769,The Cranberries,"Everybody Else Is Doing It, So Why Can't We?"
108896,Pablo Milanés,Vengo Naciendo
108975,Porter,Moctezuma
108976,Porter,Atemahawke
108977,Porter,Cuxillo
109085,David Bowie,Karma Man
109211,Pablo Milanés,La Mas Completa Coleccion
109212,La Gusana Ciega,Jaibol
109213,Pablo Milanés,Singles
109349,Los Karkik's,Arrempujala Arremangala
109444,John Denver,The Ultimate Collection
109505,The Hit Nation,Luau Party
109852,Run–D.M.C.,Raising Hell
109869,Fabich,Back to Life
109931,Ed Sheeran,=
109946,One Direction,Take Me Home
110062,Dolly Parton,9 To 5 And Odd Jobs
110066,Panic! At The Disco,A Fever You Can't Sweat Out
110075,Dolly Parton,Here You Come Again
110076,Blondie,Greatest Hits
110418,Colter Wall,Songs of the Plains
110556,Luis Miguel,Navidades Luis Miguel
110570,Michael Bublé,Let It Snow!
110572,Michael Bublé,The More You Give (The More You'll Have)
110580,Michael Bublé,love
110583,Idina Menzel,Holiday Wishes
110589,Michael Bublé,White Christmas
110594,Blake Shelton,"Cheers, It's Christmas"
110595,Michael Bublé,Gift Wrapped: Regifted
110598,Michael Bublé,White Christmas / 'Twas the Night Before Christmas
110599,Dolly Parton,A Holly Dolly Christmas
110600,Michael Bublé,It's Time
110602,Michael Bublé,Crazy Love
110604,Mariah Carey,Oh Santa! (feat. Ariana Grande & Jennifer Hudson)
110605,Mariah Carey,Mariah Carey's Magical Christmas Special (Apple TV+ Original Soundtrack)
110608,Mariah Carey,Merry Christmas II You
110612,Mariah Carey,When Christmas Comes
110662,Maná,Mariposa Traicionera
110769,ZAYN,Mind Of Mine (Deluxe Edition)
110773,Whethan,Fifty Shades Freed - Original Motion Picture Soundtrack
110968,The Head And The Heart,Our House
110969,Jerry Douglas,Traveler
110970,Dr. Dog,Abandoned Mansion
110973,Afterhours,I Milanesi Ammazzano Il Sabato
110974,Django Reinhardt,Djangologie Vol3 / 1937
110975,Vince Guaraldi,Alma-Ville
110976,Primal Scream,Screamadelica
110977,Flo & Eddie,Moving Targets
110978,Nels Cline,In The Wee Small Hours Of The Morning
110979,Giorgio Canali,Nostra signora della dinamite
110980,Fabrizio De André,Fabrizio De André (Indiano)
110981,Zoufris Maracas,Bleu de lune
110982,Jefferson Airplane,Surrealistic Pillow
110985,Stephen Sondheim,Company
110986,Steve Earle,Train A Comin'
110988,Robe,Lo Que Aletea en Nuestras Cabezas
110989,Francisco Tárrega,Segovia Collection Volume 3
110990,Vinicio Capossela,Modì
110991,Niña Polaca,De la Línea Diez al Sol
110992,The Features,Exhibit A
110993,Taylor Swift,evermore
110994,John Fogerty,Wrote A Song For Everyone
111135,Avenged Sevenfold,Hail to the King
111312,zzoilo,Mon Amour
111313,Tainy,The SpongeBob Movie: Sponge On The Run - Original Motion Picture Soundtrack
111314,Myke Towers,EXPERIMENTO
111318,JHAYCO,Ley Seca
111319,Benito Martinez,6 Ring (Tributo Koby Bryant)
111322,Tainy,Lo Siento BB:/ (with Bad Bunny & Julieta Venegas)
111326,Maluma,Rumba (Puro Oro Anthem)
111327,Carlos Vives,Canción Bonita
111330,Camilo,KESI
111331,Piso 21,Más De La Una
111334,Rauw Alejandro,Todo De Ti
111335,Justin Quiles,Loco
111909,Lukas Nelson and Promise of the Real,A Few Stars Apart
111910,Haruomi Hosono,HOCHONO HOUSE
112083,Jebase,Tropical
112084,Curry & Krawall,The Soul Condor
112088,Tez Cadey,Coastal Cat
112089,Gregory Porter,Liquid Spirit
112091,Ehrling,High When Low
112093,Disclosure,Moog For Love
112094,Route 94,My Love (feat. Jess Glynne)
112096,Tiësto,The Business
112103,Vantage,50//50
112106,Neverdogs,Frontiers
112109,Gama,911
112120,Scatman John,Scatman & Hatman
112126,6ix9ine,DUMMY BOY
112134,Reykon,El Chisme
112136,Big Yamo,Big Yamo o Nada
112138,Luis Fonsi,VIDA
112159,Alkilados,Pura Playa
112164,Sebastian Yatra,Cristina
112165,Rauw Alejandro,Algo Mágico
112171,Crystal Fighters,Kitsuné: I Love London
112182,Jesse & Joy,Esta Es Mi Vida
112183,Shakira,Sale el Sol
112184,Cómplices,Lo Esencial de Belinda
112185,Aleks Syntek,Trasatlántico
112187,K'NAAN,Troubadour
112192,La Factoria,Todavia
112196,MDO,MDO
112217,Good Charlotte,Cardiology
112221,Sum 41,"All Killer, No Filler"
112224,The Click Five,Greetings From Imrie House
112225,Melting Oak,The 90s Rocked My Heart
112226,Marianas Trench,Masterpiece Theatre
112227,Mayday Parade,Anywhere but Here
112228,Goldfinger,Stomping Ground
112229,Forever The Sickest Kids,The Weekend: Friday
112230,Paramore,Paramore
112232,Yellowcard,Punk Goes Pop
112235,Forever The Sickest Kids,Underdog Alma Mater
112237,The Red Jumpsuit Apparatus,Don't You Fake It
112239,FM Static,What Are You Waiting For?
112240,Matchbox Twenty,How Far We've Come
112261,Tatiana,Feliz Navidad
112262,Tony Camargo,El Año Viejo
112263,Pandora,Eterna Navidad
112264,Coldplay,Christmas Lights
112267,Carlos Henry,Christmas with You
112273,Vince Guaraldi Trio,A Charlie Brown Christmas [2012 Remastered & Expanded Edition]
112278,Vince Guaraldi Trio,Charlie Brown Holiday Hits
112279,Darlene Love,A Christmas Gift For You From Phil Spector
112280,Kenny G,The Classic Christmas Album
112281,Marco Pastor Estelles,El Burrito Sabanero
112282,Ella Fitzgerald,Christmas With Ella
112284,Oscar Athie,Eterna Navidad
112285,Yuri,Eterna Navidad
112287,Ilse Hendrix,Blanca Navidad
112290,Samo,Noche de Paz
112295,Zucchero,Blue's
112296,Zucchero,Shake
112297,Zucchero,Oro Incenso & Birra - Zucchero Sugar Fornaciari
112298,Zucchero,Discover
112612,Uncle Kracker,Floatin'
112613,Uncle Kracker,Double Wide
112614,Uncle Kracker,Seventy Two & Sunny
112615,Uncle Kracker,No Stranger to Shame
112616,Uncle Kracker,Midnight Special
112686,Frank Sinatra,The Classic Christmas Album
112745,Skegss,Here Comes Your Man (triple j Like a Version)
112926,Ethan Hawke,Juliet Naked (Original Soundtrack Album)
112932,NOFX,Ribbed
112933,Foxboro Hottubs,Stop Drop And Roll!!!
112935,Gomez,How We Operate
112936,Mike Doughty,Golden Delicious
112937,Francesco De Gregori,Il Mondo Di Francesco De Gregori Vol. 2
112938,Manuel Ponce,Play
112939,Hazel Scott,Her Second Album of Piano Solos with Drums Acc.
112940,Lyle Lovett,The Road To Ensenada
112941,Chuck Berry,San Francisco Dues
112943,Dead Man Fall,Bang Your Drum
112944,The Strange Blue Dreams,The Strange Blue Dreams
112945,Mikel Erentxun,Amigos de Guardia
112947,Villagers,Fever Dreams
112948,Francesco Guccini,The Platinum Collection
112949,Los Rodriguez,"Palabras más, palabras menos"
112950,Toby Sebastian,Midnight
112951,Manchester Orchestra,The Million Masks Of God
112952,Jerry Garcia,Run for the Roses (Expanded)
112953,Little Steven,Men Without Women
113023,Silvio Rodríguez,Unicornio
113051,Ginuwine,The Life
113053,Roy Woods,Exis
113055,Chris Brown,Indigo
113056,Bryson Tiller,A N N I V E R S A R Y
113057,Lloyd,TRU - LP
113058,Lil Eazzyy,Yes or No (feat. IV JAY)
113059,Jacquees,Who's
113060,dvsn,Morning After
113061,Ella Mai,Ella Mai
113063,Wolf Alice,Visions Of A Life
113065,Dreezy,No Hard Feelings
113068,Galimatias,Urban Flora
113069,ZAYN,Icarus Falls
113071,DJ Khaled,Major Key
113072,Mila J,213
113073,Jeremih,Late Nights: The Album
113075,Trippie Redd,Excitement
113076,LANY,Make Out
113115,Bill Withers,Menagerie
113117,Carpenters,A Song For You
113118,Jackson Browne,For Everyman
113119,Luther Vandross,Give Me The Reason
113122,Don Diablo,Past.Present.Future.
113125,Yusuf / Cat Stevens,Mona Bone Jakon
113127,Mogwai,Happy Songs for Happy People
113128,Hammock,Oblivion Hymns
113140,Bill Conti,Rocky II: Music From The Motion Picture
113141,Tom Ziderman,Hollywood Movies Music
113142,Bill Conti,Rocky III: Music From The Motion Picture
113147,Juggernoud1,"Rocky Prelude (From ""Rocky"") [Piano Solo]"
113148,Bill Conti,Sports Arena Anthems
113590,Ismael Serrano,Cena Chill
113662,Toots & The Maytals,In The Dark
113907,fun.,Beck Song Reader
113908,fun.,Believe In Me
114006,Pietro Mascagni,Mascagni: Cavalleria Rusticana
114096,George Baker Selection,The Tarantino Connection
114238,Ismael Serrano,Viaje a 1997
114756,John Lennon,GIMME SOME TRUTH. - Deluxe
114758,Paul McCartney,Concert For George
114762,The Rolling Stones,Some Girls: Live In Texas '78
114767,Morrissey,Low in High School
114768,The Strokes,Modern Girls & Old Fashion Men
114769,Johnny Cash,"Bear's Sonic Journals: Live At The Carousel Ballroom, April 24 1968"
114770,Glen Hansard,Drive All Night
114771,Elton John,Captain Fantastic And The Brown Dirt Cowboy
114772,John Grant,Queen of Denmark
114850,Nick Cave & The Bad Seeds,Euthanasia
114851,Nick Cave & The Bad Seeds,Let Love In
114852,Nick Cave,Cosmic Dancer
114853,Nick Cave & The Bad Seeds,Ghosteen
114855,Nick Cave & The Bad Seeds,Idiot Prayer
114857,Nick Cave & The Bad Seeds,Skeleton Tree
114864,Nick Cave & The Bad Seeds,Nocturama
114903,Liam Gallagher,Everything's Electric
114905,Grinderman,Grinderman 2
114907,Nick Cave & The Bad Seeds,Lovely Creatures - The Best of Nick Cave and The Bad Seeds (1984-2014)
114917,The Felice Brothers,The Felice Brothers
114919,Chuck Prophet,The Land That Time Forgot
114920,Daniel Romano,Finally Free
114925,The Felice Brothers,Inferno
114926,The Felice Brothers,Life in the Dark
114929,The Felice Brothers,Undress
114930,The Felice Brothers,God Bless You Amigo
114942,The Felice Brothers,Favorite Waitress
114946,The Felice Brothers,Yonder Is the Clock
114972,Aaron Lee Tasjan,Tasjan! Tasjan! Tasjan!
114978,Steve Gunn,Dust Filled Room
114983,Justin Townes Earle,The Saint Of Lost Causes
114984,The Cactus Blossoms,Hey Baby
114988,Pokey LaFarge,In The Blossom of Their Shade
114989,Justin Townes Earle,Maybe A Moment / Graceland
114990,Gary Louris,Jump for Joy
114994,Jeff Tweedy,For You (I'd Do Anything)
114996,My Morning Jacket,The Waterfall II
114997,Steve Earle,J.T.
115000,Jeff Tweedy,Ted Lasso: Season 2 (Apple TV+ Original Series Soundtrack)
115001,Justin Townes Earle,Do I Ever Cross Your Mind
115002,Strand of Oaks,In Heaven
115003,Daniel Romano,Cobra Poems
115006,Susto,Time in the Sun
115008,Billy Bragg,Life's a Riot with Spy vs. Spy
115010,Delta Spirit,What Is There
115011,James McMurtry,The Horses and the Hounds
115013,Son Volt,Electro Melodier
115014,Dylan LeBlanc,Pastimes
115015,Richard Swift,The Atlantic Ocean
115108,Little Richard,Good Golly!
115159,Natasha Bedingfield,Unwritten
115171,The Beatles,Anthology 3
115211,Dr. Dre,Hip Hop: The Collection 2008
115212,Dr. Dre,"Danger ""The Hip Hop Collection 5"""
115505,Aaron Zigman,The Notebook (Original Motion Picture Soundtrack)
115699,Ismael Serrano,20 Años de la Sala Galileo Galilei
115702,Redimi2,Pura Sal
115752,Stephen Emmer,Recitement
115753,Fleetwood Mac,Say You Will
115755,Ray Davies,See My Friends
115759,Lightnin' Hopkins,1949-1950
115760,Phil Ochs,There But For Fortune
115761,Pete Dello and Friends,Into Your Ears
115765,"10,000 Maniacs","Campfire Songs: The Popular, Obscure and Unknown Recordings of 10,000 Maniacs"
115766,Joey Ramone,Don't Worry About Me
115785,Nicola Piovani,"Buongiorno Principessa (From ""La vita è bella"")"
115786,Jóhann Jóhannsson,The Theory of Everything (Original Motion Picture Soundtrack)
115898,Belinda Carlisle,Heaven on Earth (30th Anniversary Edition)
115914,Josiah and the Bonnevilles,Motel Mayday
115915,Mark Keali'i Ho'omalu,Lilo & Stitch
115918,Robert Ellis,Texas Piano Man
115921,Andy Frasco & The U.N.,Dancin' Around My Grave
115997,The Cure,Wish
116006,Talking Heads,Naked
116007,The La's,The La's
116009,Greta Van Fleet,Anthem Of The Peaceful Army
116011,Fountains Of Wayne,Fountains of Wayne
116020,The Goo Goo Dolls,"Live in Buffalo July 4th, 2004"
116021,Rush,Permanent Waves
116025,Cheap Trick,In Color
116028,The Black Keys,Magic Potion
116033,Bon Iver,Don't Look Up (Soundtrack from the Netflix Film)
116139,Backstreet Boys,Don't Go Breaking My Heart
116141,Backstreet Boys,Backstreet Boys
116142,Backstreet Boys,Chances
116144,Backstreet Boys,DNA
116146,Backstreet Boys,Never Gone
116303,Nine Days,Snapshots
116304,Nine Days,The Madding Crowd
116317,Juan Gabriel,Recuerdos II
116384,Ainda,Uno
116386,Soda Stereo,El Ultimo Concierto A
116390,Manuel García,"Un Rey y un Diez (+ Adelantos ""Caminante"")"
116396,Gustavo Cerati,Ahí Vamos
116398,Calle 13,MultiViral
116401,Vicentico,Vicentico 5
116402,Jarabe De Palo,¿Y Ahora Que Hacemos?
116405,Paté de Fuá,"Película Muda, Pt. 1"
116410,Babasonicos,Jessico
116411,Los Amigos Invisibles,Repeat After Me
116415,Fito Paez,Abre
116416,Gustavo Cerati,Fuerza Natural
116417,Ases Falsos,Conducción
116420,Joaquín Sabina,"Yo, Mi, Me, Contigo"
116425,Pedro Aznar,Cuerpo y Alma
116426,Pedro Pastor,Vulnerables
116427,Jarabe De Palo,En la vida conocí mujer igual a la Flaca: 20 años
116430,Kevin Johansen,"Kevin Johansen + The Nada: Mis Américas, Vol. 1/2"
116434,Simon Grossmann,Ciclo
116435,Andrés Calamaro,Dios Los Cría
116439,Daniela Spalla,Camas Separadas
116445,Mercedes Sosa,Tranquilízate
116451,The Jayhawks,Tomorrow The Green Grass
116454,Nicky Hopkins,The Tin Man Was A Dreamer
116455,Van Halen,Women and Children First
116457,Van Morrison,Saint Dominic's Preview
116460,Willie Nelson,Teatro
116461,Slim Gaillard And His Peruvians,Groove Juice: The Norman Granz Recordings + More
116463,King Gizzard & The Lizard Wizard,Paper Mâché Dream Balloon
116466,May Erlewine,Anyway
116469,Rachael & Vilray,Rachael & Vilray
116471,The Walkmen,Heaven
116472,Gorillaz,The Now Now
116475,Everything But The Girl,Amplified Heart
116476,Greta Van Fleet,From The Fires
116477,Bleachers,Strange Desire
116481,The Darkness,Permission to Land
116483,Keane,Strangeland
116486,Dire Straits,ExtendeDancEPlay
116488,Waterparks,Entertainment
116490,Three Dog Night,Naturally
116491,Blondie,Autoamerican
116492,Rancid,...And Out Come The Wolves
116494,Blur,Parklife
116495,Tom Petty,The Best Of Everything - The Definitive Career Spanning Hits Collection 1976-2016
116496,Free,Fire And Water
116497,U2,Rattle And Hum
116500,The Mighty Mighty Bosstones,Let's Face It
116550,Arcade Fire,"The Lightning I, II"
116552,Arcade Fire,Neon Bible
116553,Modest Mouse,We Were Dead Before The Ship Even Sank
116561,Future Islands,Singles
116562,The Shins,Port Of Morrow
116575,Elvis Costello,My Aim Is True
116578,Frank Turner,Be More Kind
116579,Fontaines D.C.,Dogrel
116581,Stephen Trask,Hedwig and the Angry Inch - Original Motion Picture Soundtrack
116583,Guy Lombardo,Enjoy Yourself: The Hits Of Guy Lombardo
116584,Oingo Boingo,Dark At The End Of The Tunnel
116585,Carsie Blanton,Love & Rage
116586,Luigi Legnani,"Legnani: Fantasia, Op. 19 / 36 Caprices, Op. 20"
116588,Marcus Mumford,You'll Never Walk Alone
116589,The Monroes,What Do All the People Know?
116590,Ryan Adams,Gold
116591,Ben Folds,Songs For Silverman
116592,The New Basement Tapes,Lost On The River - Deluxe
116595,Fast Romantics,American Love
116596,Barry Louis Polisar,Naturally Sweetened
116598,Arthur Russell,Iowa Dream
116599,John Prine,Fair and Square
116600,Luna,Rendezvous
116601,Father John Misty,Fear Fun
116602,Freedy Johnston,This Perfect World
116603,Mick Ronson,Only After Dark: The Complete Mainman Recordings
116604,The Roches,The Roches
116605,Heartless Bastards,A Beautiful Life
116816,Jorge Drexler,Cinturón Blanco
116820,Andrés Calamaro,Bohemio
116832,J Balvin,Sigue/Forever My Love
116833,Maluma,Mojando Asientos (feat. Feid)
116847,Grizfolk,Rarest of Birds
116851,Vance Joy,Nation of Two
116858,Don McLean,American Pie
116859,Bill Wyman,Monkey Grip (Deluxe)
116860,The Black Keys,Rubber Factory
116861,Mickey Baker,The Wildest Guitar
116863,Billy Joel,New York State of Mind / Everybody Loves You Now
116865,The Weepies,Sirens
116866,Mexicanto,Coincidir
116870,Pablo Milanés,Em Vivo
116871,Rosana,Lunas rotas
116873,Silvio Rodríguez,Días y Flores
116875,Silvio Rodríguez,Tríptico (Vol. 3)
116876,Silvio Rodríguez,Tríptico (Vol. 2)
116878,Luis Eduardo Aute,Cuerpo a Cuerpo (Remasterizado)
116879,Nicho Hinojosa,Nicho... En El Bar 2
116884,Francisco Céspedes,Dónde Está La Vida
116885,Raúl Ornelas,Bajo el Hechizo de Luna
116886,"Abel Velásquez ""El Mago""",Viva la Casta!
116887,Joaquín Sabina,Esencial Joaquin Sabina
116888,Luis Eduardo Aute,Aute Con Alevosía
116889,Alejandro Filio,Caín
116890,Alejandro Filio,1978/1988
116892,Fato,Bohemia Con El Alma
116897,Nicho Hinojosa,En El Bar 3
116899,Edgar Oceransky,De Carne y Hueso
116900,Santiago Cruz,Cruce de Caminos
116906,Joaquín Sabina,Nos Sobran Los Motivos
116917,Joaquín Sabina,Mentiras Piadosas
116918,Joaquín Sabina,Dímelo En La Calle
116923,Joaquín Sabina,500 Noches para una Crisis (En Directo)
116927,Joaquín Sabina,Mucho Sabina
116928,Joaquín Sabina,Diario De Un Peaton
116929,Vetusta Morla,"Los Abrazos Prohibidos (feat. Alice Wonder, Andrés Suárez, Carlotta Cosials, Christina Rosenvinge, Dani Martin, Depedro, Eva Amaral, Ismael Serrano, Iván Ferreiro, Kase.O, Leiva, Luz Casal, Maika Makovski, Marwán, Nacho Vegas, Nina de Juan, Rozalén, Joaquín Sabina, Santi Balmes & Xoel López)"
116933,Ana Belén,Mucho Mas Que Dos (Live In Concert)
116936,Dani Martín,La Mentira (feat. Joaquín Sabina)
116946,Joan Manuel Serrat,Dos Pajaros De Un Tiro
116947,Fito Paez,Enemigos Intimos
116948,Joaquín Sabina,19 Dias Y 500 Noches
116949,Leiva,Partido a Partido
116955,Joaquín Sabina,Vinagre Y Rosas
116959,Rocío Dúrcal,Duetos
116985,Santana,Corazón - Live From Mexico: Live It To Believe It
117041,Pedro Guerra,Pedro Guerra 30 Años
117044,Silvio Rodríguez,Mujeres
117045,Joaquín Sabina,Alivio De Luto
117058,Jarabe De Palo,De Vuelta Y Vuelta
117059,Pedro Guerra,#Golosinas2018
117060,Pablo Milanés,No Me Pidas
117064,Jarabe De Palo,Un metro cuadrado
117071,Pereza,Aviones
117074,Maná,MTV Unplugged
117075,Los Ronaldos,4 Canciones
117272,Joan Manuel Serrat,Serrat En Directo
117274,Fernando Delgadillo,Entre Pairos y Derivas
117275,Mercedes Sosa,30 años
117276,Leiden,Destino
117280,Luis Eduardo Aute,Albanta
117281,Joan Manuel Serrat,Antología Desordenada
117282,Eliades Ochoa,Como la Nube Se Impone al Sol
117288,Zuaraz,La Flor Y El Abejorro
117292,Silvio Rodriguez and Pablo Milanes,Silvio Rodriguez y Pablo Milanes
117300,Rosalía León,Más Alto
117302,Luis Eduardo Aute,Aire
117305,Héctor Filio,Norte
117306,Pedro Guerra,14 de Ciento Volando de 14
117497,Laura Pausini,20 The Greatest Hits
117501,Andrea Bocelli,Pianissimo
117502,Andrea Bocelli,Andrea Bocelli Spotify Sessions
117503,Andrea Bocelli,Pasión - Edición Especial En Español
117505,Agustín Lara,Amore
117510,Céline Dion,These are Special Times
117511,Andrea Bocelli,Amor - Edición Especial En Español
117512,David Foster,Amore
117517,Andrea Bocelli,Return To Love
117519,Josh Groban,Bridges
117520,Andrea Bocelli,Il Mare Calmo Della Sera - Remastered
117524,C. Tangana,El Madrileño
117526,Josh Ritter,Hello Starling
117527,Eric Clapton,Unplugged
117528,The Helio Sequence,Subterranean Homesick Blues: A Tribute to Bob Dylan's 'Bringing It All Back Home'
117529,Fruit Bats,Mouthfuls
117530,LCD Soundsystem,the long goodbye
117533,Bruce Springsteen,Magic
117536,The Libertines,Anthems For Doomed Youth
117538,Talking Heads,Stop Making Sense
117540,Loquillo,Balmoral
117541,Deluxe,Fin De Un Viaje Infinito
117542,Lord Huron,Spotify Singles
117543,Jim James,Tribute To
117545,Sanjosex,Al Marge d'un Camí
117546,La Maravillosa Orquesta del Alcohol,Ojalá
117548,Bryan Ferry,Dylanesque
117550,Jack Johnson,In Between Dreams
117575,Young Man Neal,Gypsy Boy
117582,Lucio Dalla,Storie Di Casa Mia
117758,Gilbert O'Sullivan,Back to Front
118132,Neil Young,"Eat, Pray, Love"
118160,Dolly Parton,Jolene
118162,Baha Men,Holla
118247,Joan Sebastian,Secreto De Amor
118248,Joan Sebastian,Más Allá Del Sol
118778,Pedro Infante,Mexico Gran Colección Ranchera: Pedro Infante
118919,Third Day,Revelation
118920,The Dubliners,40 Years
118921,The Chieftains,Voice of Ages
119073,The Mud Howlers,Las Mercedes
119091,Ethan Burns,Pyramid Scheme
119093,The Black Keys,Dropout Boogie
119165,Jamiroquai,Travelling Without Moving
119214,Juan Gabriel,Por Mi Orgullo
119215,Juan Gabriel,Por Los Siglos
119216,Juan Gabriel,La Historia Del Divo
119217,Juan Gabriel,Boleros
119218,Juan Gabriel,Mis Favoritas
119219,Juan Gabriel,1 Es Juan Gabriel
119220,Juan Gabriel,Bailando
119221,Juan Gabriel,Juan Gabriel Canta las Canciones de Su Película en Esta Primavera
119222,Juan Gabriel,Cosas De Enamorados
119223,Juan Gabriel,Juan Gabriel
119224,Juan Gabriel,Todo
119226,Juan Gabriel,Siempre En Mi Mente
119229,Juan Gabriel,Con el Mariachi de América de Jesús Rodríguez de Hijar
119230,Juan Gabriel,Siempre en Mi Mente
119231,Juan Gabriel,Espectacular
119232,Juan Gabriel,Ella
119233,Juan Gabriel,15 Años Baladas Éxitos
119234,Juan Gabriel,Siempre Estoy Pensando En Ti
119235,Juan Gabriel,Juan Gabriel Con Banda... El Recodo
119253,Kaleb Di Masi,Hace Calor
119277,Caamp,Believe
119278,Nathaniel Rateliff & The Night Sweats,The Future
119279,Eddie Vedder,Long Way
119280,Jack White,Love Is Selfish
119281,The War On Drugs,I Don't Live Here Anymore (feat. Lucius)
119282,Houndmouth,Good For You
119283,Marcus King,Hard Working Man
119284,Elvis Costello,The Boy Named If
119304,Christian Nodal,Forajido EP 1
119305,Bad Bunny,Un Verano Sin Ti
119316,Jonaz,The Pre End Of The World Soundtrack
119317,El Komander,Detras Del Miedo
119319,Calor Norteño,Vamonos de Fiesta
119320,Voz De Mando,Levantando Polvadera
119321,Natanael Cano,NataKong
119322,Los Tigres Del Norte,Gracias America Sin Fronteras
119323,El Komander,Y Seguimos La Borrachera
119324,Calibre 50,La Recompensa
119325,Voz De Mando,Los Mejores Corridos De
119326,Junior H,MUSICA <3
119328,Cardenales De Nuevo León,Ranchero
119332,Banda MS de Sergio Lizárraga,En Preparación
119334,La Adictiva,Disfruté Engañarte
119335,Grupo Sexto Sentido,El Aguitado
119336,Los Titanes De Durango,Los Locos Del Corrido
119337,Calibre 50,Lo Mejor De...
119338,Los Buitres De Culiacan Sinaloa,Los Buitres Con Tololoche
119339,Junior H,Paso En Culiacan
119340,Voz De Mando,Impactos De Arranque
119341,Los Gfez,Bien Servida
119342,Los Titanes De Durango,15 Exitos
119343,Junior H,Atrapado en un Sueño
119346,Banda Los Recoditos,Ando Bien Pedo
119350,Código FN,Billetes Verdes
119351,Grupo Margen,En Vivo
119352,Alta Consigna,La Parranda Va a Empezar
119377,The Dubliners,Dublin
119378,The Dubliners,The Best Of The Dubliners
119654,Jorge Drexler,Tinta y Tiempo
119675,Couch,COUCH
119676,Couch,Easy to Love
119677,Couch,Fall Into Place
119679,Couch,Black Bear Lane
119682,Couch,I'm Leavin' (The Na-Na Song)
119683,Couch,Conjunction Junction
119744,Trinidad Cardona,Hayya Hayya (Better Together)
119745,Trinidad Cardona,Por Favor
119747,Stellar,Bad Dream
119748,Kizz Daniel,Barnabas
119749,Hiko,Wait a Minute! (Sped Up) - Duck
119751,Ric Hassani,The Prince I Became
120237,A.B. Quintanilla III,Fuego
120238,Thalia,Thalia
120420,Jake Bugg,Shangri La
120422,Duncan Dhu,Coleccion
120425,Victor Jara,Best Of Victor Jara (Remastered)
120427,Leo Kottke,"One Guitar, No Vocals"
120431,Edie Brickell & New Bohemians,Protest Songs
120433,Albert Pla,Albert Pla Supone A Fonollosa
120434,Family,Un Soplo En El Corazón
120435,Gipsy Kings,Mosaïque
120752,Matchbox Twenty,Yourself or Someone Like You
120901,Johann Strauss II,Strauss: Wiener Walzer
120928,Sergei Prokofiev,"Prokofiev: Peter and the Wolf, Op. 67 (Without Narration)"
120929,Léo Delibes,Delibes: Sylvia (Complete Ballet) / Saint-Saens: Henry Viii
120930,Antonio Vivaldi,Sinkovsky Plays and Sings Vivaldi
120931,Johann Strauss II,Famous Strauss Waltzes
120932,"Slovak Sinfonietta, Zilina",Johann Strauss I: Edition - Vol. 3
120933,Gioachino Rossini,Pictures
120934,Dmitri Shostakovich,Shostakovich: Jazz Suites Nos. 1 - 2 / The Bolt / Tahiti Trot
120935,Léo Delibes,Delibes: Coppelia (Complete Ballet) / La Source Suites
120936,Johann Strauss II,"Strauss Ii, J.: Waltzes, Polkas, Marches and Overtures, Vol. 3"
120938,Frédéric Chopin,Chopin: Piano Works
120939,Dmitry Kabalevsky,"Kabalevsky, D.B.: Romeo and Juliet / Colas Breugnon / Comedians"
120940,Luigi Boccherini,Boccherini: La musica notturna delle strade di Madrid
120941,Johann Strauss II,"Tritsch-Tratsch-Polka, Op. 214 ""Triqui Traqui"""
120942,Pietro Mascagni,"Mascagni, P.: Symphonic and Choral Works"
120944,"Polish State Philharmonic Orchestra, Katowice","J. Strauss, Jr.: Edition - Vol. 9"
120945,Modest Mussorgsky,Russian Fireworks
120946,Johann Strauss II,Au revoir 2020!
120947,Orchestra Italiana,"Royal Wedding: Kate & William Compilation, Vol. 1"
120948,Edvard Grieg,111 Piano Hits - Vol. 5 (World Premiere Recordings)
120949,Claude Debussy,Debussy: Clair De Lune and Other Piano Favourites
120950,Nikolai Rimsky-Korsakov,Rimsky-Korsakov: Scheherazade
120951,Johann Strauss II,25 Strauss Favorites
120952,Johann Strauss I,"Johann Strauss I Edition, Vol. 25"
120954,Johann Sebastian Bach,Bach: Overtures (Suites) Nos. 1-4
120955,Julius Fučík,International Salute
120956,Johann Strauss II,Strauss: Die Fledermaus
120957,Antonio Vivaldi,Vivaldi: The Four Seasons • Concertos for Bassoon & Violin 'in tromba marina'
120958,Spa Sensations,Lullaby for Mommy: Relaxing Music for Peaceful Sleep
120959,Alexander Borodin,Borodin: Prince Igor (Highlights) / In the Steppes of Central Asia
120962,Frédéric Chopin,"Chopin: Nocturnes, Vol. 1"
120963,Adelaide Symphony Orchestra,Fanfare
120964,Scott Joplin,"Joplin: Piano Rags, Vol. 1"
120965,Gioachino Rossini,Rossini: Barbiere Di Siviglia (Il)
120966,Johann Strauss II,"Strauss II: Waltzes, Polkas, Marches and Overtures, Vol. 2"
120967,Czech Philharmonic,Czech Philharmonic Orchestra Plays Studio Ghibli Symphonies
120968,Frédéric Chopin,Chopin: Nocturnes
120969,Aaron Copland,"Copland: Rodeo, Dance Panels, El Salón México & Danzón Cubano"
120970,Franz Liszt,Liszt: Scherzo and March / 3 Liebestraume / Berceuse
120971,Strauss Festival Orchestra,Johann Strauss II.: Most Famous Waltzes
120975,Aaron Copland,"Copland: Billy the Kid, Rodeo, El Salón México & An Outdoor Overture"
121038,Seattle Symphony Orchestra,Pfitzner: Symphony in C major - Schumann: Koncertstück for Four Horns
121043,Scott Joplin,"Joplin: Piano Rags, Vol. 2"
121045,John Philip Sousa,Parade Music
121050,Bedřich Smetana,"Smetana: Piano Works, Vol. 4"
121051,Johannes Brahms,Van Cliburn - Complete Album Collection
121055,Pyotr Ilyich Tchaikovsky,Tchaikovsky: Sleeping Beauty
121056,Léo Delibes,Delibes: Best of French Ballet
121057,Antonín Dvořák,Piano 101
121177,Demi Lovato,Body Say
121179,PLAZA,All Mine
121180,Victoria Monét,JAGUAR
121181,Bishop Briggs,Fifty Shades Freed - Original Motion Picture Soundtrack
121187,Halsey,Fifty Shades Darker
121189,Disclosure,Caracal
121191,dvsn,SEPT 5TH
121195,Black Atlass,Dream Awake
121196,Pink Sweat$,Pink Moon
121200,Lucky Daye,Candydrip
121204,Rosenfeld,Body
121205,Anderson East,Fifty Shades Darker
121209,Lewis Del Mar,EP
121210,Canteen,Belgium To Bordeaux
121211,Ari Abdul,BABYDOLL
121212,Omar Apollo,Ivory
121213,Bruno Mars,An Evening With Silk Sonic
121216,THE JACKS,SLOWDANCE
121222,ZAYN,Nobody Is Listening
121225,Christian Kuria,Toroka
121231,Everybody Loves an Outlaw,I See Red
121232,Health Club,Have It Like That
121234,DJ Snake,U Are My High
121389,Hilary Duff,The Lizzie McGuire Movie
121390,Hilary Duff,Most Wanted
121394,Zac Efron,High School Musical 2 - Original Soundtrack
121395,Judas Priest,British Steel
121396,Troy,High School Musical
121402,A.B. Quintanilla III Y Los Kumbia Kings,La Historia
121406,Kumbia Kings,Los Remixes 2.0
121411,Kenny Loggins,"Yesterday, Today, Tomorrow - The Greatest Hits Of Kenny Loggins"
121429,Big Boy,Mis Ojos Lloran Por Ti
121433,Big Boy,Virus
121439,Dread Mar I,Vivi En Do
121440,Calle 13,Los De Atrás Vienen Conmigo
121441,"Tito ""El Bambino""",El Patrón - La Victoria
121442,Willie Colón,Mis Favoritas
121443,Fonseca,Corazón
121445,Aspirante,Aspirante
121447,Gilberto Santa Rosa,Contraste
121450,Miranda!,El Templo del Pop
121451,Tito Nieves,Fabricando Fantasías
121452,Zona Ganjah,Con Rastafari Todo Concuerda
121455,"Tito ""El Bambino""",Invencible
121459,Alberto Y Roberto,Las Dos Caras De La Cumbia
121460,Timbiriche,Timbiriche Rock Show
121461,Mi Banda El Mexicano,Mi Mexico Querido
121464,Eddie Santiago,Atrevido Y Diferente
121465,A.B. Quintanilla III,From KK To Kumbia All-Starz
121466,Salsa Kids,Nadie Nos Va A Detener
121467,Reyli Barba,Reyli En La Luna
121468,Kumbia Kings,All Mixed Up - Los Remixes
121469,Grupo Niche,The Best
121470,Moderatto,Detector De Metal
121471,Tony Dize,La Melodia de la Calle (Remastered)
121474,Miranda!,El Disco de Tu Corazón
121475,ChiChi Peralta,Pa' Otro La 'O
121476,La Sonora Dinamita,Cumbias Para Bailar
121573,Johannes Brahms,Brahms: Hungarian Dances Nos. 1-21
121574,Amilcare Ponchielli,Favourite Ballet
121578,Anonymous,"Orchestral Music - Verdi, G. / Mozart, W.A. / Puccini, G. (Symphonic Opera)"
121579,Luigi Boccherini,"Takako Nishizaki Plays Suzuki Evergreens, Vol. 1"
121580,Nikolai Rimsky-Korsakov,Les Douze Violons de France
121584,Johannes Brahms,Brahms: Lullaby; Lullabies and Nocturne for Violin and Piano
121585,Jacques Offenbach,Offenbach - Great Recordings
121586,John Philip Sousa,Horowitz: Virtuoso Transcriptions for Piano
121589,Luigi Boccherini,Baroque Favourites
121590,"Saint Petersburg Orchestra of the State Hermitage Museum Camerata, Alexander Titov","Carmen, Suite Nos. 1, 2; L&apos;Arlésienne, Suite Nos. 1, 2"
121591,Jacques Offenbach,"Offenbach, J.: Piano Music, Vol. 2"
121595,Camille Saint-Saëns,Saint-Saens (The Best Of)
121596,Luigi Boccherini,Radiance: A Classic Wedding
121597,Johann Strauss II,Strauss II: Champagner Polka - Die schönsten Polkas / Best Loved Polkas
121598,Jacques Offenbach,Offenbach: Les Contes d'Hoffmann - Highlights
121603,Johannes Brahms,"Brahms: Symphony No. 4, Hungarian Dance No. 5"
121604,The Jane Austen Era,The Jane Austen Era
121607,Johann Strauss II,"Strauss Ii, J. / Strauss I, J.: Waltzes / Polkas / Radetzky-March"
121608,Léo Delibes,Classic Experience II
121609,Johannes Brahms,Brahms: Hungarian Dances
121610,Juventino Rosas,Latin American Classics
121613,Sergei Rachmaninoff,Rachmaninov: Piano Concerto No. 3 & Rhapsody On a Theme of Paganini
121614,Ion Ivanovici,Wedding Celebrations
121615,George Frideric Handel,A Baroque Feast
121616,Léo Delibes,Fête de la Musique - French Composers
121619,London Festival Orchestra,"Bizet: Carmen, Opera Suite"
121620,Giuseppe Verdi,"The Three Tenors in Concert, 1994 (Live)"
121621,Ronald Binge,"Binge: Elizabethan Serenade, Scottish Rhapsody & Other Works"
121628,Johann Strauss II,"Strauss II: Waltzes, Polkas, Marches and Overtures, Vol. 1"
121710,Kate Bush,Hounds Of Love
121717,Scorpions,Stranger Things (Soundtrack from the Netflix Original Series)
121795,Pink Floyd,A Momentary Lapse of Reason
122057,Radiohead,OK Computer OKNOTOK 1997 2017
122305,Danger Mouse,Aquamarine (feat. Michael Kiwanuka)
122306,Broken Bells,We're Not In Orbit Yet…
122307,Sam Cohen,Slow Fawn
122308,Elf Power,Soft Trash
122309,Gaz Coombes,Sonny The Strong
122310,Cut Worms,Dream Most Wild
122311,Reverend Baron,From Anywhere
122312,The Shortwave Set,Replica Sun Machine
122313,Danger Mouse,"Because (feat. Joey Bada$$, Russ, and Dylan Cartlidge)"
122314,Danger Mouse,No Gold Teeth
122315,Mark Ronson,Bird Calling
122316,Cool Calm Pete,These Daze
122317,The Du-Rites,Bay B. MoMa
122318,Jordan Max,End Of An Era
122319,Josephine Philip,We Get Lost And Found
122355,Boards of Canada,The Campfire Headphase
122356,Paolo Nutini,Caustic Love
122357,Zero 7,Simple Things
122359,David Gray,White Ladder
122361,Kings of Convenience,Declaration Of Dependence
122363,Nouvelle Vague,3
122364,Morcheeba,Big Calm
122367,Damien Rice,O
122368,Joshua Radin,We Were Here
122369,Paolo Nutini,These Streets
122373,Jack Johnson,On And On
122374,Lemon Jelly,LemonJelly.ky
122376,Sons Of The East,Already Gone
122382,George Ezra,Staying at Tamara's
122384,Moby,Play
122385,Mac DeMarco,This Old Dog
122387,Villagers,Spotify Sessions
122388,Jack Johnson,Instant Karma: The Amnesty International Campaign To Save Darfur
122390,Jack Johnson,From Here To Now To You
122394,Nick Mulvey,First Mind
122395,Unknown Mortal Orchestra,II
122403,The Paper Kites,Woodland
122406,Jack Johnson,"Jack Johnson & Friends: Best Of Kokua Festival, A Benefit For The Kokua Hawaii Foundation"
122409,Khruangbin,Texas Sun
122411,Kings of Convenience,Riot On An Empty Street
122414,Kingswood,"After Hours, Close To Dawn"
122417,José González,Stay Alive
122420,Xavier Rudd,White Moth
122428,Jack Johnson,Brushfire Fairytales
122432,Paolo Nutini,Last Night In The Bittersweet
122435,Paolo Nutini,Sunny Side Up
122437,Milky Chance,Mind The Moon
122454,Manfred Mann Chapter Three,Manfred Mann Chapter Three
122455,Bonobo,Animal Magic
122463,DOPE LEMON,Honey Bones
122675,Pereza,Algo para Cantar
122685,Pereza,Animales
122690,Dani Martín,Lo Que Me Dé la Gana
122697,Silvio Rodríguez,Mariposas
122701,Ratones Paranoicos,Inyectado de Rocanrol
122703,Fernando Delgadillo,Sesiones Acústicas
122713,Fernando Delgadillo,Desde la Isla del Olvido
122724,Hank Williams,40 Greatest Hits
122774,Interpol,The Other Side Of Make-Believe
122789,Pyotr Ilyich Tchaikovsky,Most Relaxing MOVIE Music in the Universe
122793,Jeremiah Clarke,The Ultimate Wedding Album
122794,Johann Strauss II,"Strauss Ii, J.: Edition - Vol. 22"
122795,Georges Bizet,Bizet: Carmen Suites; L'Arlésienne Suites
122799,Johannes Brahms,"Hungarian Dances / Waltzes, Op. 39"
122800,George Frideric Handel,Handel : The Best of Handel
122805,Pyotr Ilyich Tchaikovsky,Tchaikovsky: Swan Lake (Complete Ballet)
122806,Johann Strauss II,Strauss : Valses & Polkas
122807,Camille Saint-Saëns,Saint-Saëns: Carnival of the Animals - Prokofiev: Peter and the Wolf
122808,Edward Elgar,"English Fantasia: Vaughan Williams, Delius & Elgar"
122818,Luigi Boccherini,"Boccherini: Guitar Quintets, Vol. 3"
122819,Antonín Dvořák,Dvorak
122820,Ludwig van Beethoven,Fantasia 2000
122823,Léo Delibes,Delibes: Coppélia
122824,Luigi Boccherini,Pachelbel: Canon / Mozart: Eine kleine Nachtmusik / Albinoni: Adagio
122825,Francisco Tárrega,Francisco Tárrega: Homenaje a Francisco Tárrega
122826,Richard Strauss,"Strauss: Also sprach Zarathustra, Op. 30; Don Juan, Op. 20; Le Bourgeois Gentilhomme: Suite, Op. 60 - Sony Classical Masters"
122828,Hans Christian Lumbye,"Lumbye: Complete Orchestral Works, Vol. 1"
122829,Aaron Copland,"Copland: Appalachian Spring; Lincoln Portrait; Fanfare; Rodeo, etc."
122830,Johann Sebastian Bach,Bach: Greatest Hits
122831,Edvard Grieg,Grieg: Works for Solo Piano (The LittleVoxBox Edition)
122848,Bunbury,Hijos del pueblo
122849,ANAVITÓRIA,Lisboa-Madrid
122885,Snarky Puppy,Bet
122893,Athletic Progression,Athletic Progression
123143,Blue,Best Of Blue
123200,Christian Nodal,Ya No Somos Ni Seremos
123201,Los Plebes del Rancho de Ariel Camacho,2 Veces
123202,Christian Nodal,La Sinvergüenza
123206,Juanes,Más Futuro Que Pasado
123208,Juan Gabriel,Juan Gabriel - 40 Aniversario
123317,Intocable,Contigo
123318,Joan Sebastian,Afortunado
123408,Bizarrap,"Quevedo: Bzrp Music Sessions, Vol. 52"
123665,Julión Álvarez y su Norteño Banda,Que Te Vaya Bien
123766,Joe Hisaishi,Howl's Moving Castle Soundtrack
123767,Ennio Morricone,Morricone 60
123768,Michael Giacchino,Up
123772,Joe Hisaishi,My Neighbor Totoro Soundtrack Collection
123774,Michael Giacchino,Inside Out
123775,Howard Shore,The Hobbit - The Desolation Of Smaug
123776,Philippe Sarde,Deux hommes dans la ville
124012,Imagine Dragons,Mercury - Acts 1 & 2
124357,Giuseppe Verdi,Verdi: Aida
124358,Nora Mercz,Flute and Harp
124360,Aram Khachaturian,"Khachaturian : Gayaneh, Masquerade & Spartacus [Excerpts]"
124363,Ludwig van Beethoven,"The Complete National Anthems of the World (2019 Edition), Vol. 4"
124364,John Philip Sousa,Sousa's Greatest Marches
124365,Joseph Haydn,Work From Home With Haydn
124366,Giuseppe Verdi,Verdi: Opera Choruses & Ballet Music
124369,Sergei Prokofiev,David Bowie narrates Prokofiev's Peter and the Wolf & The Young Person's Guide to the Orchestra
124371,Slovak Radio Symphony Orchestra,"National Anthems Of The World, Vol. 2: Cambodia - France"
124372,Jeremy Siepmann,The Instruments Of The Orchestra
124375,Camille Saint-Saëns,"Saint-Saëns: Symphony No. 3 ""Organ Symphony"", The Carnival of the Animals, Danse macabre & Bacchanale from Samson and Delilah"
124376,Richard Hartley,Princess Caraboo
124377,Clive Richardson,KPM 1000 Series: Marchtime USA / Hollywood Heyday
124378,Henry Purcell,"Purcell, Simpson, Adson, Holborne, Brade, Clarke: Old English Brass Music"
124381,Camille Saint-Saëns,Prokofiev: Peter and the Wolf; Saint-Saens: Carnival of the Animals; Britten: The Young Person's Guide to the Orchestra
124382,Erich Kunzel,Chiller
124542,Joaquín Sabina,Enemigos Intimos
124545,Luis Eduardo Aute,Alevosia
124547,Francisco Céspedes,Vida Loca
124554,Pablo Alborán,Tour Terral
124567,Luz Casal,Como la flor prometida
124568,Nacha Pop,El Momento
124574,Sidonie,Lo Más Maravilloso
124578,Joan Manuel Serrat,En Transito
124581,Joan Manuel Serrat,Cada Loco Con Su Tema
124585,Joan Manuel Serrat,La Paloma
124587,Joan Manuel Serrat,El Sur También Existe
124588,Joan Manuel Serrat,El Simbolo y el Cuate
124597,Joaquin Sabina y Viceversa,Esencial Joaquin Sabina
124614,Kevin Johansen,Kevin Johansen + The Nada + Liniers: Vivo En Buenos Aires
124617,Joaquin Sabina y Viceversa,Sabina 70
124619,Pala,El Siglo del Loro
124626,Coque Malla,Mujeres
124627,El Último De La Fila,Insurreccion (En Directo)
124651,Rosana,8 Lunas
124657,Rozalén,En Los Márgenes
125120,Los Ángeles Azules,Esto Sí Es Cumbia
125140,Elton John,The Lockdown Sessions
125952,Xoel López,Me Cuesta Tanto Olvidarte
125958,No Te Va Gustar,Otras Canciones
125976,Pablo Milanés,Pablo Querido
125993,Pedro Guerra,Pedro Guerra 20 Años Libertad 8 (En Directo)
125996,Alberto Cortez,Castillos en el aire
126006,Kiko Veneno,Puro Veneno
126140,Kiko Veneno,Echate Un Cantecito
126141,Guillem Roma,Alguna Cosa Se Nos Está Escapando
126152,Bacilos,Sinverguenza
126157,Bacilos,Bacilos
126184,El Kanka,El Día de Suerte de Juan Gómez
126201,Ludovico Einaudi,In A Time Lapse
126202,Ludovico Einaudi,Una Mattina
126204,Ludovico Einaudi,Underwater
126216,Ludovico Einaudi,Islands - Essential Einaudi
126219,Ludovico Einaudi,Divenire
126220,Ludovico Einaudi,Undiscovered
126221,Ludovico Einaudi,Seven Days Walking
126224,Ludovico Einaudi,Elements
126226,José González,Veneer
126227,José González,Local Valley
126230,José González,El Invento
126231,José González,Head On
126232,Zero 7,The Garden
126234,José González,The Secret Life Of Walter Mitty
126260,Maroon 5,V - Deluxe
126362,Johann Sebastian Bach,"Bach: Cello Suites Nos. 1, 5 & 6"
126410,Charly García,Piano Bar
126413,Cardellino,Siento por Ciento
126414,Spinetta Y Los Socios Del Desierto,Spinetta y los Socios del Desierto
126417,Jorge Drexler,Vaivén
126419,El Kanka,El Arte de Saltar
126420,Charly García,Tango 4
126428,Pablo Milanés,"En Vivo en Argentina, Vol. 1"
126430,Charly García,Parte De La Religion
126432,Resistiré 2020,Resistiré
126440,Charly García,Clics Modernos
126450,Charly García,Unplugged
126464,Wolfgang Amadeus Mozart,Mozart: Horn Concertos Nos. 1-4
126465,Karoly Botvay,"Vivaldi, A.: The 4 Seasons / Sinfonias, Rv 112, 132, 149 and 169"
126466,Sergei Prokofiev,Prokofiev: Peter and the Wolf; Classical Symphony Op.25; March Op.99; Overture Op.34
126467,Wolfgang Amadeus Mozart,"Mozart: Symphonies Nos. 29, K.201; 33, K.319; 35, K.385 ""Haffner""; 38, K.504 ""Prague""; 41, K.551 ""Jupiter"""
126468,Johann Sebastian Bach,"Bach: Chaconne, BWV 1004 - Suite, BWV 996 - Partita, BWV 1006a & Prelude, Fugue and Allegro, BWV 998"
126469,Joseph Haydn,"Mozart, Haydn: Piano Concertos"
126470,Alan Hovhaness,"Hovhaness, A.: Symphony No. 2 ,""Mysterious Mountain"" / Prayer of St. Gregory / And God Created Great Whales (Seattle Symphony)"
126471,Gustav Mahler,"Mahler: Symphony No. 1 in D Major ""Titan"" & Adagio from Symphony No. 10 in F-Sharp Minor"
126472,Sergei Prokofiev,Prokofiev: 7 Symphonies; Lieutenant Kijé
126473,Arctic Monkeys,The Car
126483,Queen,Face It Alone
126484,Blur,13
126485,Josh Ritter,The Historical Conquests of Josh Ritter
126486,Penguin Cafe Orchestra,A History
126487,La Maravillosa Orquesta del Alcohol,¿Quién Nos Va a Salvar?
126488,Bright Eyes,"I'm Wide Awake, It's Morning"
126493,Travis,The Man Who
126494,Francis White,Francis White
126496,Billie The Vision & The Dancers,Best Of
126499,Pedro Aznar,Mil Noches y un Instante
126500,Elvis Presley,From Elvis in Memphis
126504,Lucio Dalla,Dalla
126506,Wilco,Yankee Hotel Foxtrot
126513,Nacho Vegas,Resituación
126551,Marc Streitenfeld,Robin Hood (Original Motion Picture Soundtrack)
126553,John Debney,The Princess Diaries
126561,Rachel Portman,The Cider House Rules (Original Score)
126562,Justin Hurwitz,First Man (Original Motion Picture Soundtrack)
126566,Nicola Piovani,Caro Diario un Film Di Nanni Moretti
126567,Lennie Niehaus,The Bridges Of Madison County Original Sound Track
126572,George Fenton,You've Got Mail
126573,Johan Söderqvist,Kon Tiki (Original Motion Picture Soundtrack)
126574,Rachel Portman,Chocolat (Original Motion Picture Soundtrack)
126575,John Barry,Dances With Wolves - Original Motion Picture Soundtrack
126580,Thomas Newman,Finding Nemo
126718,The Mothers Of Invention,We're Only In It For The Money
126729,The Byrds,Sweetheart Of The Rodeo
126841,Connor Price,Spinnin
126920,Panteon Rococo,Compañeros Musicales
126921,Panteon Rococo,A la Izquierda de la Tierra
126922,Panteon Rococo,Panteón Rococó
126926,Panteon Rococo,Ejército de Paz
126929,Panteon Rococo,Viernes de Webeo
126931,Panteon Rococo,El Último Ska
126939,Juanes,Origen
126940,Juanes,La Vida Es Un Ratico
126942,Sebastian Yatra,Chica Ideal
126943,Guaynaa,Rompe Rodillas
126944,Ghetto Kids,Tra Tra Tra Remix
126946,Matisse,Tres
126947,Siddhartha,00:00
126948,Siddhartha,Únicos
126951,Siddhartha,El Vuelo del Pez
126952,Siddhartha,Náufrago
126955,Siddhartha,Al Aire (En Vivo)
126956,Siddhartha,MEMORIA FUTURO
126961,Siddhartha,Brújula
126965,A.B. Quintanilla III Y Los Kumbia Kings,Lo Mejor De...
126967,A.B. Quintanilla III Y Los Kumbia Kings,Shhh!
126968,Sabo Romo,Rock en Tu Idioma Sinfónico
126969,Kazz (Los Amantes de Lola),Rock en Tu Idioma Sinfónico
126970,Aterciopelados,"Rock En Tu Idioma Sinfónico, Vol.2 (En Vivo)"
126971,La Unión,Rock en Tu Idioma Sinfónico
126973,La Lupita,"Rock En Tu Idioma Sinfónico, Vol.2 (En Vivo)"
126974,Ana Bárbara,Color Esperanza / Sólo le Pido a Dios
126975,Sabo Romo,"Rock En Tu Idioma Sinfónico, Vol.2 (En Vivo)"
126976,Sabo Romo,La Ruta del Tentempié (Versión Sinfónico)
126977,Sabo Romo,"Rock En Tu Idioma, Eléctrico"
126979,Andrea Echeverri,"Rock En Tu Idioma, Eléctrico"
126980,Cala (Rostros Ocultos),Rock en Tu Idioma Sinfónico
126981,Adriel Favela,Señalado por Costumbre
126982,Adriel Favela,Así Tocó Mi Vida
126983,Adriel Favela,Lágrimas De Miel
126985,Adriel Favela,Miami Vibe
126987,Adriel Favela,Maldito
126988,Adriel Favela,Al Millón
126989,Adriel Favela,EL BO
126990,Adriel Favela,444 X Tipo Need For Speed
126991,Adriel Favela,Cosas Del Diablo
126994,Nanpa Básico,Canela
126995,Charles Ans,Smile
126996,La Loquera,LQRA Session #5
126997,Nanpa Básico,Los No Tan Tristes
126999,Allison,Memorama
127000,Allison,Allison (Edición Especial)
127003,Allison,Todo Está Encendido
127006,Allison,120 Km/Hr.
127059,Los Claxons,"Centro, Sur Y Al Otro Lado"
127061,Los Claxons,Maldita Felicidad
127062,Porter,Las Batallas
127067,Sofía Reyes,Mal De Amores
127068,The Change,Hora Loca
127069,Morat,506
127071,Mon Laferte,La Trenza
127072,Pablo Alborán,+ Es + - El Concierto / En Directo En El Estadio Vicente Calderón / 2017
127079,Antonio Orozco,Llegará
127080,Juanes,Mis Planes Son Amarte
127081,Juan Gabriel,Los Dúo - Colección Completa
127086,Santana,La Flaca (feat. Juanes)
127363,Weezer,2000s Throwbacks Vibes
127386,Banda Sinaloense MS de Sergio Lizárraga,Tusa y Tequila
127399,Joan Sebastian,Tequilazo Llorón
127410,Stevie Wonder,The Definitive Collection
127421,The Rolling Stones,Country
127423,Elton John,Diamonds - Deluxe
127435,Black Sabbath,Greatest Hits
127449,Owl City,Ocean Eyes
127461,Elvis Presley,The King of Rock 'n' Roll: The Complete 50's Masters
127467,Alex Fernández,Sigue la Dinastía
127468,Manuel Carrasco,La Cruz Del Mapa
127492,Elton John,Hold Me Closer
127494,Elton John,After All
127496,Elton John,Diamonds
127497,Elton John,To Be Continued...
127500,Elton John,Love Songs
127502,Elton John,Sleeping With The Past
127507,Gilberto Gless,Yo Primero la Amé
127517,Los Concorde,Región 4
127518,Mijares,Rompecabezas
127580,Antonio Vivaldi,Vivaldi: Concertos for Strings
127584,Jacques Offenbach,Wedding Celebrations
127585,Johann Strauss II,Der Zigeunerbaron
127587,Luigi Boccherini,The Italian Album
127591,Johann Strauss II,"Strauss Ii, J.: Edition - Vol. 47"
127592,Johannes Brahms,Brahms: 21 Hungarian Dances
127598,Camille Saint-Saëns,Saint-Saëns: Organ Symphony; Bacchanale; Danse Macabre; Carnaval des Animaux
127599,Antonín Dvořák,The Dvorák Album
127602,Léo Delibes,Classical Music 101
127608,Johann Strauss II,"Johann Strauss II Waltzes, Polkas & Overtures"
127622,Lacashora,Dow Cabin
127625,George Harrison,Brainwashed
127626,Vinícius de Moraes,Vinicius de Moraes en Argentina (Edición 50 Aniversario)
127627,a-ha,Take On Me
127628,Natalia Lafourcade,"Giralunas, Un Homenaje a L.E.Aute"
127629,Enrique Santos Discépolo,"Enrique Santos Discepolo ""El poeta del tango"" - Bs As Tango -"
127631,Badfinger,No Dice
127632,The Honeydrippers,"The Honeydrippers, Vol. 1"
127634,Kasabian,For Crying Out Loud (Deluxe)
127635,Jon Boden,About Time
127636,Rita Lee,"Aqui, Ali, Em Qualquer Lugar"
127637,Carlos Gardel,El Album De Oro De Carlos Gardel
127638,Loquillo,Heroes De Los 80
127639,Jaime Roos,Estamos Rodeados
127640,Los Fabulosos Cadillacs,Fabulosos Calavera
127642,Vicentico,Último Acto
127643,Soda Stereo,Zona de Promesas (Mixes 1984 - 1993)
127644,Javier Calamaro,Este Minuto
127645,El Cuarteto De Nos,Raro
127647,Vieja Trova Santiaguera,La Manigua
127648,The Cure,Disintegration
127649,Jaime Urrutia,"¿Dónde estás? (feat. Bunbury, Andrés Calamaro y Loquillo)"
127650,Señor Mostaza,Podemos Sonreir
127651,Jarabe De Palo,Adelantando
127652,Les Luthiers,Lo Mejor\Peor de Les Luthiers
127653,Leiva,Nuclear
127654,Jumbo,Manes
127662,Paul McCartney,Uncle Albert/Admiral Halsey / Too Many People
127663,Sam Fender,Wild Grey Ocean
127664,Young the Giant,American Bollywood: Acts III & IV
127665,Imagine Dragons,Bones
127666,AWOLNATION,We Are All Insane
127667,MGMT,11•11•11
127668,The Beach Boys,All This Is That / Carry Me Home / You Need A Mess Of Help To Stand Alone
127669,Taylor Swift,Anti-Hero (feat. Bleachers)
127670,Juanes,Amores Prohibidos
128362,Young the Giant,American Bollywood
128397,Diles que no me maten,La Vida De Alguien Más
128481,David Bowie,Aladdin Sane - 2013 Remaster
128483,The Parlor Mob,And You Were A Crow
128484,The Black Moods,Sunshine
128485,Steve Miller Band,The Joker
128487,Queens of the Stone Age,Villains
128500,Axero,Summer Is Our Ecstasy
128504,BoomBox,Visions of Backbeat
128505,Soda Circle,Romantic Deep House
128508,Polo & Pan,Dorothy
128512,Hayden James,We Are Your Friends - Music From The Original Motion Picture
128515,Patrick Lite,Close To Me
128516,Ehrling,No Worries
128522,PAX,Electric Feel
128523,Freischwimmer,Ain't No Mountain High Enough
128525,Ferreck Dawn,Louisiana
128526,Me & My Toothbrush,Drop That EP
128527,Courier,San Francisco
128528,PLÜM,ICARUS
128529,Alok,Hear Me Tonight
128532,Ehrling,You Say
128533,Sigala,Brighter Days
128535,Purple Disco Machine,Dished (Male Stripper)
128542,Vintage Culture,Human (Remix)
128543,Pyramid,The Hall
128545,Vantage,Metro City
128547,Sterkøl,Out Of This Town
128548,Ehrling,Last Time
128549,Ehrling,Thokoloshi
128553,ItaloBrothers,Summer Air
128554,David Keller,Wildlife / Blütenstaub
128558,R3HAB,Freak
128559,Loud Luxury,Nights Like This
128560,Polo & Pan,Ani Kuni
128561,Bakermat,Madan (King)
128562,Ehrling,Sunshine
128565,Kungs,Layers
128568,Bufi,Crackles
128572,Tatiana,Los Reyes Magos
128747,The Beach Boys,The Beach Boys' Christmas Album
128755,Bleeker,Erase You
128758,Cory Weeds,Just Coolin'
128759,Tate Jackson Trio,Jazz at Night
128760,Jan Harbeck Quartet,Woodwind
128761,Immanuel Wilkins,The 7th Hand
128762,Enj Society,Here And Now
128763,Carl Winther Trio,Relaxin'
128764,Walt Weiskopf,European Quartet: Diamonds and Other Jewels
128765,Sebastian Gahler,Two Moons
128766,Fredrik Kronkvist,Theme for Leon
128767,Mason Embry Trio,It's You I Like
128768,Armel Dupas Trio,Habanera
128769,Bill Charlap Trio,I'll Know
128770,Owen Broder,"Hodges: Front and Center, Vol. 1"
128771,Triosence,Quiet Sense (feat. Paolo Fresu)
128772,David Hazeltine,If I Should Lose You
128773,Harry Allen,My Reverie by Special Request
128774,Mareike Wiening,Future Memories
128775,Jakob Dreyer,"Songs, Hymns and Ballads, Vol. 1"
128776,Hans Ulrik,A Nightingale Sang In Berkeley Square
128777,Gathering in Jazz,Straight Road
128778,ARTEMIS,Song For Abdullah
128780,Claudio Jr De Rosa,I Wish You Met Her
128781,Joonas Tuuri Quartet,Dimensions
128782,Örjan Hultén Orion,Shifting Ground
128913,John Fogerty,The Blue Ridge Rangers
128955,Dire Straits,Dire Straits
128975,Lupe Fiasco,The Show Goes On
129092,Nathan Francis,Diamond Back
129093,Wynton Marsalis,Standard Time Vol. 3: The Resolution Of Romance
129094,Massimo Faraò Trio,How My Heart Sings
129095,Lorenzo Tucci,Happy end
129096,Echoes of Swing,Travelin'
129097,Joachim Kühn,Love & Peace
129098,Bill Charlap,Plays George Gershwin: The American Soul
129099,Richard Baratta,Pure Imagination
129100,Esbjörn Svensson Trio,E.S:T. Tuesday Wonderland
129101,Mark Sherman,My Other Voice
129104,Alfio Origlio,Absyrations
129106,Aldo Romano,Mélodies en noir & blanc
129107,Rolf Kühn,Yellow + Blue
129109,Fthmlss,Antiphon
129110,CRFT,Reflections
129111,Tojo McBee,Isolate
129112,Wilczynski,Elevator Jazz
129113,Vandenberg,Sonnen Diamant
129114,Finlep,Hitchhiking
129115,Carol Maddox,Sail For Toumain
129116,Luna Grove,Hidden
129117,TMBM,Ambre
129118,Argun North,White Sands
129119,Sergei Baronin,Woods
129120,Jourdain Hume,Même Dans La Mort
129121,Samuel Kahn,Les Yeux Noisette
129122,Laura Di Vaio,ti manchi
129123,R.B James,Let Me Reach That Mountain
129124,Lavelle Barber,Seed of Perfection
129125,paniyolo,Riso
129126,Marino Calle,Alegría
129127,Aurelius Schmidt,Sandrina
129128,Serilda Bell,Apex
129129,Celia Cloten,Hou Van Me
129130,Remy Simon,Perso nell'eternità
129131,Juan Jose Moreno,El Viaje
129132,Pete Harris,Share My Burden
129133,August Wilkes,Estranged
129134,Aiday Ainur,Afgangurinn
129135,Jules Scott,Pluto
129136,Donatella Monza,A Night In Toledo
129137,Alexa Popov,Daydreaming
129138,Thaisa Deboys,De temps en temps
129139,Freda Barton,Dartden Road
129140,John A. Nilson,Tarregas Bodega
129141,Jacob Ledger,Emilia
129142,Timothy Reiger,Doing Better
129143,Evergreen Dream,This Time Tomorrow
129144,Séraphine Crépin,Le minuit glacé
129145,Henrik Janson,Milano
129146,Agustín Amigó,Blue Something
129147,a sound for you,Madeline
129148,Ryan Judd,Into the Mist
129150,Las Lagrimas,Cadiz
129152,Rafaela Moreno,La Cascata
129153,Marcio Philomena,Echo Park
129155,Andrei Smirnova,Cast Away
129156,Alina Hussain,Misty Midnight
129157,Finlep,Farewell Summer
129158,Helen Wei,Lonely Prayer
129159,Novia Stella,Davinci
129160,Andreas Horschel,Strange Trails
129161,Zinning,Livandi
129162,Alexa Popov,The Longing
129163,Philip Grass,passing memories
129164,Enzo La Mattina,Il Tramonto
129165,Mino Lawrence,Droplets
129166,Nelson Gomes,Valsa e Vinho
129167,Fleur Onora,Illuminé
129168,Ciara Lowry,Dunmore
129169,Hugh Blake,Cherished
129170,Tom Ellenhag,Aspromonte
129171,Carla Rego,Nuovi inizi
129172,Andreas Borkental,Kohala
129173,Robert Lowe,It's a Small World After All
129174,Maria Isabel Ferrer,Salamanca
129175,Toni Barella,Nantucket
129176,Armand Beck,The Longest Night
129177,Alexander Wurzler,Morgenstund
129178,Yasmine Cothran,The Lost And Found
129180,Carla Rego,Ewigkeit
129181,Andrew Gialanella,Haven
129182,Bonno Neo,Brouillard épais
129183,Enrique Granados,Dedicatoria
129184,Dean M Parker,River of Regisfield
129185,Ale Imke,Aegean
129186,Philip Grass,Dream by day
129187,Africa Levine,Along The River Bed
129188,Azur,Dorival
129189,Duo Acoustica,The Apple
129190,Jacob Collier,Never Gonna Be Alone (Alternate Versions)
129191,Alicia Rey,"Nadales de sofà, Vol. II"
129192,Vulfpeck,Schvitz
129193,OBESES,"Rosó, pel teu amor"
129194,Sam Shackleton,Scottish Folk Ballads of Freedom
129195,Alonestar,Raise Em Up [Ellington House Remix]
129196,Weezer,SZNZ: Winter
129197,Chuck Prophet,The Age of Miracles
129198,Daniele Silvestri,S.C.O.T.C.H. Ultra Resistant Edition
129199,Ivan Ferreiro,Confesiones de un artista de mierda
129205,Remy Simon,Moon Hearts
129206,Simon Fjällström,Vaggande Vind
129207,Blythe Davidson,Gambrels of the Sky
129208,Diego de Frigiliana,Anavilhanas
129210,Leonardo Agusti,Believe
129212,Kenji Takahashi,Amai Hi
129213,Elson Complex,Solitude
129214,Agustín Amigó,Swatches
129215,Freda Barton,Severance
129216,Philip Grass,Stolen Moments
129217,Adone Alleva,Nascondiglio
129218,Dieter Huber,Adrienne
129219,Vita Alexander,im Schatten
129220,Brett Williams,Poetic Tale
129221,Geoff Henzel,Lovelight
129223,Alexa Popov,Restless Sea
129226,Kim Rodgers,The Lighthouse
129227,Daniela Petrová,Am ende
129228,Pavel Bittová,Porto Fino
129230,Liad Abraham,The River Song (Dream Nr. 1)
129233,Joseph Cline,Falling For You
129234,Antoine Gasquet,Pacifiquement
129238,Ciara Lowry,Gap of Dunloe
129239,Emanuel Nord,Light Touch
129240,Mia Cornell,Natural State
129241,Joseph Cline,Daylight
129242,a sound for you,Kaelyn
129243,Vincenzo Adelini,Silver Light
129244,Lester Hope,Havana Vieja
129246,Robert de Visée,Aranjuez
129247,Johann Sebastian Bach,Humanity
129248,Xuefei Yang,Danny Boy
129249,Johann Sebastian Bach,"Bach: The Goldberg Variations, BWV 988"
129250,Camille Saint-Saëns,Songs from the Arc of Life
129251,Erik Satie,Emotions
129252,Claude Debussy,Debussy Piano Edition
129253,Valentin Silvestrov,Bagatellen und Serenaden
129254,Valentin Silvestrov,"Takemitsu, Hindemith, Janáček, Silvestrov: Five Pieces"
129255,Konstantia Gourzi,II. floating leaf
129256,Olga Scheps,Melody
129257,Johann Sebastian Bach,"J.S. Bach: Herz und Mund und Tat und Leben, Cantata BWV 147: Jesu, Joy of Man’s Desiring (Transcr. Hess for Piano)"
129258,Rachel Portman,ask the river
129259,Rosey Chan,Sonic Apothecary
129260,William Grant Still,Citizen
129261,Johann Sebastian Bach,"Bach: Prelude in B minor, BWV 855a (Arr. by Alexander Siloti)"
129262,Jean Sibelius,Sibelius
129263,Sergei Rachmaninoff,"Rachmaninoff: 12 Songs, Op. 21: V. Lilacs (Transcr. Rachmaninoff for Solo Piano)"
129264,Philip Glass,"Philip Glass: Glassworlds, Vol. 4 – On Love"
129265,William Walton,This is the Day: Music on Royal Occasions
129266,Carlos Cipa,"Correlations B-Sides (on Yamaha Upright, 1981)"
129267,Gabríel Ólafs,The Lily
129268,Robert Schumann,"Schumann: Kinderszenen, Op. 15: Träumerei (Arr. Lewin for Guitar)"
129269,Johann Sebastian Bach,Bach: Goldberg Variations: Variation 1 (Arranged for Harp)
129270,Claude Debussy,Debussy: Bruyères
129271,Joep Beving,Losar
129272,Ola Gjeilo,Seasons
129273,Luciano Berio,Liszt Inspections
129274,Leo Brouwer,En Otra Parte
129275,Gabriel Fauré,Fauré: Dolly Suite; Nocturnes; Barcarolles; Impromptus
129276,Maurice Ravel,Ravel: Complete Works for Solo Piano
129277,Albéric Magnard,Magnard: Orchestral Works
129278,Johann Sebastian Bach,Bach and Beyond
129279,Stephan Moccio,Fracture
129280,Krzysztof Penderecki,Penderecki: Sinfoniettas - Oboe Capriccio
129281,Alexander Scriabin,Scriabin: 24 Preludes - Sonatas Nos. 4 & 10
129282,Johannes Brahms,Volodos Plays Brahms
129283,Jean-Philippe Rameau,"Rameau, Ólafsson: The Arts and the Hours"
129284,Adolphus Hailstork,Hailstork: Orchestral Music
129285,Arnold Schoenberg,Schoenberg: Notturno for Strings and Harp
129286,Franz Schubert,Tchaikovsky: Piano Concerto No. 1
129287,Frédéric Chopin,"1846, dernière année à Nohant - Chopin: Cello Sonata; Piano Works"
129288,Alexis Ffrench,Walk With Us
129289,Claude Debussy,"Debussy: Suite bergamasque, L. 75, 3. Clair de lune"
129290,Sigvaldi Kaldalóns,Kaldalóns: Ave María (Arr. Víkingur Ólafsson)
129291,David Arden,Luciano Berio - The Complete Works For Solo Piano
129292,Frederick Delius,"ENGLISH STRING MINIATURES, Vol. 4"
129293,Gabriel Fauré,Sheku Kanneh-Mason
129294,Robert de Visée,Sarabande
129295,Edvard Grieg,"Wonderland - Edvard Grieg: Piano Concerto, Lyric Pieces"
129296,Ludovico Einaudi,Natural Light
129299,MEDUZA,Piece Of Your Heart
129301,DJ Who,Good Times (feat. Triciq)
129334,J.J. Cale,Grasshopper
129508,Johann Strauss II,"STRAUSS II, J.: Edition - Vol. 10"
129509,Francisco Tárrega,Tarrega: Complete Works for Guitar
129510,Wolfgang Amadeus Mozart,Piano Favorites
129517,Ludwig van Beethoven,Beethoven Greatest Hits
129529,Modest Mussorgsky,Mussorgsky: Pictures at an Exhibition
129533,Wolfgang Amadeus Mozart,Mozart: Nozze Di Figaro (Le) (The Marriage of Figaro)
129556,The Kinks,"Lola Versus Powerman and the Moneygoround, Pt. 1"
129590,Danny Ocean,@dannocean
129591,Ovy On The Drums,Miedito o Qué? (feat. KAROL G)
129621,Gerson Lizama,Monte de Fuego
129622,Poetics of Memory,A Quiet Haven
129623,Las Penas,Lilac
129624,John A. Nilson,Mediterranean Rain
129625,Bill Valentino,Adjacent
129626,Gerson Lizama,Dawn in the Alps
129627,Sun Guitar,Odoacer
129628,Art Davis,On the Yorkshire Moors
129629,Lester Paredes,Girasoles para ti
129630,Fei Kura,Rubato
129631,Lester Paredes,La Casa Azul
129632,Brad Barr,THE WINTER MISSION
129633,Dimash B,Moments
129634,Frederic Dupont,Iara
129635,Elijah Stone,Raconteur
129636,Derek Shearer,Clinton Hill
129637,Serilda Bell,Moment Of Fire
129638,R.B James,Grab My Hand
129639,Airha,Delilah
129640,Ken Verheecke,A Dream of Green
129641,Lullaby Texture,Dulces Sueños
129642,Knut Bjørnar Asphol,Wilderness Exit
129643,Fabian Lombardi,Eminence
129644,Lo Larsen,The Good Choice
129645,Toledo Heights,A Few Reasons
129646,Robert Dahlström,Gryning
129647,Nuria Polanka,Melibea
129648,Iris Dauphin,Dans l'air de la nuit
129649,Georg Gardner,Live Forever
129650,Michael Reiss,Lange Sommernächte
129651,Laurent Ruaud,Pillow Hymn
129652,Andrew Gialanella,Wayside
129653,Maisy Anderson,Sweet Sister
129654,Loulou Metellus,Una Nueva Frontera
129655,Julia Quirós,Romeo
129656,Josephine Forrester,Taller Than Trees
129657,Manuel Gonza,Al Final Del Camino
129658,Marina Portier,Brume Silencieuse
129659,Aveline Bisset,Fragile Dreams
129662,Matthew Everwood,Above the vast forest
129663,Combo Cadre,Combo Cadre
129664,Lilou Asola,11 rue Beauvau
129666,Adriana Aloysius,Dusk
129667,Elmer Soulé,La Sete D'Amore
129668,Olle Linder,Nada que perder
129669,Jürg Kindle,Harmony
129670,Amma Lerato,eye of the beholder
129672,Cordell Zoe,Sunday Breeze
129673,Graciela Flores,Origen
129674,Fabian Lombardi,The Bird's Nest
129675,Kari Peterson,A Single Rose
129676,Zinning,E perto do anoitecer
129677,Thomas Luna,Yellow Rain
129678,Henry Auguste,San Sebastian
129680,Camilo Branca,Salzburger Winter
129681,Josiah Mitchell,Portalegre
129682,Marino Calle,Endless Sun
129683,Emil Dahl,In Madeira
129684,Ryan Judd,Never to Return (Celestial Guitar)
129685,Andrew Gialanella,Plain Sight
129686,Gunni Møller,Vinterdans
129687,Luth,Tierra del Fuego
129688,Maria Isabel Ferrer,Ouarzazate
129690,Pavel Bittová,Pas de regrets
129691,Manuel Boltano,Nostalgia
129692,Wolfgang Vrecun,"Modern Classical Guitar, Vol. 2"
129693,Rick Alexander,Spring Song
129694,Tyle,Hérésie
129695,Agustín Amigó,Days of Rain
129696,Constance Timon,Too Gentle
129697,Loulou Metellus,Here On My Own Again
129699,Valerio Castilla,Senza Fine
129700,Dawa Sherpa,Unsung Heroes
129701,Ulrich Steier,Goodbye
129702,Dionisio Aguado,Aguado Study in E Minor
129703,Michèle Courbis,Today Tomorrow Forever
129704,Tim Philis,Sunset In Alcudia
129705,Liam Stoler,Satellites
129706,Los Suculentos,Rosales
129708,Azur,Deep Blue Sea
129709,Matthew Everwood,Homage
129712,Knut Bjørnar Asphol,A Shadow of Something Beautiful (Classical Version)
129713,American Legion,Showers of Peace
129715,Leonardo Agusti,Ferreyra
129716,Ros Gilman,Coming Home
129717,Laura Di Vaio,The Sun Terrace
129719,Riley Howe,Night in Sevilla
129721,Tommy Berre,Pink Sky
129722,Marino Calle,Mistelbach
129723,Marino Calle,Monteverde
129724,Toni Barella,To The Moon
129725,lili may,Liberty Citadel
129729,Ava Olivia Bailey,Rolling Hills
129731,Valerio Castilla,Savoca
129733,Marta Jobim,Passing Rain
129734,Mia Pandosa,Wishing It Was So
129738,Lo Larsen,Fear Is Far Away
129740,Marcel Depuis,Largo Rv. 443 For Guitar
129741,Ivan Bielsa,Struck By Clouds
129742,Ron Well,Intimation
129744,Liv Ronge,Kenopsia
129745,Felix Trapp,Die Wanderbiene
129746,Rafaela Moreno,Cinque Terre
129749,Homero Alvarez,Luz de Aurora
129750,Alexa Popov,Deep End
129753,Álvaro Mondo Fernández,Winter In Tarifa
129754,Mélissa Blakesley,A primeira vez
129817,Steve Davis,Correlations
129818,Thomas Agergaard,The Great Belonging
129819,Andy Sheppard Quartet,Romaria
129820,Ola W Jansson,Days Of Wine And Roses
129822,Roy Hargrove,Nothing Serious
129825,Triosence,Hidden Beauty
129826,Yelena Eckemoff,Blooming Tall Phlox
129827,Ben Flocks,Mask of the Muse
129829,Thomas Sejthen Trio,This Is Our Year
129830,Jan Harbeck Quartet,Lighter Shades
129831,Karl-Martin Almqvist,Believe
129833,Ibrahim Maalouf,Wind
129835,Jimmy Forrest,Pick Yourself Up
129837,Bill Evans,You Must Believe In Spring
129838,John Rae,Where the Wild Clematis Grow
129839,Marcus Gilmore,Stride
129841,Terence Blanchard,The Comedian
129842,Denis Gäbel,Mood
129844,Claude Debussy,Cello Moods
129846,Maria Theresia von Paradis,Reverie
129847,Max Richter,The Blue Notebooks
129848,Ludovico Einaudi,Emotions
129849,Anonymous,Mischa Maisky - Song of the Cello
129850,Gabriel Fauré,"Faure, G.: Music for Cello and Piano"
129851,Alexander Glazunov,Cello Moods
129852,Julia Kent,Delay
129853,Frédéric Chopin,"Chopin: Cello Sonata / Polonaise Brillante, Op. 3 / Grand Duo"
129854,Anja Lechner,Flow
129855,MJ Cole,Cathedral
129856,Franz Schubert,Schubert: Songs without Words
129857,Franz Schubert,"Schubert: Im Abendrot, D. 799 (Transcr. for Cello and Piano)"
129858,Anja Lechner,Vague / E la nave va
129861,Charles Gounod,Songs from the Arc of Life
129862,Frédéric Chopin,Chopin: Music for Concentration
129863,Ludovico Einaudi,Eden Roc
129864,Manuel de Falla,Manuel de Falla - Great Recordings
129865,Amy Beach,"4 Sketches, Op. 15: III. Dreaming"
129866,Agnes Obel,Myopia
129867,Vincenzo Bellini,Cellopera
129868,Sheku Kanneh-Mason,Myfanwy (Arr. for Solo Cello)
129869,Domenico Monleone,Classic
129870,Doug Kaufman,Elva
129871,Louise Farrenc,French Cello Sonatas
129872,Challem,Santosha
129873,Lil Yachty,Let’s Start Here.
129977,Grupo Marca Registrada,Si Fuera Fácil
130016,Oma Holt,Telodice
130020,Juliana Gonsales,Cuando Duermes
130062,Leo Vara,Bordeaux
130067,Maria Isabel Ferrer,Reminiscent Of Us
130068,Alexa Popov,Winterland
130069,Kaspar Mann,Ordino
130072,Luna Grove,Nostalgia
130073,Sounds Of Our Home,Grateful
130074,Luca Tudela,Carry Me
130075,Albert Wenmo,Mineral
130077,Esmeralda Torres,Onyx
130079,Kathekon,Lavender
130081,Oma Holt,Arrow Point Port
130083,Dawn Geller,Les Ondes
130085,Elke Meyer,Amfora
130086,Gabriel Femi,Moondust
130091,Antonio Garcia Isaac,Elegia
130095,Jan Wanninger,It's All For You
130096,Samuel T. Wesley,Guitar Serenade
130097,Riley Howe,Akturu
130103,Alexas Lucio,Maybe Tomorrow It Will Change
130104,William Lynn,Vorfreude
130106,Elle Vorink,Situatie
130107,Benjamins Friend,Stairs
130109,Floritatura,Someday
130110,Dieter Huber,Mare
130111,Leon Arms,Little Brook
130318,Ray LaMontagne,I Was Born To Love You
130319,AHI,Until You
130321,Joy Oladokun,in defense of my own happiness
130322,Mipso,Edges Run
130323,SYML,You and I
130324,The Milk Carton Kids,Prologue
130326,Drew Holcomb & The Neighbors,Without a Light
130327,Jill Andrews,Thirties
130330,Ocie Elliott,What Remains
130331,The Staves,Nothing's Gonna Happen
130332,Donovan Woods,"Hard Settle, Ain't Troubled"
130333,Joy Williams,Front Porch
130334,The Paper Kites,Roses
130335,Gregory Alan Isakov,This Empty Northern Hemisphere
130336,Richy Mitch & The Coal Miners,Laramee
130337,Shannon Lay,Living Water
130338,William Fitzsimmons,Acoustic Sessions
130340,Valerie June,You And I
130341,Ruston Kelly,Shape & Destroy
130342,Joan Shelley,The Spur
130343,Henry Jamison,Gloria Duplex
130344,Bonny Light Horseman,California
130345,Avi Kaplan,All Is Well Feat. Joy Williams
130346,Ian Noe,River Fools & Mountain Saints
130347,Aoife O'Donovan,B61
130348,Caamp,Square One
130349,Noah Kahan,Stick Season
130350,Paris Paloma,It's Called: Freefall
130351,Emily Scott Robinson,Traveling Mercies
130352,Jack Van Cleaf,Fruit from the Trees
130465,The Brother Brothers,On The Road Again
130466,Anna Mieke,Idle Mind
130467,Joshua Burnside,Into the Depths of Hell
130468,Lydia Luce,Sausalito
130470,Jensen McRae,My Ego Dies At The End
130472,Kelly McFarling,Water Dog
130473,Down Like Silver,Broken Coastline
130474,Lizzy McAlpine,five seconds flat
130475,Craig Cardiff,Goodnight (Go Home)
130477,Haux,All We've Known
130479,Ira Wolf,Sunscreen
130480,Henry Jamison,I Forget Myself (feat. Darlingside)
130481,Joshua Burnside,Higher Places
130483,Peter Bradley Adams,My Arms Were Always Around You
130485,Wild Rivers,Sidelines
130486,River Whyless,Monoflora
130528,Ricchi E Poveri,Ricchi E Poveri - Grandi Successi
130532,Arthur Alexander,Anna (Go To Him)
130536,Jeroen van Veen,"Tiersen: ""Pour Amélie"" Piano Music"
130537,Nicola Piovani,Canto di primavera
130568,Passenger,Simple Song
130570,The Sweet Remains,Laurel & Sunset
130572,Sunny War,Simple Syrup
130573,Rose Cousins,Bravado
130575,Bre Kennedy,Note to Self
130579,Bahamas,Sad Hunk
130580,Wild Child,Going In
130582,Brandi Carlile,In These Silent Days
130584,Susie Suh,The Bakman Tapes
130589,The Paper Kites,On the Train Ride Home
130590,Austin Basham,You and Me for Now
130591,Andrea von Kampen,That Spell
130592,Lorkin O'Reilly,Twist
130593,Glen Hansard,Between Two Shores
130595,The White Buffalo,"Darkest Darks, Lightest Lights"
130598,Abigail Lapell,Getaway
130600,Matt Hartke,Gold
130601,Eddie Berman,Before the Bridge
130604,Trixie Mattel,Trixie Mattel: Moving Parts (The Acoustic Soundtrack)
130606,Peter Bradley Adams,Little Flower
130607,Marc Scibilia,Good Times
130608,Kina Grannis,In the Waiting
130611,Lord Huron,13 Reasons Why
130612,André Verchuren,Double d'or : du Paso au Tango
130613,Stefano Corradi,Love Routes (Romantic Accordion Ballads in Rome)
130614,Daniel Colin,Passion Gitane
130616,Marcel Azzola,Et ça tournait - Anthologie de la chanson musette
130617,Claudio Ranalli,Fantastica Fisarmonica 16 Beguine
130618,Marcel Loeffler,Source Manouche
130619,Enrique Ugarte,Enrique Ugarte: Valse Musette De Paris
130620,Enrique Ugarte,Café Musette
130621,Yvette Horner,Valse Musette
130622,Ralf Gscheidle,Accordion World
130624,Richard Iacona,Local Color
130627,Mick Flannery,Mick Flannery
130630,Quiet Arrows,Year of the Cartographer
130631,Jamestown Revival,A Field Guide to Loneliness
130632,Tall Heights,"Holding On, Holding Out"
130634,Sera Cahoone,Up to Me
130636,Zach Bryan,Something in the Orange
130637,Meadows,The Only Boy Awake
130640,Anaïs Mitchell,Anaïs Mitchell
130641,Joshua Hyslop,In Deepest Blue
130642,Jason Isbell and the 400 Unit,Reunions
130643,Wild Child,Sinking Ship / Back & Forth
130644,Hozier,Swan Upon Leda
130645,Lori McKenna,Numbered Doors
130647,Sumbuck,Weekend
130648,Julian Taylor,The Ridge
130655,Pretenders,Last of the Independents
130656,Linda Ronstadt,Cry Like a Rainstorm Howl Like the Wind
130657,Prince,The Gold Experience
130658,Bill Medley,LOVE
130659,Hello Seahorse!,Mun Compilado (Vol. 2)
130661,Mijares,Mis Mas Grandes Éxitos
130663,Matisse,Un Nuevo Amor
130664,Ricky Martin,Otra Noche en L.A.
130665,Ricky Martin,Tiburones
130669,Little Jesus,Se Fue
130670,Pehuenche,Brillando
130672,Benny,Ximena Sarinana & Benny / Frente a Frente
130674,Alejandro Sanz,No Tengo Nada
130675,Alejandro Santamaria,Encima De Mil
130677,Alejandro Fernández,Eso Y Más
130678,Shakira,Donde Estan Los Ladrones
130679,Mon Laferte,Que Se Sepa Nuestro Amor
130680,Los Claxons,Quería Volverte a Ver
130683,Madame Récamier,Bailemos Lento
130684,Alex Cuba,Solo Mía
130685,Leonel García,El Fin del Mundo / El Mejor Hombre Que Hay
130686,Carla Morrison,Déjenme Llorar
130687,Nacho Cano,El Lado Femenino
130688,Ricky Martin,A Medio Vivir
130689,Zoé,Rocanlover
130691,Franco De Vita,Franco De Vita En Primera Fila
130692,Fran,Sempiterno
130694,Natalia Lafourcade,Mi manera de querer
130696,Flans,Flans
130697,Miley Cyrus,Flowers
130698,Meghan Trainor,Takin' It Back
130700,Harry Styles,Harry's House
130702,Sam Smith,Gloria
130703,Lewis Capaldi,Forget Me
130704,Adele,30
130705,Miley Cyrus,Plastic Hearts
130707,Masove,Believe
130708,Tyla Jane,BLUEPRINT
130709,Laura Marano,BAD TIME GOOD TIME
130710,ELIO,Can You Hear Me Now?
130711,David Guetta,I'm Good (Blue)
130712,Stephen Sanchez,Evangeline
130713,Harry Styles,Fine Line
130714,Miley Cyrus,Younger Now
130715,Griff,Head on Fire
130717,Miley Cyrus,The Time Of Our Lives - International Version
130718,Marshmello,Leave Before You Love Me
130722,Natalie Jane,Crazy
130726,Alexander Jean,The Way You Move
130728,Taylor Swift,Wildest Dreams (Taylor's Version)
130732,Lizzo,Special
130733,Manuel Turizo,De 100 a 0
130734,Black Coffee,Subconsciously
130735,PAAX (Tulum),Sera El Sol (Mixed)
130736,MonoJack,Roda
130737,Rampa,You Are Safe
130738,Alex Galvan,Unison EP
130739,Juan Magán,Amanecer
130740,Elport,Mamacita
130741,Peso Pluma,PRC
130742,Arcángel,Sr. Santos
130744,Rvssian,Nostálgico
130745,Seppe & Gama,¿QUE ESPERAS BEBE? REMIX
130746,Ozuna,OzuTochi
130747,Mora,CALENTÓN
130748,J Alvarez,Si Me Dejas
130749,Numa y Baruck,Caribe Mix Reggaeton
130751,Ryan Castro,Jordan
130752,Justin Timberlake,FutureSex/LoveSounds
130753,Eminem,The Marshall Mathers LP
130754,JAY-Z,The Blueprint 3
130758,Eminem,Relapse: Refill
130760,T.I.,Paper Trail
130780,Noah Cyrus,The Hardest Part
130783,Taylor Swift,folklore: the long pond studio sessions (from the Disney+ special) - deluxe edition
130786,Ghost,Meliora
130967,Gioachino Rossini,Rossini: A Monument of Classics
130975,Bob Dylan,"Fragments - Time Out of Mind Sessions (1996-1997): The Bootleg Series, Vol. 17 (Deluxe Edition)"
130976,Bob Dylan,"Fragments - Time Out of Mind Sessions (1996-1997): The Bootleg Series, Vol. 17"
130977,Pete Seeger,If I Had a Hammer: Songs of Hope and Struggle
130978,Dolly Parton,Trio
130982,Taylor Swift,Midnights
130984,Taylor Swift,1989
130987,Taylor Swift,reputation
130990,Taylor Swift,Lover
130991,Taylor Swift,Love Story (Taylor’s Version)
130993,Taylor Swift,Red (Taylor's Version)
130996,Taylor Swift,Speak Now
131002,Taylor Swift,Fearless (Taylor’s Version): The I Remember What You Said Last Night Chapter
131018,Taylor Swift,Mr. Perfectly Fine (Taylor’s Version) (From The Vault)
131021,Taylor Swift,Fearless (Taylor's Version)
131024,Taylor Swift,This Love (Taylor’s Version)
131025,Taylor Swift,Red
131152,Maverick City Music,Kingdom Book One
131155,Alabama Shakes,Always Alright
131203,Neil Diamond,50th Anniversary Collector's Edition
131505,Watchhouse,New Star
131508,Dead Horses,My Mother the Moon
131510,Aisha Badru,The Way Back Home
131512,Caiola,Only Real When Shared
131515,Ken Yates,Consolation Prize
131517,Rosie Carney,Bare
131518,Humbird,Pharmakon
131521,Darlingside,Extralife
131523,1969 Collective,Fatal Line
131525,Tré Burt,Sweet Misery
131527,Big Thief,Dragon New Warm Mountain I Believe In You
131528,Patrick Watson,Lost With You
131530,Old Sea Brigade,Call Me When You Land
131535,Leif Vollebekk,Long Blue Light
131536,John Moreland,Birds in the Ceiling
131539,The Avett Brothers,The Third Gleam
131540,Caroline Spence,True North
131851,Daniel Colin,French Cafe Music
131855,Claude Bolling,Bolling Rampal - Suite for Flute and Jazz Piano Trio
131856,Sherwood Roberts,Beginnings (Deluxe)
131858,Babik Reinhardt,Babik joue Django
131861,Dominik Scherrer,Agatha Christie's Marple (Music from the Television Series)
131862,Michael Giacchino,Monte Carlo
131863,Daniel May,"Fourth Floor: Ladies Shoes (As Featured In ""Breaking Bad"") (Original TV Series Soundtrack)"
131866,Stephane Wrembel,Bistro Fada
131867,Kris Bowers,Green Book (Original Motion Picture Soundtrack)
131868,Gabriel Yared,Si tu voyais son cœur (Bande originale du film)
131869,Craig Armstrong,Love Actually (Original Motion Picture Score)
131870,Oakwood Station,Since We Met
131871,Django Reinhardt,Peche A La Mouche
131872,Ninine Garcia Quintet,Nouvelle vie
131878,Anthony King,1960s Cool Jazz
131879,Justin Hurwitz,Whiplash (Original Motion Picture Soundtrack)
131880,Coffee House Instrumental Jazz Playlist,愛犬と共に過ごす暖かい冬の日
131881,Craig Sharmat,Paris Nights: French Gyspy Jazz
131882,"Harry Connick, Jr.",Music From The Motion Picture When Harry Met Sally...
131883,Stephan Noel Lang,Echoes
131884,Gary Grant,An Affair To Remember (Original Soundtrack Recording)
131888,The Sweetgreens,Moon River
131889,Tohpati,Bias
131890,Alfonso de Vilallonga,La Librería (The Bookshop) - Banda Sonora Original
131891,Ola W Jansson,My Favorite Things
131892,Jazz for Autumn,Curl Up with Relaxing & Laid-back Autumnal Jazz Vibes
131894,Benny Goodman Sextet,Small Groups: 1941-1945
131896,Si Zentner,The Swingin’ Eye
131898,Relaxing Jazz Nights,Fantastic Ambiance for New Year Spirits
131899,Kat Edmonson,Cafe Society (Original Motion Picture Soundtrack)
132494,Eladio Carrion,3MEN2 KBRN
132505,WILLOW,ARDIPITHECUS
132532,Arcángel,Sigues Con El (Remix)
132575,Dromedarios Mágicos,Subcampeón
132616,Gaetano Donizetti,Donizetti: Essential Recordings
132686,Yandel,Yandel 150
133077,Don Omar,The Fast And The Furious: Tokyo Drift
133081,Don Omar,King Of Kings
133082,Don Omar,iDon
133186,Carin Leon,Que Vuelvas
133187,Carin Leon,Primera Cita
133188,Carin Leon,El Malo
133191,Carin Leon,Pedazo De Tonto
133192,Grupo Frontera,un x100to
133193,KURT,No Te Olvido
133194,Carin Leon,No Es Por Acá
133195,Carin Leon,Cura Local
133197,Carin Leon,Encerrados Pero Enfiestados Vol. 1
133200,La Arrolladora Banda El Limón De Rene Camacho,Irreversible... 2012
133201,Régulo Caro,CicatrIIIces
133203,Régulo Caro,En Estos Dias
133204,Pepe Aguilar,Pepe Aguilar te Acompaña en Navidad
133207,Intocable,14 Grandes Exitos
133208,La Arrolladora Banda El Limón De Rene Camacho,Gracias Por Creer
133211,Omar Ruiz,Algo Leve
133217,Kevin Ortiz,Con la Misma Sangre
133218,El Coyote Y Su Banda Tierra Santa,Decimo Aniversario
133219,El Coyote Y Su Banda Tierra Santa,La Más Completa Colección
133251,St. Paul & The Broken Bones,Half The City
133252,St. Paul & The Broken Bones,Sea of Noise
133253,St. Paul & The Broken Bones,Young Sick Camellia
133254,St. Paul & The Broken Bones,Angels In Science Fiction
133255,St. Paul & The Broken Bones,Oporto-Madrid Blvd
133256,The Teskey Brothers,Half Mile Harvest
133258,The Teskey Brothers,Live at the Forum
133281,The Teskey Brothers,Run Home Slow
133334,The Teskey Brothers,Palm Beach - Original Motion Picture Soundtrack
133335,The Dip,The Dip | OurVinyl Sessions
133336,Malted Milk,"Love, Tears & Guns"
133339,The Teskey Brothers,Forever You and Me
133340,TEEKS,The Grapefruit Skies
133341,Marcus King,El Dorado
133342,Luke Winslow-King,If These Walls Could Talk
133344,Durand Jones & The Indications,American Love Call
133345,The Teskey Brothers,This Will Be Our Year
133348,JD McPherson,"The Warm Covers EP, Vol. 2"
133349,The Meltdown,The Meltdown
133353,Ray LaMontagne,Till The Sun Turns Black
133355,Jordan Mackampa,Come Around EP
133356,The Dip,Sticking With It
133357,The Teskey Brothers,Oceans Of Emotions
133360,James Hunter,People Gonna Talk
133361,JJ Grey & Mofro,Country Ghetto
133363,Charley Crockett,Lonesome as a Shadow
133364,Jonny P,Good To You
133368,North Mississippi Allstars,Set Sail
133370,Foy Vance,Thank You For Asking
133371,St. Paul & The Broken Bones,The Alien Coast
133372,Leif Vollebekk,New Ways
133375,The Teskey Brothers,Never Tear Us Apart
133376,Foy Vance,The Wild Swan
133377,Lake Street Dive,Side Pony
133397,The Teskey Brothers,London Bridge
133413,Langhorne Slim,Lost At Last Vol. 1
133417,Justin Townes Earle,Nothing's Gonna Change The Way You Feel About Me Now
133418,Eric Lindell,Revolution In Your Heart
133419,Aretha Franklin,This Girl's in Love with You
133420,Langhorne Slim,The Spirit Moves
133430,Lake Street Dive,Bad Self Portraits
133431,John Craigie,Asterisk the Universe
133432,Jamestown Revival,Utah
133438,Hiss Golden Messenger,Heart Like a Levee
133442,Bahamas,Pink Strat
133443,Foy Vance,From Muscle Shoals
133444,Bonnie Raitt,Streetlights
133449,Ryan Adams,Easy Tiger
133551,Giacomo Puccini,Spirito Italiano
133553,Giuseppe Verdi,The Pavarotti Edition
133554,Georges Bizet,The World's Favourite Tenor Arias
133555,Luciano Pavarotti,A Song to Remember
133619,Gaetano Donizetti,Donizetti: L'Elisir d'Amore
133632,SYML,The Day My Father Died
133910,John Mayall & The Bluesbreakers,Blues Breakers
134378,Bad Bunny,WHERE SHE GOES
134379,Junior H,El Azul
134380,Yng Lvcas,La Bebe
134382,Eden Muñoz,Abcdario
134383,Natanael Cano,AMG
134384,Junior H,El Hijo Mayor
134385,Oscar Maydon,Fin de Semana
134386,Peso Pluma,Por las Noches
134387,Becky G,CHANEL
134388,Fuerza Regida,TQM
134389,Shakira,Acróstico
134390,Yahritza Y Su Esencia,Frágil
134391,Chino Pacas,El Gordo Trae El Mando
134393,Fuerza Regida,Pa Que Hablen
134394,KAROL G,MAÑANA SERÁ BONITO
134395,Cartel De Santa,Shorty Party
134396,Peso Pluma,Las Morras
134397,Natanael Cano,Pacas De Billetes
134398,Feid,CLASSY 101
134399,Fuerza Regida,Sigan Hablando
134400,Peso Pluma,Rosa Pastel
134401,Junior H,El Tsurito
134402,El Chachito,En Paris
134404,Eslabon Armado,DESVELADO
134405,Yandel,Resistencia
134406,Oscar Maydon,Los Collares
134407,ROSALÍA,RR
134408,Bizarrap,"Shakira: Bzrp Music Sessions, Vol. 53"
134409,Kenia OS,K23
134411,Chino Pacas,Dijeron Que No La Iba Lograr
134412,Ovy On The Drums,EL HECHIZO
134414,Luis R Conriquez,El Gavilán
134415,Manuel Turizo,2000
134416,Junior H,Mi Vida En Un Cigarro 2
134418,Peso Pluma,Siempre Pendientes
134419,Peso Pluma,77
134421,Yuridia,Pa' Luego Es Tarde
134422,Grupo Frontera,No Se Va
134423,Grupo Marca Registrada,Don't Stop The Magic
134424,Jonas Brothers,Jonas Brothers
134431,Julión Álvarez y su Norteño Banda,"De Hoy En Adelante, Que Te Vaya Bien"
134437,Julión Álvarez y su Norteño Banda,Tu Amigo Nada Más
134506,The Drifters,Up on the Roof: The Best of the Drifters
134507,The Drifters,Save the Last Dance for Me
134549,New Bohemian Musical Orchestra,Broadway Dreams
135237,Adrián Berenguer,Beyond
135242,John Smith,The Fray
135245,Ira Wolf,The Closest Thing to Home
135251,Brandon Jenner,Burning Ground
135257,Hiss Golden Messenger,Hallelujah Anyhow
135260,Meadowlark,Dual
135261,Jake Xerxes Fussell,Good and Green Again
135264,Matt Hartke,London's Song
135267,David Kushner,Miserable Man
135269,Aoife O'Donovan,Age of Apathy
135290,Pitbull,Globalization
135292,J.Walker of TLD,Lit
135293,Bryce Vine,Lazy Fair
135294,Migos,Culture II
135297,LuvZego,Moon Boy
135298,Sigma,Nobody To Love
135299,Ross Victory,Bisexual Daze
135301,Mac Miller,K.I.D.S.
135302,Lil Kapow,BLACKOUT
135303,Robbie Williams,Take The Crown
135304,Kenndog,Drip Like ME
135305,Aminé,Good For You
135306,Lil Wayne,I Am Not A Human Being II
135307,DaBaby,KIRK
135308,USHER,Here I Stand
135309,Nick Fine,Seance
135310,ScHoolboy Q,Oxymoron
135312,Gucci Mane,Evil Genius
135313,J-Kwon,Hood Hop
135317,BØRNS,Electric Love
135318,Yo Gotti,I Still Am
135319,F.ACE,Fell Off (Grinding)
135320,Trey Songz,"Passion, Pain & Pleasure"
135322,JACKBOYS,JACKBOYS
135323,Nick Fine,How I Feel
135326,Olly Alexander (Years & Years),Desire
135328,Natema,Ibiza 2015
135330,Deep Chills,Sax on the Beach 2
135334,Max the Sax,New Day
135337,Glass Cristina,Kings of Nowhere
135338,Midnight Generation,Weekends
135343,Ehrling,Elephant in the Room
135345,Gioachino Rossini,La Isla De Los Sonidos
135347,Kormak,Love On The Line
135349,Kolombo,Best of Loulou Records 2017
135355,Nicky Romero,Future Funk (Radio Edit)
135357,Shiny Goose,Amnesia
135367,Cherokee,Sampled Moods
135369,Sander W.,Four-Part Harmony EP
135373,Ehrling,Hurt Me (feat. WILHELM)
135375,Solomun,Dance Baby
135380,Ehrling,Baai
135386,Dimitri Vegas & Like Mike,Higher Place
135390,Midnight Generation,Alive
135393,Balduin,Wimudo
135394,The Rapture,Sister Saviour
135396,Midnight Generation,Wrong Call
135397,Møme,Møment II
135399,Chemical Surf,I Wanna Do
135403,Pyramid,We Are Your Friends
135404,Deep Chills,Maya Bay
135406,Armin van Buuren,Blah Blah Blah EP
135408,Sons Of Maria,Take It to the Beat
135411,Michael FAY,South Beach Sax
135414,Jebase,Tropical Fruits
135421,Oliver Dollar,Pushing On
135423,Nicolas Jaar,Significant Others
135424,Jealous Friend,Wanna Say Hi
135429,JR Serpent,The Best Of: Jr Serpent (2017 -2019)
135430,Deep Chills,Parrot Cay
135435,Solomun,Kackvogel
135439,Young Franco,About This Thing - Remixes
135442,Maroon 5,Wait
135451,Dimitri Vegas & Like Mike,Say My Name
135459,Midnight Generation,Calling You
135462,Big Wild,Touch (Poolside Remix)
135464,Breakbot,Another You
135622,La Garfield,Love Paraíso
135624,Caloncho,Bálsamo
135625,Caloncho,Buen Pez
135626,Caloncho,Palmar
135629,Caloncho,Superdeli
135630,Caloncho,Bésame Morenita
135632,Caloncho,Fruta
135637,Caloncho,Medusa
135638,Caloncho,Bien del puerco
135645,Carlos Sadness,Diferentes Tipos de Luz
135648,Juanes,Vida Cotidiana
135649,Eddie Chacon,Sundown
135650,jame minogue,Santiago
135769,Little Jesus,Río Salvaje
135770,Los Amigos Invisibles,Arepa 3000
135771,Lilly Yan,Paraíso
135772,Indios,Besos en la Espalda
135773,El Zar,La Declaración
135774,Cimafunk,Terapia
135775,Orquesta Discotheque,Música Moderna
135776,Isla de Caras,Chango
135779,Marte,Fugaz
135780,Los Amigos Invisibles,The New Sound of the Venezuelan Gozadera
135781,No Te Va Gustar,Comida
135782,Jungle Fire,Jungle Fire
135783,Floridablanca,Hay frases que sólo escuchamos de noche
135784,Cimafunk,El Potaje
135785,Rubytates,Bajo las Luces
135786,Diamante Eléctrico,Leche de Tigre
135787,Los Rivera Destino,Maldita Cachá
135923,Los Amigos Invisibles,Cool Love
135924,Solo Fernández,Multicolor
135926,Juan Pablo Vega,Despídeme De Todxs
135927,Rawayana,Trippy Caribbean
135929,Juan Pablo Vega,JUAN PABLO VEGA
135930,Setenta,Funky Tumbao
135932,Cheo,Sorpresa
135936,Primavera Club,Dorama
135938,Alfredo Rodriguez,El Llamado
135940,Marte,Cliché
135941,Moncho Berry,Zoo Lion
135943,Diamante Eléctrico,Mira Lo Que Me Hiciste Hacer
135945,Surfistas Del Sistema,Dicen
135946,CLUBZ,Templos
135947,Cheo,Música para verse bien
135948,Noah Pino Palo,muero x ti
135951,Technicolor Fabrics,Bahía Santiago
135952,Rubytates,Dejarte Ir
135953,Wet Baes,Youth Attraction
135954,Rawayana,Cuando Los Acéfalos Predominan
135956,Cocofunka,CAMALOVE
135957,Black Sugar,"Joe Bataan's Latin Soul Party: Black Sugar, Coco Lagos Y Sus Orates, Lu Logia Sarabanda & Joe Bataan"
135958,La Garfield,Tu y Yo
135959,NATHY PELUSO,Calambre
135960,Molinette Cinema,Cuando Regreses a Mí
135961,Los Pericos,Soundamerica
135963,Noah Pino Palo,Morena
135969,Diamante Eléctrico,Buitres & Co.
135970,Ferraz,Fino
135971,Little Jesus,Disco de Oro
135976,Los Tetas,Latin Funk All-Stars
135977,Illya Kuryaki & The Valderramas,Leche
135978,ACHKIRIK,Estamos Locos
135979,Ferraz,Latin Boogie
135980,Surfistas Del Sistema,SOS
135981,La Garfield,Óyeme Bien
135982,Clément,Chick Bromea
136055,Zach Webb,Found
136056,Noah Kahan,Spotify Singles
136059,M. Ward,supernatural thing
136060,Angelo De Augustine,The Ballad of Betty and Barney Hill
136065,Gregory Alan Isakov,Appaloosa Bones
136080,Feist,Multitudes
136214,Billy Mack,Love Actually (Original Motion Picture Score)
136229,Giacomo Puccini,Puccini: Turandot (Highlights)
136295,Cantares,"Quédate Señor Conmigo, Vol. 1"
136310,Jhené Aiko,Sail Out
136319,José Alfredo Jimenez,Eterno
136368,Miley Cyrus,Endless Summer Vacation
136479,Richard Wagner,Wagner: Das Rheingold
136541,Caloncho,Malvadisco
136543,Caloncho,Regalo
136545,Lefty Sm,Tocando Arena
136546,Chicano Batman,Háblame / Corazón De Roca
136547,Caloncho,Medio Oriente
136549,Rosario Ortega,Otro Lado
136552,Caloncho,PA
136555,Caloncho,Shulaguapa
136557,Esteman,Todos Quieren Ser Un Gato Jazz
136565,Caloncho,Wacha Checa
136567,Carlos Sadness,Semilla Negra
136573,Los Master Plus,Adelante (Versión Deluxe)
136576,Elsa y Elmar,Rey
136579,Caloncho,Luna Completa
136581,"Daniel, Me Estás Matando",No Te Agüites
136583,Caloncho,Amor Violento
136586,Caloncho,Corazón Atómico
136587,Technicolor Fabrics,Bienvenidos
136590,Caloncho,Epitafio
136651,Zac Brown Band,The Comeback
136702,Joaquín Sabina,El Hombre Del Traje Gris
136862,The Killers,boy
136924,Alfredo Rodriguez,Coral Way
136935,Dirty South,City Of Dreams
136957,Purple Disco Machine,Hypnotized
136970,The Killers,Your Side of Town
137054,Andrea Bocelli,Amore (Version II)
137092,The Marías,Hush
137095,Lika Nova,Dame una señal
137098,We The Lion,TTT
137101,The Wookies,Pequeñines
137106,The Marías,"Superclean, Vol. II"
137113,Dstance,Debut
137116,Plastical People,Ritmo Natural
137124,CLUBZ,Cortes Modernos
137129,ACHKIRIK,Sonido Animal
137197,Renato Mares,Fields of Gold
137297,Yoss Bones,Dámelo
137304,Ferraz,Rumbo
137316,AMC Funk,Te Vas - Single
137322,MNKYBSNSS,Solar
137328,Azul de Viena,Amor x Hoy (Vuelvo a Caer)
137334,Plano,Amanece
137346,Danco,NQP (No Quiero Parar)
137352,Cazzeros,Turista
137358,C-Funk,Siempre Siempre
137371,Robin Schulz,Prayer
137373,Loud Luxury,Body
137374,Fake Blood,I Think I Like It
137389,Martin Solveig,Juliet & Romeo
137390,Wolf Krew,Opposites (feat. Databoy)
137393,Madeaux,Black Magic Woman
137398,Alex Schulz,Pictures
137405,Cassio Kohl,Legendary
137414,MK,Back & Forth
137416,Ehrling,Broken Glass
137422,CLUBZ,Destellos
137423,Portugal. The Man,Feel It Still
137425,Electric Guest,Mondo
137426,Alpine,Yuck
137429,Jupiter,Bandana Republic
137430,Jupiter,Juicy Lucy (Bonus Track Version)
137431,Paramore,Hard Times
137433,Tyler Touché,New Feelings
137434,Ofenbach,Be Mine
137435,Parcels,Overnight
137436,Kakkmaddafakka,Hus
137437,NVDES,"LA NVDITÉ, Vol. 1"
137438,Alice True Colors,Tropical Deco
137439,5 Reasons,Tales Of Love
137441,Falqo,Across the Sea
137442,Coast Modern,Coast Modern
137443,MONTMARTRE,Hope
137444,Ainslie Wills,Oh the Gold
137445,Lawrence,Breakfast
137446,The Rooks,Something You Can Take
137447,Lovespeake,DNA
137448,LA Priest,Learning To Love (Radio Edit)
137449,Tom Aspaul,Burnt Out
137451,Oliver,Full Circle
137452,Magic City Hippies,Hippie Castle EP
137453,The Motet,Totem
137454,Joe Hertler & The Rainbow Seekers,Pluto
137455,Peking Duk,Songs to Sweat to
137456,Le Flex,Kitsuné Soleil Mix by Cesare
137459,Alejandro Fernández,Dos Mundos
137460,Aleks Syntek,Leccion De Vuelo
137461,Alex Ubago,¿Qué pides tú?
137474,Johnny Clegg,The Best Of Johnny Clegg & Savuka: In My African Dream
137476,Pepe Aguilar,Desde la Azotea - Fase II
137478,Los Amigos Invisibles,Commercial
137484,Natanael Cano,El Toro Encartado - Spotify Singles
137489,Control,Cumbias Sin Control
137729,The Beatles,Yellow Submarine
137771,The Beatles,Anthology 1
137773,The Beatles,Anthology 2
138032,Groovin' Bohemia,Groovin' Bohemia
138034,Fitasha,Espabile
138039,Alex Anwandter,Precipicio
138043,Películas Geniales,La Película
138201,Richard Clayderman,Songs of Love
138450,The Beatles,Now And Then
138487,La Oreja de Van Gogh,Lo Que Te Conte Mientras Te Hacias La Dormida
138499,Jósean Log,Háblate de Mí
138545,DJ Redblack,Sarà Perché Ti Amo
138738,H.E.R.,Back of My Mind
138740,H.E.R.,Come Through (feat. Chris Brown)
138741,Hailee Steinfeld,Fifty Shades Freed - Original Motion Picture Soundtrack
138742,Lloyd,Slow Wine Bass Line (feat. Teddy Riley)
138743,Sariah,WYD (What You Doing)
138744,Roy Woods,Drama (feat. Drake)
138861,The Cactus Blossoms,One Day
139029,The Funkees,Dancing Time: The Best of Eastern Nigeria's Afro Rock Exponents 1973-77
139031,Sadistics,ザ・ベスト
139032,Skinshape,Life & Love
139033,George Darko,Rhythm On The Radio - Oval Records Singles 1974-1987
139034,The Honey Drippers,Impeach the President
139035,Ptaki,Kalina
139036,Lee Moses,Time and Place (Digitally Remastered)
139038,Bobby Oroza,This Love
139040,Dan Lacksman,The Sound Of Belgium Vol. 3
139041,Lee Fields & The Expressions,It Rains Love
139042,El Chicano,Viva Tirado
139043,El Michels Affair,Return To The 37th Chamber
139045,Kelenkye Band,Various Bilongo
139048,Mlimani Park Orchestra,Zanzibara 5: Hot In Dar (The Sound of Tanzania 1978-1983)
139049,The Daktaris,Soul Explosion
139050,Marcos Valle,Marcos Valle
139051,Khruangbin,Con Todo El Mundo
139052,LA MECANICA POPULAR,Noche triler
139053,The Budos Band,The Budos Band
139054,David Axelrod,Song Of Innocence
139056,Shigeru Suzuki,DIGGIN' VICTOR (The Compilation) Deep Into The Vaults Of Japanese Fusion & AOR selected by MURO
139057,落日飛車 Sunset Rollercoaster,Cassa Nova
139058,Azymuth,Telecommunication
139059,Jeanette,Porque Te Vas
139060,Girma Bèyènè,Mistakes on Purpose
139061,Shuggie Otis,Freedom Flight
139062,Ismael Rivera,Con Todos los Hierros: Everything But The Kitchen Sink
139064,The Mighty Imperials,Daptone Records Singles Collection: Volume 1
139065,Orquesta Harlow,Orchestra Harlow Presenta a Ismael Miranda
139066,Wizzdom,Faith Presents TK Disco
139067,The Shaolin Afronauts,Flight of The Ancients
139068,Ennio Morricone,Così come sei
139069,Robson Jorge,Robson Jorge e Lincoln Olivetti
139070,Peter Brown,Faith Presents TK Disco
139072,Dr. John,In The Right Place
139073,George darko,Highlife In The Air
139074,Charanga 76,No Nos Pararan
139075,Ajate,Abrada
139076,Joe Quaterman,Da Funk!
139077,Sudan Archives,Sudan Archives
139079,"Earth, Wind & Fire",September (sped up + slowed)
139080,Gill Scott,Da Funk!
139082,Alessi Brothers,The Best Of The Alessi Brothers
139083,Manu Chao,Próxima Estación: Esperanza
139103,Amanaz,Africa
139104,El Chicano,Painting The Moment
139105,The Natural Yogurt Band,The 13 Moons of Neptune / Satelites
139106,Tim Maia,Brasilian Fiesta
139109,Eric Burdon,Boogie Nights / Music From The Original Motion Picture
139110,Omega,10000 lépés
139111,The Sharks,You Made Me Warm (Acoustic) / You Made Me Warm
139112,Dr. John,Gris Gris
139114,El Michels Affair,Yeti Season - Deluxe Version
139116,Bloodstone,The Essentials: Bloodstone
139118,Quantic,Dog With a Rope
139119,ゼロ戦,DIGGIN' VICTOR (The Compilation) Deep Into The Vaults Of Japanese Fusion & AOR selected by MURO
139120,Marvin Gaye,Every Great Motown Hit Of Marvin Gaye
139122,Black Uhuru,The Dub Factor
139125,Sadistics,スーパー・セレクション
139126,The New Birth,The New Birth
139130,Lee Dorsey,The Essential Lee Dorsey
139131,Kourosh Yaghmaei,Back From The Brink: Pre-Revolution Psychedelic Rock From Iran: 1973-1979
139133,Karl Hector & The Malcouns,Unstraight Ahead
139134,Kokoroko,KOKOROKO
139138,Whitefield Brothers,Earthology
139139,The Budos Band,Long in the Tooth
139140,Gary Bartz,The Shadow Do!
139142,Yukari Itou,DIGGIN' VICTOR (The Compilation) Deep Into The Vaults Of Japanese Fusion & AOR selected by MURO
139144,The Natural Yogurt Band,Spectral Flux
139145,Peter Green,In the Skies
139148,The Natural Yogurt Band,Away With Meloncholy
139216,Carin Leon,Colmillo De Leche
139226,AHI,Prospect
139229,Eduardo di Capua,'O sole mio
139236,The Killers,Rebel Diamonds
139284,The Vogues,At CO & CE - the Complete Singles & More
139589,The Poets Of Rhythm,Practice What You Preach
139591,Yin Yin,The Rabbit That Hunts Tigers
139592,Joe Bataan,Salsoul
139593,Herman Kelly & Life,Faith Presents TK Disco
139594,Nu Genea,Bar Mediterraneo
139595,Serge Gainsbourg,L'Essentiel Des Albums Studio
139597,The Souljazz Orchestra,Freedom No Go Die (Remastered)
139598,John Wizards,John Wizards
139599,Bo Boss,Disco 80 Italo Hits
139600,The Mighty Imperials,Thunder Chicken
139602,Les Ya Toupas Du Zaire,Sofrito: Tropical Discotheque
139603,Candi Staton,Young Hearts Run Free
139605,Thee Lakesiders,Parachute b/w Si Me Faltaras Tu
139609,Emmanuel,Sentirme Vivo
139623,Edward Sharpe & The Magnetic Zeros,Up From Below - 10th Anniversary Edition
139690,Bobby Helms,Presenting Bobby Helms
139865,The Kinks,The Kinks Are the Village Green Preservation Society
140215,Surfistas Del Sistema,Moonlight
140217,El Tambor De La Tribu,Funky Punch
140219,Camelo,Déjate Llevar
140225,Santiago Soul,Santiago Soul
140232,Surfistas Del Sistema,En el club
140236,David Maman,Siempre En Mi Mente
140241,Urdaneta,Sintético
140249,Redemm,LIKE THAT! ⚡
140252,Mecánico,Un Espejismo
140333,Eydie Gormé,Canta En Español Con Los Panchos
140334,Julio Jaramillo,El Ruiseñor de America
140335,Agustín Lara,RCA 100 Años de Música
140336,Ibrahim Ferrer,Ibrahim Ferrer
140337,Toña La Negra,Homenaje a Agustin Lara - Toña La Negra
140339,"Germán Valdés ""Tin Tan""",Germán Valdés TIN-TAN Canciones de Sus Películas
140340,Celia Cruz,Boleros
140341,Beny Moré,RCA 100 Años De Musica
140343,Eydie Gormé,Sabor a Mí
140345,Omara Portuondo,Omara Portuondo
140346,Los Tres Caballeros,Los Tres Caballeros
140347,La Sonora Matancera,Más Ternura De La Sonora Matancera
140349,Los Tecolines,12 Grandes exitos Vol. 1
140351,La Sonora Santanera,La Gran Colección del 60 Aniversario CBS - Sonora Santanera
140352,Javier Solís,Exitos Con Trio
140355,Rolando Laserie,Todo el Tiempo...
140357,Ana Belén,Esencial Ana y Victor
140358,Alvaro Carrillo,La Coleccion Del Siglo
140359,Los Dandys,Coleccion Original
140360,Bienvenido Granda,Cuba: Bienvenido Granda
140361,Toña La Negra,Lo Mejor De Lo Mejor
140364,Trio Calaveras,El preso número 9
140365,Lucho Gatica,Por Siempre Boleros
140366,La Sonora Santanera,La Guapachosa Sonora Santanera
140367,Antonio Garcia Isaac,Guitarras Latinas
140368,Los 3 Paraguayos,"Boleros Tríos, Vol. 1"
140369,Alberto Beltran,Aunque Me Cueste la Vida
140370,Trío Siboney,"Boleros Tríos, Vol. 1"
140372,Julio Jaramillo,Sentimientos Que Duelen
140373,Olga Guillot,Olga Guillot
140374,Alvaro Carrillo,15 Exitos De Alvaro Carillo Con Sus Mejors
140376,Trio Delfines,Trio Delfines
140378,Los Tecolines,Los Tecolines: Bolero Romantico
140379,Los Jaibos,Loca Pasión
140380,Tito Rodriguez,From Tito With Love
140381,Mexican Music Factory,Boleros
140382,Trio Calaveras,RCA 100 Años de Música
140383,Luis Arcaraz Y Su Orquesta,Luis Arcaráz y Gabriel Ruíz
140384,Free,American Beauty
140418,Marxist Love Disco Ensemble,MLDE
140420,Khruangbin,The Universe Smiles Upon You
140421,Flamin' Groovies,Teenage Head
140426,Various Artists,Dengue Fever presents Electric Cambodia
140430,Roger Damawuzan,Wanted Afrobeat: From Diggers to Music Lovers
140435,Van Morrison,Bringing Out The Dead - Music From The Motion Picture
140438,Sun Rai,Pocket Music
140440,The Pro-Teens,I Flip My Life Every Time I Fly
140441,Bobby Caldwell,What You Won't Do for Love
140447,Change,Mutual Attraction (Disco Mix - Original 12 Inch Version)
140449,Sadistic Mika Band,SUPER COLLECTION ~EMI Years~
140450,Mighty Shadow,Sofrito: Tropical Discotheque
140452,Little Beaver,Faith Presents TK Disco
140454,Bobby Patterson,My Thing Is Your Thing: Jetstar Strut From Bobby Patterson
140457,James Brown,Motherlode
140459,岸正之,"TOKYO 1980s Victor Edition (The Compilation) Boogie, Funk & Modern Soul from Japan"
140461,Jean-Jacques Perrey,Moog Indigo
140462,"Jimmy ""Bo"" Horne",Faith Presents TK Disco
140465,Joe Bataan,Mestizo
140471,Speedometer,The Shakedown
140477,Sister Sledge,We Are Family
140478,Ultra Funk,Faith Presents TK Disco
140481,Darondo,Listen to My Song: The Music City Sessions
140482,Clarence Reid,Dancin' With Nobody But You Babe
140489,Jonathan Richman,Action Packed: The Best of Jonathan Richman
140491,Benis Cletin,Mr. Music / Ring of Love
140495,Kid Creole And The Coconuts,ZEtrospective 1: Dancing in the Face of Adversity
140496,Paul Lewis,Faith Presents TK Disco
140497,Jamiroquai,Emergency on Planet Earth
140499,The Real Thing,Real Thing
140500,Bobby Caldwell,Cat in the Hat
140501,Vulfpeck,Hill Climber
140502,John Tropea,Faith Presents TK Disco
140509,Foxy,Faith Presents TK Disco
140510,William Onyeabor,World Psychedelic Classics 5: Who Is William Onyeabor?
140511,The Brooks,Any Day Now
140512,Yazoo,Upstairs At Eric's
140514,Brotherhood of Man,United We Stand
140523,Talking Heads,Burning Down the House / I Get Wild / Wild Gravity
140525,Dr. John,Desitively Bonnaroo
140526,Tavares,Capitol Gold: The Best Of Tavares
140546,24 Carat Black,Ghetto: Misfortune's Wealth
140548,Polyrhythmics,Libra Stripes
140553,Sun Rai,Tarka & Friends: Life
140555,石橋和子,DIGGIN' VICTOR (The Compilation) Deep Into The Vaults Of Japanese Fusion & AOR selected by MURO
140584,Supertramp,Breakfast In America
140588,Shintaro Sakamoto,Don't Know What's Normal
140649,Alex Anwandter,Uno de nosotros (feat. Javiera Mena)
140670,DJ Who,In My Bones
140678,Nutopia,Otro Tiempo
140681,Mola Mola,Lava
140683,Jorge Prada,Volver
140690,Mi$HNRZ,Delorean
140694,Dstance,Si Fui Yo
140706,Sepia Brown,Algún Día
140733,Herencia De Grandes,Contrato A La Vida
140735,Queen,Bohemian Rhapsody
140737,Erasure,The Circus
140738,Laura Branigan,Self Control
140739,Gazebo,Portrait
140740,Modern Talking,Ready For Romance
140741,Lian Ross,The Collection
140742,Indeep,A Night to Remember
140744,Baltimora,Living In The Background
140745,Eric Carmen,Dirty Dancing: Anniversary Edition
140746,Pet Shop Boys,Discography - Complete Singles Collection
140747,P. Lion,Springtime (Deluxe Edition)
140748,P. Lion,ZYX Italo Disco Collection
140800,Cookin' On 3 Burners,Soul Messin'
140805,Kansas,Leftoverture
140822,Cutting Crew,Broadcast
141018,The Doors,American Animals (Original Motion Picture Soundtrack)
141019,Ace Frehley,American Animals (Original Motion Picture Soundtrack)
141020,Johnny Thunder,American Animals (Original Motion Picture Soundtrack)
141572,Sammy Adams,All Night Longer
141614,The Rolling Stones,Beggars Banquet
141627,John Fogerty,Centerfield – 25th Anniversary
141629,Electric Light Orchestra,Discovery
141630,Pilot,From The Album Of The Same Name
141632,The Human Beinz,Nobody But Me
141645,Elton John,Caribou
141646,Queen,Queen
141651,Raspberries,Raspberries
141652,Maxine Nightingale,Right Back Where We Started From
141740,Belbao,Habibi Funk: An Eclectic Selection of Music from the Arab World (Habibi Funk 007)
141741,Mallek Mohamed,Habibi Funk: An Eclectic Selection of Music from the Arab World (Habibi Funk 007)
141742,Freh Kodja,Habibi Funk: An Eclectic Selection of Music from the Arab World (Habibi Funk 007)
141743,Kamal Keila,Habibi Funk: An Eclectic Selection of Music from the Arab World (Habibi Funk 007)
141744,Ahmed Malek,Sans Titre / Ayonha
141745,Hamid Al Shaeri,The SLAM! Years: 1983 - 1988 (Habibi Funk 018)
141746,Ahmed Malek,Habibi Funk: An Eclectic Selection of Music from the Arab World (Habibi Funk 007)
141747,Dalton,Alech / Soul Brother
141748,Yehudit Ravitz,מיטב השירים 2
141749,HaDorbanim,קובי
141750,Gazoz,גזוז
141751,Gidi Gov,40 06
141752,Alogte Oho & His Sounds of Joy,O Yinne!
141755,The Psychedelic Aliens,Psycho African Beat
142206,ABBA,Voyage
142208,ABBA,Gracias Por La Musica
142211,ABBA,I Still Have Faith In You / Don't Shut Me Down
142220,ABBA,Ring Ring
142316,Europe,The Final Countdown (Expanded Edition)
142364,Above & Beyond,Gratitude
142368,OMA,Rapp Snitch Knishes (Live Instrumental)
142369,David Dundas,David Dundas
142370,Tears For Fears,Songs From The Big Chair
142371,a-ha,Hunting High and Low
142372,Bryan Adams,Reckless
142373,The Outfield,Play Deep
142374,Starship,Knee Deep In The Hoopla
142375,INXS,Kick
142376,Ross Lynch,Teen Beach 2
142377,Nena,Nena
142378,Billy Idol,Vital Idol
142379,The J. Geils Band,Freeze Frame
142382,Maná,The Studio Albums 1990-2011
142430,Gilbert O'Sullivan,The Berry Vest of Gilbert O'Sullivan
142467,Simple Plan,Harder Than It Looks
142468,Simple Plan,What's New Scooby-Doo?
142470,Simple Plan,Where I Belong (feat. We The Kings)
142518,Andrea Bocelli,My Love Songs (Expanded Edition)
142950,Caloncho,Tofu
142968,Caloncho,Fresh
142970,Caloncho,Ánimo
142978,Caloncho,Dime pa saber
142980,Sofía Reyes,MILAMORES
142984,Caloncho,unas acústicas
143003,Caloncho,"De día bien, de noche mal"
143102,Kings of Leon,Split Screen
143123,The Lumineers,The Leading Ladies
143275,Dromedarios Mágicos,El Rayo Vallecano
143276,León Larregui,Voluma
143279,Elsa y Elmar,Grecia
143280,Vacación,Tiempo Compartido
143282,Rawayana,¿Quién trae las cornetas?
143284,Alex Ferreira,De Verdad
143286,Simon Grossmann,Mujer Eléctrica
143288,Natalia Lafourcade,De Todas las Flores
143289,Sexy Pigeon,DAMN!
143292,PARDOPARDO,Y SI SOMOS NOVIOS???
143293,Silvestre y La Naranja,Sueño Cítrico
143295,Martox,Un Bolero
143297,Pantoja,Tan Difícil de Entender
143303,Maréh,Pa Poderte Ver
143357,George Harrison,Somewhere in England
143372,Santi Muk,notas
143378,Julieta Venegas,Tu Historia
143380,Surfistas Del Sistema,Tanta Mentira
143382,Carlos Sadness,Tropical Jesus
143385,Dawn Avenue,Anhelos
143393,Dawn Avenue,Salto de Fe
143397,Enjambre,Noches De Salón
143400,Laura Pérez,Canciones Chiquitas
143403,Rubytates,Dejarte Ir También Es Amar
143407,Luz Pinos,Café con Miel
143409,Dromedarios Mágicos,A Dónde Vamos?
143411,Comisario Pantera,Instinto Felino
143412,Anakena,Carita Feliz
143413,Silvestre y La Naranja,ANIM4LES
143418,Monsieur Periné,Encanto Tropical
143421,Shania Twain,Come On Over
143443,Steve Aoki,Invítame A Un Café
143444,Rocío Dúrcal,Sus 16 Grandes Exitos
143446,Melendi,Lágrimas desordenadas
143454,Mina,Studio Uno
143459,Bellakath,Kittyponeo
143460,Bellakath,Gatita
143464,Fonola Band,25 aprile: Festa della Liberazione
143465,Patito Feo,Las Divinas
143467,Michael Bublé,Call Me Irresponsible
143468,Hombres G,Hombres G
143472,Los Ángeles Azules,Inolvidables
143473,José Maria Napoleón,Vive
143478,Angel Y Khriz,Ven Bailalo
143480,Daddy Yankee,Barrio Fino (Bonus Track Version)
143487,Fuego,La Musica Del Futuro Reloaded (Chosen Few Edition)
143489,DJ Ötzi,Hotel Engel
143490,Ms Nina,Tu Sicaria
143497,Robbie Williams,Sing When You're Winning
143499,Pet Shop Boys,Please: Further Listening 1984 - 1986
143501,Ricardo Arjona,Historias
143664,Paul McCartney,Junior’s Farm
143666,Kings of Leon,Nothing To Do
143709,STRABE,Acid Love
143710,Fred again..,Actual Life (April 14 - December 17 2020)
143711,Jungle,Volcano
143712,Daft Punk,Homework
143713,YACHT,See Mystery Lights: Remixes & B-Sides
143714,TR/ST,Trst
143716,Tycho,Only Love (with Brijean)
143717,Kasbo,The Making of a Paracosm (Remixes Vol. 1)
143718,Polo & Pan,Mumia
143719,Peaking Lights,Mirror in the Sky
143720,Kerala Dust,Violet Drive
143721,Lewis OfMan,Sonic Poems
143723,Lauer,Make It Stay (Gerd Janson Remix)
143724,Brijean,Angelo
143725,Born At Midnite,Y o Y
143726,Mindchatter,Imaginary Audience
143727,Franc Moody,Into the Ether
143728,Brijean,Feelings
143729,Ron Basejam,Trax 3 Lascivious Summer
143730,Polo & Pan,From a World to Another
143731,Parallel Dance Ensemble,Possessions And Obsessions
143732,Polo & Pan,Caravelle
143733,Lewis OfMan,Dancy Party
143734,Mindchatter,DREAM SOUP
143735,warner case,i miss new york
143736,Daphni,Cherry
143737,The Avalanches,Wildflower
143739,Juno Francis,Symmetry
143741,Fennec,a couple of good days
143742,Okay Kaya,Watch This Liquid Pour Itself
143743,Peter Cat Recording Co.,Bismillah
143744,Kowloon,Come Over
143746,Crooked Colours,Vera
143747,Toro y Moi,Outer Peace
143748,Ryan Gosling,Barbie The Album
143937,Dromedarios Mágicos,Tu Forma
143940,Kerala Dust,"Light, West"
143943,Trent Reznor and Atticus Ross,Challengers (Original Score)
143954,Kings of Leon,Can We Please Have Fun
144017,Elvis Presley,That's All Right
144039,La Arrolladora Banda El Limón De Rene Camacho,Y Que Quede Claro
144040,La Arrolladora Banda El Limón De Rene Camacho,Ojos En Blanco
144041,La Arrolladora Banda El Limón De Rene Camacho,Más Adelante
144044,La Arrolladora Banda El Limón De Rene Camacho,Calidad Y Cantidad
144045,La Arrolladora Banda El Limón De Rene Camacho,Aquí Hay Para Llevar
144049,Jordy Searcy,Dark in the City
144050,Stuart Earl,Persuasion (Soundtrack from the Netflix Film)
144053,Luther Vandross,Never Too Much
144054,Jackie Wilson,He's So Fine
144094,Adam Levine,V - Deluxe
144201,Lennie Niehaus,Unforgiven
144281,Juno Francis,Sunday Morning
144282,KAYTRANADA,99.9%
144283,Kyle Watson,Pick Me Up
144459,Ricchi E Poveri,...E Penso A Te
144697,Vampire Weekend,Only God Was Above Us
145118,Tom Petty and the Heartbreakers,Tom Petty And The Heatbreakers
145152,Paul McCartney,One Hand Clapping
145280,Redbone,The Best Of Redbone
145316,Giacomo Puccini,''O mio babbino caro''
145326,Zerb,SURRENDER
145459,Britney Spears,In The Zone
145479,Outkast,Speakerboxxx/The Love Below
145480,Alun Armstrong,Les Misérables (Original 1985 London Cast Recording)
145481,Ashley Artus,Les Misérables Live! (2010 London Cast Recording)
145482,Colm Wilkinson,Les Misérables (Original 1985 London Cast Recording)
145483,Patti LuPone,Les Misérables (Original 1985 London Cast Recording)
145517,Marianne Faithfull,Broken English
145534,Johnny Nash,I Can See Clearly Now
145537,Canned Heat,On the Road Again
145538,Fleetwood Mac,The Blue Horizon Story 1965 - 1970 Vol.1
145540,Aretha Franklin,Aretha Now
145543,David Bowie,Scary Monsters (And Super Creeps)
145594,Kany García,Contra el Viento
145596,Gepe,Timidez (feat. Natalia Lafourcade)
145597,Esteman,Caótica Belleza
145599,Natalia Lafourcade,"Musas (Un Homenaje al Folclore Latinoamericano en Manos de Los Macorinos, Vol. 1)"
145600,Camille,Ratatouille
145602,Les Petits Parisians,Valse de la Rose
145603,Marc & Friends,Forêt de Hêtres
145604,George Laffitte,La Javanaise
145605,Les Sales Gosses,La Vie En Rose
145606,Chansons d´Accordeon,Nature Boy
145607,Carré Bleu,Les feuilles mortes
145631,The Killers,Bright Lights
145726,Joaquin Sabina y Viceversa,Juez Y Parte
145735,Mecano,Entre el Cielo y el Suelo
145739,Fito y Fitipaldis,Lo mas lejos a tu lado
145868,Guy Clark,The Essential Guy Clark
145899,Paul McCartney,Flaming Pie
145950,The Chainsmokers,Memories...Do Not Open
146001,Otxhello,Depression
146058,Electric Light Orchestra,A New World Record
146185,The Nude Party,Midnight Manor
146463,Sabrina Carpenter,Espresso
146464,MoBlack,Yamore
146465,Hardsoul,Back Together (feat. Ron Carroll)
146466,Satin Jackets,Solar Nights
146467,Drake,"Honestly, Nevermind"
146468,Calvin Harris,"Stay With Me (with Justin Timberlake, Halsey, & Pharrell)"
146469,Hercules & Love Affair,Blind
146470,Satin Jackets,Take It From Me
146471,Blaze,Most Precious Love
146473,Parcels,Tieduprightnow
146474,Miami Horror,All Possible Futures
146475,Paco Versailles,Dancemenco
146476,Bomba Estéreo,Amanecer
146477,LANY,ILYSB (Ferdinand Weber Remix)
146478,Sure Sure,Sure Sure
146481,Satin Jackets,I'm With It
146482,Bee Gees,More Than A Woman
146485,Bruno Borlone,Blanco Bootleg
146486,Poolside,Low Season
146488,Ministry Of Funk,Soul Grooves II
146491,KVSH,Be Someone (feat. Ray X Ben)
146493,La Garfield,Todo Lo Rico
146495,Belanova,Cocktail
146496,Poolside,Pacific Standard Time
146499,Polo & Pan,Cyclorama
146500,Poolside,Heat
146501,Lizzo,About Damn Time
146503,Miami Horror,Leila
146504,Simply Red,Sunrise European Single
146506,Jungle,Loving In Stereo
146508,Sex on Toast,"Oh, Loretta!"
146511,Phony Ppl,Fkn Around (feat. Megan Thee Stallion)
146513,Bleu Toucan,Origami
146515,Los Amigos Invisibles,El Paradise
146518,Satin Jackets,Northern Lights
146564,WEISS,Feel My Needs (Purple Disco Machine Remix)
146565,NEIL FRANCES,Music Sounds Better with You
146566,Karnaval Blues,Forget
146569,Omah Lay,Attention (with Justin Bieber)
146570,Satin Jackets,Move On
146589,TheDjLawyer,Sad Girls
146693,Natanael Cano,Madonna
146705,Peso Pluma,GÉNESIS
146706,Peso Pluma,ÉXODO
146727,Boza,Orion
146728,KAROL G,Si Antes Te Hubiera Conocido
146735,Into New Dimensions,Into New Dimensions
146737,J.M. Black,"France chébran: French Boogie (1982 - 1989), Vol. 2"
146742,The Mike De León Band,Elegante!
146749,Bo Boss,Tequila
146756,Juan Gabriel,Eternamente...
146757,Juan Gabriel,La Frontera
146758,Juan Gabriel,Celebrando 25 Años De Juan Gabriel En El Palacio De Bellas Artes
146759,Juan Gabriel,En el Palacio de Bellas Artes
146763,Juan Gabriel,Con El Mariachi Vargas De Tecalitlan (with El Mariachi Vargas de Tecalitlán)
146764,Juan Gabriel,Los Dúo 2
146768,Juan Gabriel,50 Años de Ser el Divo de Juárez
146769,Juan Gabriel,Con Tu Amor
146770,Juan Gabriel,Juan Gabriel el Alma Joven Vol. III
146771,Juan Gabriel,Con Mariachi Vol.2 (with El Mariachi México '70 de Pepe López)
146825,Gordon Lightfoot,Summertime Dream
146920,Jason Aldean,My Kinda Party
146921,ERNEST,FLOWER SHOPS (THE ALBUM)
146922,Darius Rucker,True Believers
146923,Post Malone,I Had Some Help
146925,Elle King,Drunk (And I Don't Wanna Go Home)
146926,Rascal Flatts,Me And My Gang
146927,Dasha,What Happens Now?
146928,Shaboozey,A Bar Song (Tipsy)
146929,The Chicks,Wide Open Spaces
146931,Shania Twain,The Woman In Me
146932,Keith Urban,Golden Road
146933,Kelsea Ballerini,hole in the bottle (with Shania Twain)
146934,Brooks & Dunn,#1s ... and then some
146935,Chris Stapleton,White Horse
146936,Maddie & Tae,Woman You Got
146937,Alan Jackson,A Lot About Livin' (And A Little 'Bout Love)
146938,Keith Urban,One Too Many
146940,Luke Bryan,Tailgates & Tanlines
147150,Ennio Morricone,Love Themes
147279,Rush,A Farewell To Kings
147282,Rush,Fly By Night
147284,Rush,Signals
147392,Zedd,Automatic Yes (feat. John Mayer)
147529,The Kinks,"Lola Versus Powerman and the Moneygoround, Pt. One + Percy"
147831,Elvis Presley,MEMPHIS
147914,Dr. Dre,The Chronic
147916,Dr. Dre,2001
147922,Ice Cube,The Predator
147928,Eminem,The Slim Shady LP
147934,Eminem,Encore
147936,Eminem,Houdini
147939,Akon,Konvicted
147941,Eminem,Music To Be Murdered By
147942,Eminem,Just Lose It
147943,Eminem,The Death of Slim Shady (Coup De Grâce)
147951,JAY-Z,Numb / Encore: MTV Ultimate Mash-Ups Presents Collision Course
147952,Miley Cyrus,The Time Of Our Lives
147953,Mario,Turning Point
147984,2Pac,Greatest Hits
147985,Nas,Illmatic
147987,A Tribe Called Quest,The Low End Theory
147988,Public Enemy,It Takes A Nation Of Millions To Hold Us Back
147992,The Notorious B.I.G.,Ready to Die
148017,Gnarls Barkley,The Odd Couple
148030,Ice Cube,War & Peace Vol. 2 (The Peace Disc)
148032,Drake,Take Care
148033,Chance the Rapper,Acid Rap
148042,Chance the Rapper,Acid Rap (10th Anniversary - Complete Edition)
148051,Kendrick Lamar,Not Like Us
148052,Kendrick Lamar,To Pimp A Butterfly
148071,Kendrick Lamar,"good kid, m.A.A.d city"
148093,Beastie Boys,Paul's Boutique
148096,Beastie Boys,Licensed To Ill
148104,Beastie Boys,Ill Communication
148109,A Tribe Called Quest,People's Instinctive Travels and the Paths of Rhythm (25th Anniversary Edition)
148129,Kendrick Lamar,Black Panther The Album Music From And Inspired By
148131,Future,WE DON'T TRUST YOU
148136,Kendrick Lamar,euphoria
148211,Drake,So Far Gone
148225,Snoop Dogg,R&G (Rhythm & Gangsta): The Masterpiece
148236,Kanye West,808s & Heartbreak
148239,Keri Hilson,In A Perfect World...
148241,Kanye West,ye
148304,"""Weird Al"" Yankovic",Poodle Hat
148320,Joe Tex,Greatest Hits
148327,Kendrick Lamar,i
148410,Maino,If Tomorrow Comes...
148412,"Tyler, The Creator",CHROMAKOPIA
148438,Smith,A Group Called Smith
148654,Maluma,Don Juan
148670,Supergrass,I Should Coco (20th Anniversary Collector's Edition)
148917,The Mamas & The Papas,All The Leaves Are Brown The Golden Era Collection
148992,Yusef Lateef,The Blue Yusef Lateef
148995,Quinteto Ternura,Quinteto Ternura
149004,落日飛車 Sunset Rollercoaster,CASSA NOVA
149013,Toulouse,The Best of Toulouse
149026,War,Anthology 1970-1974
149029,The Lijadu Sisters,Horizon Unlimited
149062,Twiddle,Plump (Chapters 1 & 2)
149063,Mix Factor,Fresh Hits - 2014 - Vol. 17
149064,Cayucas,Dancing at the Blue Lagoon
149068,Miniature Tigers,Mia Pharaoh
149069,Ofenbach,Katchi (Ofenbach vs. Nick Waterhouse)
149070,Sublime,40oz. To Freedom
149071,Olympic Ayres,Control
149073,Noah And The Whale,"Peaceful, The World Lays Me Down"
149075,Ziggy Marley,Reggae Classics
149076,Bob Marley & The Wailers,Exodus 40
149077,Israel Kamakawiwo'ole,Facing Future
149079,Michael Franti & Spearhead,All Rebel Rockers
149081,Willie Wright,Telling The Truth
149082,Dave Matthews Band,Live At Wrigley Field
149084,Mi Casa,Mi Casa
149085,Phish,Lawn Boy
149222,Wham!,LAST CHRISTMAS
149223,Ariana Grande,Santa Tell Me
149224,Laufey,Spotify Singles Holiday
149226,Kelly Clarkson,Wrapped In Red
149229,Sia,Everyday Is Christmas
149230,Mark Ambor,Run Rudolph Run - Spotify Singles Holiday
149231,The Ronettes,A Christmas Gift For You From Phil Spector
149233,John Williams,Home Alone (Original Motion Picture Soundtrack)
149234,Kesha,Holiday Road - Spotify Singles Holiday
149235,Darlene Love,"Christmas (Baby, Please Come Home)"
149241,The Pogues,Fairytale of New York (feat. Kirsty MacColl)
149242,Dasha,Driving Home for Christmas - Spotify Singles Holiday
149243,Bing Crosby,White Christmas
149244,Eagles,Please Come Home for Christmas / Funky New Year
149246,Gwen Stefani,You Make It Feel Like Christmas
149250,Demi Lovato,Spotify Singles - Holiday
149325,Leona Lewis,"Christmas, With Love"
149327,*NSYNC,Home For Christmas
149329,Dolly Parton,Once Upon A Christmas
149330,Ed Sheeran,Merry Christmas
149331,Pentatonix,The Greatest Christmas Hits
149335,Shakin' Stevens,Merry Christmas Everyone
149338,Ariana Grande,Christmas Kisses
149339,Kendrick Lamar,GNX
149379,Frank Sinatra,Classic Songs
149385,Johnny Cash,The Christmas Spirit
149462,Norah Jones,Spotify Singles - Holiday
149463,Samara Joy,Have Yourself A Merry Little Christmas
149465,Little Branch Trio,It's Beginning to Look a Lot Like Christmas
149466,Belleville,Meet Me Under the Mistletoe
149467,Owen Rochester Jazz,All I Want for Christmas Is You
149469,Gillian Spencer Trio,Here Comes Santa Claus
149471,Caity Gyorgy,Perfect Time of Year
149472,Stella Cole,Snow!
149473,Gregory Porter,Everything’s Not Lost
149474,Louis Armstrong,Louis Wishes You a Cool Yule
149475,Samara Joy,Warm In December
149477,Little Branch Trio,It's The Most Wonderful Time Of The Year
149478,Chris Memento,Santa´s Way Back Home
149479,Tyler Yarema,Tis the Season to Be Jazzy
149480,Sydney Taylor Band,I Saw Mommy Kissing Santa Claus
149481,Armel Dupas Trio,Winter Wonderland
149482,Doris Day,Personal Christmas Collection
149483,Norah Jones,Christmas With You
149484,Kyle Mendes Jazz Trio,I'll Be Home For Christmas
149485,Dinah Washington,The Complete Dinah Washington On Mercury Vol. 6 (1958-1960)
149486,Smiley Stevens,Christmas Jazz
149488,Dan Evans-Parker,Christmas Time
149490,Rudy Snow,Feliz Navidad
149620,Ultra Band,Essência Feminina Internacional
149738,Jesse Welles,Hells Welles
149739,Jesse Welles,Patchwork
149743,Roger Miller,Oo-De-Lally
149744,Roger Miller,King Of The Road
149746,Roger Miller,Super Hits
